rel_path,ext,format,subtype,channels,sample_rate,duration_sec,file_size_bytes,source_domain
Ghana_immigration_service_vs_mpentuase (1).wav,wav,WAV,PCM_16,2,48000,10,1920044,unknown
Ghana_immigration_service_vs_mpentuase (10).wav,wav,WAV,PCM_16,2,48000,10,1920044,unknown
Ghana_immigration_service_vs_mpentuase (100).wav,wav,WAV,PCM_16,2,48000,10,1920044,unknown
Ghana_immigration_service_vs_mpentuase (101).wav,wav,WAV,PCM_16,2,48000,10,1920044,unknown
Ghana_immigration_service_vs_mpentuase (102).wav,wav,WAV,PCM_16,2,48000,10,1920044,unknown
Ghana_immigration_service_vs_mpentuase (103).wav,wav,WAV,PCM_16,2,48000,10,1920044,unknown
Ghana_immigration_service_vs_mpentuase (104).wav,wav,WAV,PCM_16,2,48000,10,1920044,unknown
Ghana_immigration_service_vs_mpentuase (105).wav,wav,WAV,PCM_16,2,48000,10,1920044,unknown
Ghana_immigration_service_vs_mpentuase (106).wav,wav,WAV,PCM_16,2,48000,10,1920044,unknown
Ghana_immigration_service_vs_mpentuase (107).wav,wav,WAV,PCM_16,2,48000,10,1920044,unknown
Ghana_immigration_service_vs_mpentuase (11).wav,wav,WAV,PCM_16,2,48000,10,1920044,unknown
Ghana_immigration_service_vs_mpentuase (12).wav,wav,WAV,PCM_16,2,48000,10,1920044,unknown
Ghana_immigration_service_vs_mpentuase (13).wav,wav,WAV,PCM_16,2,48000,10,1920044,unknown
Ghana_immigration_service_vs_mpentuase (14).wav,wav,WAV,PCM_16,2,48000,10,1920044,unknown
Ghana_immigration_service_vs_mpentuase (15).wav,wav,WAV,PCM_16,2,48000,10,1920044,unknown
Ghana_immigration_service_vs_mpentuase (16).wav,wav,WAV,PCM_16,2,48000,10,1920044,unknown
Ghana_immigration_service_vs_mpentuase (17).wav,wav,WAV,PCM_16,2,48000,10,1920044,unknown
Ghana_immigration_service_vs_mpentuase (18).wav,wav,WAV,PCM_16,2,48000,10,1920044,unknown
Ghana_immigration_service_vs_mpentuase (19).wav,wav,WAV,PCM_16,2,48000,10,1920044,unknown
Ghana_immigration_service_vs_mpentuase (2).wav,wav,WAV,PCM_16,2,48000,10,1920044,unknown
Ghana_immigration_service_vs_mpentuase (20).wav,wav,WAV,PCM_16,2,48000,10,1920044,unknown
Ghana_immigration_service_vs_mpentuase (21).wav,wav,WAV,PCM_16,2,48000,10,1920044,unknown
Ghana_immigration_service_vs_mpentuase (22).wav,wav,WAV,PCM_16,2,48000,10,1920044,unknown
Ghana_immigration_service_vs_mpentuase (23).wav,wav,WAV,PCM_16,2,48000,10,1920044,unknown
Ghana_immigration_service_vs_mpentuase (24).wav,wav,WAV,PCM_16,2,48000,10,1920044,unknown
Ghana_immigration_service_vs_mpentuase (25).wav,wav,WAV,PCM_16,2,48000,8.373,1607660,unknown
Ghana_immigration_service_vs_mpentuase (26).wav,wav,WAV,PCM_16,2,48000,10,1920044,unknown
Ghana_immigration_service_vs_mpentuase (27).wav,wav,WAV,PCM_16,2,48000,10,1920044,unknown
Ghana_immigration_service_vs_mpentuase (28).wav,wav,WAV,PCM_16,2,48000,10,1920044,unknown
Ghana_immigration_service_vs_mpentuase (29).wav,wav,WAV,PCM_16,2,48000,10,1920044,unknown
Ghana_immigration_service_vs_mpentuase (3).wav,wav,WAV,PCM_16,2,48000,10,1920044,unknown
Ghana_immigration_service_vs_mpentuase (30).wav,wav,WAV,PCM_16,2,48000,10,1920044,unknown
Ghana_immigration_service_vs_mpentuase (31).wav,wav,WAV,PCM_16,2,48000,10,1920044,unknown
Ghana_immigration_service_vs_mpentuase (32).wav,wav,WAV,PCM_16,2,48000,10,1920044,unknown
Ghana_immigration_service_vs_mpentuase (33).wav,wav,WAV,PCM_16,2,48000,10,1920044,unknown
Ghana_immigration_service_vs_mpentuase (34).wav,wav,WAV,PCM_16,2,48000,10,1920044,unknown
Ghana_immigration_service_vs_mpentuase (35).wav,wav,WAV,PCM_16,2,48000,10,1920044,unknown
Ghana_immigration_service_vs_mpentuase (36).wav,wav,WAV,PCM_16,2,48000,10,1920044,unknown
Ghana_immigration_service_vs_mpentuase (37).wav,wav,WAV,PCM_16,2,48000,10,1920044,unknown
Ghana_immigration_service_vs_mpentuase (38).wav,wav,WAV,PCM_16,2,48000,10,1920044,unknown
Ghana_immigration_service_vs_mpentuase (39).wav,wav,WAV,PCM_16,2,48000,10,1920044,unknown
Ghana_immigration_service_vs_mpentuase (4).wav,wav,WAV,PCM_16,2,48000,10,1920044,unknown
Ghana_immigration_service_vs_mpentuase (40).wav,wav,WAV,PCM_16,2,48000,10,1920044,unknown
Ghana_immigration_service_vs_mpentuase (41).wav,wav,WAV,PCM_16,2,48000,10,1920044,unknown
Ghana_immigration_service_vs_mpentuase (42).wav,wav,WAV,PCM_16,2,48000,10,1920044,unknown
Ghana_immigration_service_vs_mpentuase (43).wav,wav,WAV,PCM_16,2,48000,10,1920044,unknown
Ghana_immigration_service_vs_mpentuase (44).wav,wav,WAV,PCM_16,2,48000,10,1920044,unknown
Ghana_immigration_service_vs_mpentuase (45).wav,wav,WAV,PCM_16,2,48000,10,1920044,unknown
Ghana_immigration_service_vs_mpentuase (46).wav,wav,WAV,PCM_16,2,48000,10,1920044,unknown
Ghana_immigration_service_vs_mpentuase (47).wav,wav,WAV,PCM_16,2,48000,10,1920044,unknown
Ghana_immigration_service_vs_mpentuase (48).wav,wav,WAV,PCM_16,2,48000,10,1920044,unknown
Ghana_immigration_service_vs_mpentuase (49).wav,wav,WAV,PCM_16,2,48000,10,1920044,unknown
Ghana_immigration_service_vs_mpentuase (5).wav,wav,WAV,PCM_16,2,48000,10,1920044,unknown
Ghana_immigration_service_vs_mpentuase (50).wav,wav,WAV,PCM_16,2,48000,10,1920044,unknown
Ghana_immigration_service_vs_mpentuase (51).wav,wav,WAV,PCM_16,2,48000,10,1920044,unknown
Ghana_immigration_service_vs_mpentuase (52).wav,wav,WAV,PCM_16,2,48000,10,1920044,unknown
Ghana_immigration_service_vs_mpentuase (53).wav,wav,WAV,PCM_16,2,48000,10,1920044,unknown
Ghana_immigration_service_vs_mpentuase (54).wav,wav,WAV,PCM_16,2,48000,10,1920044,unknown
Ghana_immigration_service_vs_mpentuase (55).wav,wav,WAV,PCM_16,2,48000,10,1920044,unknown
Ghana_immigration_service_vs_mpentuase (56).wav,wav,WAV,PCM_16,2,48000,10,1920044,unknown
Ghana_immigration_service_vs_mpentuase (57).wav,wav,WAV,PCM_16,2,48000,10,1920044,unknown
Ghana_immigration_service_vs_mpentuase (58).wav,wav,WAV,PCM_16,2,48000,10,1920044,unknown
Ghana_immigration_service_vs_mpentuase (59).wav,wav,WAV,PCM_16,2,48000,10,1920044,unknown
Ghana_immigration_service_vs_mpentuase (6).wav,wav,WAV,PCM_16,2,48000,10,1920044,unknown
Ghana_immigration_service_vs_mpentuase (60).wav,wav,WAV,PCM_16,2,48000,10,1920044,unknown
Ghana_immigration_service_vs_mpentuase (61).wav,wav,WAV,PCM_16,2,48000,10,1920044,unknown
Ghana_immigration_service_vs_mpentuase (62).wav,wav,WAV,PCM_16,2,48000,10,1920044,unknown
Ghana_immigration_service_vs_mpentuase (63).wav,wav,WAV,PCM_16,2,48000,10,1920044,unknown
Ghana_immigration_service_vs_mpentuase (64).wav,wav,WAV,PCM_16,2,48000,10,1920044,unknown
Ghana_immigration_service_vs_mpentuase (65).wav,wav,WAV,PCM_16,2,48000,10,1920044,unknown
Ghana_immigration_service_vs_mpentuase (66).wav,wav,WAV,PCM_16,2,48000,10,1920044,unknown
Ghana_immigration_service_vs_mpentuase (67).wav,wav,WAV,PCM_16,2,48000,10,1920044,unknown
Ghana_immigration_service_vs_mpentuase (68).wav,wav,WAV,PCM_16,2,48000,10,1920044,unknown
Ghana_immigration_service_vs_mpentuase (69).wav,wav,WAV,PCM_16,2,48000,10,1920044,unknown
Ghana_immigration_service_vs_mpentuase (7).wav,wav,WAV,PCM_16,2,48000,10,1920044,unknown
Ghana_immigration_service_vs_mpentuase (70).wav,wav,WAV,PCM_16,2,48000,10,1920044,unknown
Ghana_immigration_service_vs_mpentuase (71).wav,wav,WAV,PCM_16,2,48000,10,1920044,unknown
Ghana_immigration_service_vs_mpentuase (72).wav,wav,WAV,PCM_16,2,48000,10,1920044,unknown
Ghana_immigration_service_vs_mpentuase (73).wav,wav,WAV,PCM_16,2,48000,10,1920044,unknown
Ghana_immigration_service_vs_mpentuase (74).wav,wav,WAV,PCM_16,2,48000,10,1920044,unknown
Ghana_immigration_service_vs_mpentuase (75).wav,wav,WAV,PCM_16,2,48000,10,1920044,unknown
Ghana_immigration_service_vs_mpentuase (76).wav,wav,WAV,PCM_16,2,48000,10,1920044,unknown
Ghana_immigration_service_vs_mpentuase (77).wav,wav,WAV,PCM_16,2,48000,10,1920044,unknown
Ghana_immigration_service_vs_mpentuase (78).wav,wav,WAV,PCM_16,2,48000,10,1920044,unknown
Ghana_immigration_service_vs_mpentuase (79).wav,wav,WAV,PCM_16,2,48000,10,1920044,unknown
Ghana_immigration_service_vs_mpentuase (8).wav,wav,WAV,PCM_16,2,48000,10,1920044,unknown
Ghana_immigration_service_vs_mpentuase (80).wav,wav,WAV,PCM_16,2,48000,10,1920044,unknown
Ghana_immigration_service_vs_mpentuase (81).wav,wav,WAV,PCM_16,2,48000,10,1920044,unknown
Ghana_immigration_service_vs_mpentuase (82).wav,wav,WAV,PCM_16,2,48000,10,1920044,unknown
Ghana_immigration_service_vs_mpentuase (83).wav,wav,WAV,PCM_16,2,48000,10,1920044,unknown
Ghana_immigration_service_vs_mpentuase (84).wav,wav,WAV,PCM_16,2,48000,10,1920044,unknown
Ghana_immigration_service_vs_mpentuase (85).wav,wav,WAV,PCM_16,2,48000,10,1920044,unknown
Ghana_immigration_service_vs_mpentuase (86).wav,wav,WAV,PCM_16,2,48000,10,1920044,unknown
Ghana_immigration_service_vs_mpentuase (87).wav,wav,WAV,PCM_16,2,48000,10,1920044,unknown
Ghana_immigration_service_vs_mpentuase (88).wav,wav,WAV,PCM_16,2,48000,10,1920044,unknown
Ghana_immigration_service_vs_mpentuase (89).wav,wav,WAV,PCM_16,2,48000,10,1920044,unknown
Ghana_immigration_service_vs_mpentuase (9).wav,wav,WAV,PCM_16,2,48000,10,1920044,unknown
Ghana_immigration_service_vs_mpentuase (90).wav,wav,WAV,PCM_16,2,48000,10,1920044,unknown
Ghana_immigration_service_vs_mpentuase (91).wav,wav,WAV,PCM_16,2,48000,10,1920044,unknown
Ghana_immigration_service_vs_mpentuase (92).wav,wav,WAV,PCM_16,2,48000,10,1920044,unknown
Ghana_immigration_service_vs_mpentuase (93).wav,wav,WAV,PCM_16,2,48000,10,1920044,unknown
Ghana_immigration_service_vs_mpentuase (94).wav,wav,WAV,PCM_16,2,48000,10,1920044,unknown
Ghana_immigration_service_vs_mpentuase (95).wav,wav,WAV,PCM_16,2,48000,10,1920044,unknown
Ghana_immigration_service_vs_mpentuase (96).wav,wav,WAV,PCM_16,2,48000,10,1920044,unknown
Ghana_immigration_service_vs_mpentuase (97).wav,wav,WAV,PCM_16,2,48000,10,1920044,unknown
Ghana_immigration_service_vs_mpentuase (98).wav,wav,WAV,PCM_16,2,48000,10,1920044,unknown
Ghana_immigration_service_vs_mpentuase (99).wav,wav,WAV,PCM_16,2,48000,10,1920044,unknown
Gyaase_Meeting_2nd_April_2024 (1).wav,wav,WAV,PCM_16,2,44100,10,1764044,unknown
Gyaase_Meeting_2nd_April_2024 (10).wav,wav,WAV,PCM_16,2,44100,10,1764044,unknown
Gyaase_Meeting_2nd_April_2024 (100).wav,wav,WAV,PCM_16,2,44100,10,1764044,unknown
Gyaase_Meeting_2nd_April_2024 (1000).wav,wav,WAV,PCM_16,2,44100,10,1764044,unknown
Gyaase_Meeting_2nd_April_2024 (1001).wav,wav,WAV,PCM_16,2,44100,10,1764044,unknown
Gyaase_Meeting_2nd_April_2024 (1002).wav,wav,WAV,PCM_16,2,44100,10,1764044,unknown
Gyaase_Meeting_2nd_April_2024 (1003).wav,wav,WAV,PCM_16,2,44100,10,1764044,unknown
Gyaase_Meeting_2nd_April_2024 (1004).wav,wav,WAV,PCM_16,2,44100,10,1764044,unknown
Gyaase_Meeting_2nd_April_2024 (1005).wav,wav,WAV,PCM_16,2,44100,10,1764044,unknown
Gyaase_Meeting_2nd_April_2024 (1006).wav,wav,WAV,PCM_16,2,44100,10,1764044,unknown
Gyaase_Meeting_2nd_April_2024 (1007).wav,wav,WAV,PCM_16,2,44100,10,1764044,unknown
Gyaase_Meeting_2nd_April_2024 (1008).wav,wav,WAV,PCM_16,2,44100,10,1764044,unknown
Gyaase_Meeting_2nd_April_2024 (1009).wav,wav,WAV,PCM_16,2,44100,10,1764044,unknown
Gyaase_Meeting_2nd_April_2024 (101).wav,wav,WAV,PCM_16,2,44100,10,1764044,unknown
Gyaase_Meeting_2nd_April_2024 (1010).wav,wav,WAV,PCM_16,2,44100,10,1764044,unknown
Gyaase_Meeting_2nd_April_2024 (1011).wav,wav,WAV,PCM_16,2,44100,10,1764044,unknown
Gyaase_Meeting_2nd_April_2024 (1012).wav,wav,WAV,PCM_16,2,44100,10,1764044,unknown
Gyaase_Meeting_2nd_April_2024 (1013).wav,wav,WAV,PCM_16,2,44100,10,1764044,unknown
Gyaase_Meeting_2nd_April_2024 (1014).wav,wav,WAV,PCM_16,2,44100,10,1764044,unknown
Gyaase_Meeting_2nd_April_2024 (1015).wav,wav,WAV,PCM_16,2,44100,10,1764044,unknown
Gyaase_Meeting_2nd_April_2024 (1016).wav,wav,WAV,PCM_16,2,44100,10,1764044,unknown
Gyaase_Meeting_2nd_April_2024 (1017).wav,wav,WAV,PCM_16,2,44100,10,1764044,unknown
Gyaase_Meeting_2nd_April_2024 (1018).wav,wav,WAV,PCM_16,2,44100,10,1764044,unknown
Gyaase_Meeting_2nd_April_2024 (1019).wav,wav,WAV,PCM_16,2,44100,10,1764044,unknown
Gyaase_Meeting_2nd_April_2024 (102).wav,wav,WAV,PCM_16,2,44100,10,1764044,unknown
Gyaase_Meeting_2nd_April_2024 (1020).wav,wav,WAV,PCM_16,2,44100,10,1764044,unknown
Gyaase_Meeting_2nd_April_2024 (1021).wav,wav,WAV,PCM_16,2,44100,10,1764044,unknown
Gyaase_Meeting_2nd_April_2024 (1022).wav,wav,WAV,PCM_16,2,44100,10,1764044,unknown
Gyaase_Meeting_2nd_April_2024 (1023).wav,wav,WAV,PCM_16,2,44100,10,1764044,unknown
Gyaase_Meeting_2nd_April_2024 (1024).wav,wav,WAV,PCM_16,2,44100,10,1764044,unknown
Gyaase_Meeting_2nd_April_2024 (1025).wav,wav,WAV,PCM_16,2,44100,10,1764044,unknown
Gyaase_Meeting_2nd_April_2024 (1026).wav,wav,WAV,PCM_16,2,44100,10,1764044,unknown
Gyaase_Meeting_2nd_April_2024 (1027).wav,wav,WAV,PCM_16,2,44100,10,1764044,unknown
Gyaase_Meeting_2nd_April_2024 (1028).wav,wav,WAV,PCM_16,2,44100,10,1764044,unknown
Gyaase_Meeting_2nd_April_2024 (1029).wav,wav,WAV,PCM_16,2,44100,10,1764044,unknown
Gyaase_Meeting_2nd_April_2024 (103).wav,wav,WAV,PCM_16,2,44100,10,1764044,unknown
Gyaase_Meeting_2nd_April_2024 (1030).wav,wav,WAV,PCM_16,2,44100,10,1764044,unknown
Gyaase_Meeting_2nd_April_2024 (1031).wav,wav,WAV,PCM_16,2,44100,10,1764044,unknown
Gyaase_Meeting_2nd_April_2024 (1032).wav,wav,WAV,PCM_16,2,44100,10,1764044,unknown
Gyaase_Meeting_2nd_April_2024 (1033).wav,wav,WAV,PCM_16,2,44100,10,1764044,unknown
Gyaase_Meeting_2nd_April_2024 (1034).wav,wav,WAV,PCM_16,2,44100,10,1764044,unknown
Gyaase_Meeting_2nd_April_2024 (1035).wav,wav,WAV,PCM_16,2,44100,10,1764044,unknown
Gyaase_Meeting_2nd_April_2024 (1036).wav,wav,WAV,PCM_16,2,44100,10,1764044,unknown
Gyaase_Meeting_2nd_April_2024 (1037).wav,wav,WAV,PCM_16,2,44100,10,1764044,unknown
Gyaase_Meeting_2nd_April_2024 (1038).wav,wav,WAV,PCM_16,2,44100,10,1764044,unknown
Gyaase_Meeting_2nd_April_2024 (1039).wav,wav,WAV,PCM_16,2,44100,10,1764044,unknown
Gyaase_Meeting_2nd_April_2024 (104).wav,wav,WAV,PCM_16,2,44100,10,1764044,unknown
Gyaase_Meeting_2nd_April_2024 (1040).wav,wav,WAV,PCM_16,2,44100,10,1764044,unknown
Gyaase_Meeting_2nd_April_2024 (1041).wav,wav,WAV,PCM_16,2,44100,10,1764044,unknown
Gyaase_Meeting_2nd_April_2024 (1042).wav,wav,WAV,PCM_16,2,44100,10,1764044,unknown
Gyaase_Meeting_2nd_April_2024 (1043).wav,wav,WAV,PCM_16,2,44100,10,1764044,unknown
Gyaase_Meeting_2nd_April_2024 (1044).wav,wav,WAV,PCM_16,2,44100,10,1764044,unknown
Gyaase_Meeting_2nd_April_2024 (1045).wav,wav,WAV,PCM_16,2,44100,10,1764044,unknown
Gyaase_Meeting_2nd_April_2024 (1046).wav,wav,WAV,PCM_16,2,44100,10,1764044,unknown
Gyaase_Meeting_2nd_April_2024 (1047).wav,wav,WAV,PCM_16,2,44100,10,1764044,unknown
Gyaase_Meeting_2nd_April_2024 (1048).wav,wav,WAV,PCM_16,2,44100,10,1764044,unknown
Gyaase_Meeting_2nd_April_2024 (1049).wav,wav,WAV,PCM_16,2,44100,10,1764044,unknown
Gyaase_Meeting_2nd_April_2024 (105).wav,wav,WAV,PCM_16,2,44100,10,1764044,unknown
Gyaase_Meeting_2nd_April_2024 (1050).wav,wav,WAV,PCM_16,2,44100,10,1764044,unknown
Gyaase_Meeting_2nd_April_2024 (1051).wav,wav,WAV,PCM_16,2,44100,10,1764044,unknown
Gyaase_Meeting_2nd_April_2024 (1052).wav,wav,WAV,PCM_16,2,44100,10,1764044,unknown
Gyaase_Meeting_2nd_April_2024 (1053).wav,wav,WAV,PCM_16,2,44100,10,1764044,unknown
Gyaase_Meeting_2nd_April_2024 (1054).wav,wav,WAV,PCM_16,2,44100,10,1764044,unknown
Gyaase_Meeting_2nd_April_2024 (1055).wav,wav,WAV,PCM_16,2,44100,10,1764044,unknown
Gyaase_Meeting_2nd_April_2024 (1056).wav,wav,WAV,PCM_16,2,44100,10,1764044,unknown
Gyaase_Meeting_2nd_April_2024 (1057).wav,wav,WAV,PCM_16,2,44100,10,1764044,unknown
Gyaase_Meeting_2nd_April_2024 (1058).wav,wav,WAV,PCM_16,2,44100,10,1764044,unknown
Gyaase_Meeting_2nd_April_2024 (1059).wav,wav,WAV,PCM_16,2,44100,10,1764044,unknown
Gyaase_Meeting_2nd_April_2024 (106).wav,wav,WAV,PCM_16,2,44100,10,1764044,unknown
Gyaase_Meeting_2nd_April_2024 (1060).wav,wav,WAV,PCM_16,2,44100,10,1764044,unknown
Gyaase_Meeting_2nd_April_2024 (1061).wav,wav,WAV,PCM_16,2,44100,10,1764044,unknown
Gyaase_Meeting_2nd_April_2024 (1062).wav,wav,WAV,PCM_16,2,44100,10,1764044,unknown
Gyaase_Meeting_2nd_April_2024 (1063).wav,wav,WAV,PCM_16,2,44100,10,1764044,unknown
Gyaase_Meeting_2nd_April_2024 (1064).wav,wav,WAV,PCM_16,2,44100,10,1764044,unknown
Gyaase_Meeting_2nd_April_2024 (1065).wav,wav,WAV,PCM_16,2,44100,10,1764044,unknown
Gyaase_Meeting_2nd_April_2024 (1066).wav,wav,WAV,PCM_16,2,44100,10,1764044,unknown
Gyaase_Meeting_2nd_April_2024 (1067).wav,wav,WAV,PCM_16,2,44100,10,1764044,unknown
Gyaase_Meeting_2nd_April_2024 (1068).wav,wav,WAV,PCM_16,2,44100,10,1764044,unknown
Gyaase_Meeting_2nd_April_2024 (1069).wav,wav,WAV,PCM_16,2,44100,10,1764044,unknown
Gyaase_Meeting_2nd_April_2024 (107).wav,wav,WAV,PCM_16,2,44100,10,1764044,unknown
Gyaase_Meeting_2nd_April_2024 (1070).wav,wav,WAV,PCM_16,2,44100,10,1764044,unknown
Gyaase_Meeting_2nd_April_2024 (1071).wav,wav,WAV,PCM_16,2,44100,10,1764044,unknown
Gyaase_Meeting_2nd_April_2024 (1072).wav,wav,WAV,PCM_16,2,44100,10,1764044,unknown
Gyaase_Meeting_2nd_April_2024 (1073).wav,wav,WAV,PCM_16,2,44100,10,1764044,unknown
Gyaase_Meeting_2nd_April_2024 (1074).wav,wav,WAV,PCM_16,2,44100,10,1764044,unknown
Gyaase_Meeting_2nd_April_2024 (1075).wav,wav,WAV,PCM_16,2,44100,10,1764044,unknown
Gyaase_Meeting_2nd_April_2024 (1076).wav,wav,WAV,PCM_16,2,44100,10,1764044,unknown
Gyaase_Meeting_2nd_April_2024 (1077).wav,wav,WAV,PCM_16,2,44100,10,1764044,unknown
Gyaase_Meeting_2nd_April_2024 (1078).wav,wav,WAV,PCM_16,2,44100,10,1764044,unknown
Gyaase_Meeting_2nd_April_2024 (1079).wav,wav,WAV,PCM_16,2,44100,10,1764044,unknown
Gyaase_Meeting_2nd_April_2024 (108).wav,wav,WAV,PCM_16,2,44100,10,1764044,unknown
Gyaase_Meeting_2nd_April_2024 (1080).wav,wav,WAV,PCM_16,2,44100,10,1764044,unknown
Gyaase_Meeting_2nd_April_2024 (1081).wav,wav,WAV,PCM_16,2,44100,10,1764044,unknown
Gyaase_Meeting_2nd_April_2024 (1082).wav,wav,WAV,PCM_16,2,44100,10,1764044,unknown
Gyaase_Meeting_2nd_April_2024 (1083).wav,wav,WAV,PCM_16,2,44100,10,1764044,unknown
Gyaase_Meeting_2nd_April_2024 (1084).wav,wav,WAV,PCM_16,2,44100,10,1764044,unknown
Gyaase_Meeting_2nd_April_2024 (1085).wav,wav,WAV,PCM_16,2,44100,10,1764044,unknown
Gyaase_Meeting_2nd_April_2024 (1086).wav,wav,WAV,PCM_16,2,44100,10,1764044,unknown
Gyaase_Meeting_2nd_April_2024 (1087).wav,wav,WAV,PCM_16,2,44100,10,1764044,unknown
Gyaase_Meeting_2nd_April_2024 (1088).wav,wav,WAV,PCM_16,2,44100,10,1764044,unknown
Gyaase_Meeting_2nd_April_2024 (1089).wav,wav,WAV,PCM_16,2,44100,10,1764044,unknown
Gyaase_Meeting_2nd_April_2024 (109).wav,wav,WAV,PCM_16,2,44100,10,1764044,unknown
Gyaase_Meeting_2nd_April_2024 (1090).wav,wav,WAV,PCM_16,2,44100,10,1764044,unknown
Gyaase_Meeting_2nd_April_2024 (1091).wav,wav,WAV,PCM_16,2,44100,10,1764044,unknown
Gyaase_Meeting_2nd_April_2024 (1092).wav,wav,WAV,PCM_16,2,44100,10,1764044,unknown
Gyaase_Meeting_2nd_April_2024 (1093).wav,wav,WAV,PCM_16,2,44100,10,1764044,unknown
Gyaase_Meeting_2nd_April_2024 (1094).wav,wav,WAV,PCM_16,2,44100,10,1764044,unknown
Gyaase_Meeting_2nd_April_2024 (1095).wav,wav,WAV,PCM_16,2,44100,10,1764044,unknown
Gyaase_Meeting_2nd_April_2024 (1096).wav,wav,WAV,PCM_16,2,44100,10,1764044,unknown
Gyaase_Meeting_2nd_April_2024 (1097).wav,wav,WAV,PCM_16,2,44100,10,1764044,unknown
Gyaase_Meeting_2nd_April_2024 (1098).wav,wav,WAV,PCM_16,2,44100,10,1764044,unknown
Gyaase_Meeting_2nd_April_2024 (1099).wav,wav,WAV,PCM_16,2,44100,10,1764044,unknown
Gyaase_Meeting_2nd_April_2024 (11).wav,wav,WAV,PCM_16,2,44100,10,1764044,unknown
Gyaase_Meeting_2nd_April_2024 (110).wav,wav,WAV,PCM_16,2,44100,10,1764044,unknown
Gyaase_Meeting_2nd_April_2024 (1100).wav,wav,WAV,PCM_16,2,44100,10,1764044,unknown
Gyaase_Meeting_2nd_April_2024 (1101).wav,wav,WAV,PCM_16,2,44100,10,1764044,unknown
Gyaase_Meeting_2nd_April_2024 (1102).wav,wav,WAV,PCM_16,2,44100,10,1764044,unknown
Gyaase_Meeting_2nd_April_2024 (1103).wav,wav,WAV,PCM_16,2,44100,10,1764044,unknown
Gyaase_Meeting_2nd_April_2024 (1104).wav,wav,WAV,PCM_16,2,44100,10,1764044,unknown
Gyaase_Meeting_2nd_April_2024 (1105).wav,wav,WAV,PCM_16,2,44100,10,1764044,unknown
Gyaase_Meeting_2nd_April_2024 (1106).wav,wav,WAV,PCM_16,2,44100,10,1764044,unknown
Gyaase_Meeting_2nd_April_2024 (1107).wav,wav,WAV,PCM_16,2,44100,10,1764044,unknown
Gyaase_Meeting_2nd_April_2024 (1108).wav,wav,WAV,PCM_16,2,44100,10,1764044,unknown
Gyaase_Meeting_2nd_April_2024 (1109).wav,wav,WAV,PCM_16,2,44100,10,1764044,unknown
Gyaase_Meeting_2nd_April_2024 (111).wav,wav,WAV,PCM_16,2,44100,10,1764044,unknown
Gyaase_Meeting_2nd_April_2024 (1110).wav,wav,WAV,PCM_16,2,44100,10,1764044,unknown
Gyaase_Meeting_2nd_April_2024 (1111).wav,wav,WAV,PCM_16,2,44100,10,1764044,unknown
Gyaase_Meeting_2nd_April_2024 (1112).wav,wav,WAV,PCM_16,2,44100,10,1764044,unknown
Gyaase_Meeting_2nd_April_2024 (1113).wav,wav,WAV,PCM_16,2,44100,10,1764044,unknown
Gyaase_Meeting_2nd_April_2024 (1114).wav,wav,WAV,PCM_16,2,44100,10,1764044,unknown
Gyaase_Meeting_2nd_April_2024 (1115).wav,wav,WAV,PCM_16,2,44100,10,1764044,unknown
Gyaase_Meeting_2nd_April_2024 (1116).wav,wav,WAV,PCM_16,2,44100,10,1764044,unknown
Gyaase_Meeting_2nd_April_2024 (1117).wav,wav,WAV,PCM_16,2,44100,10,1764044,unknown
Gyaase_Meeting_2nd_April_2024 (1118).wav,wav,WAV,PCM_16,2,44100,10,1764044,unknown
Gyaase_Meeting_2nd_April_2024 (1119).wav,wav,WAV,PCM_16,2,44100,10,1764044,unknown
Gyaase_Meeting_2nd_April_2024 (112).wav,wav,WAV,PCM_16,2,44100,10,1764044,unknown
Gyaase_Meeting_2nd_April_2024 (1120).wav,wav,WAV,PCM_16,2,44100,10,1764044,unknown
Gyaase_Meeting_2nd_April_2024 (1121).wav,wav,WAV,PCM_16,2,44100,10,1764044,unknown
Gyaase_Meeting_2nd_April_2024 (1122).wav,wav,WAV,PCM_16,2,44100,10,1764044,unknown
Gyaase_Meeting_2nd_April_2024 (1123).wav,wav,WAV,PCM_16,2,44100,10,1764044,unknown
Gyaase_Meeting_2nd_April_2024 (1124).wav,wav,WAV,PCM_16,2,44100,10,1764044,unknown
Gyaase_Meeting_2nd_April_2024 (1125).wav,wav,WAV,PCM_16,2,44100,10,1764044,unknown
Gyaase_Meeting_2nd_April_2024 (1126).wav,wav,WAV,PCM_16,2,44100,10,1764044,unknown
Gyaase_Meeting_2nd_April_2024 (1127).wav,wav,WAV,PCM_16,2,44100,10,1764044,unknown
Gyaase_Meeting_2nd_April_2024 (1128).wav,wav,WAV,PCM_16,2,44100,10,1764044,unknown
Gyaase_Meeting_2nd_April_2024 (1129).wav,wav,WAV,PCM_16,2,44100,10,1764044,unknown
Gyaase_Meeting_2nd_April_2024 (113).wav,wav,WAV,PCM_16,2,44100,10,1764044,unknown
Gyaase_Meeting_2nd_April_2024 (1130).wav,wav,WAV,PCM_16,2,44100,10,1764044,unknown
Gyaase_Meeting_2nd_April_2024 (1131).wav,wav,WAV,PCM_16,2,44100,10,1764044,unknown
Gyaase_Meeting_2nd_April_2024 (1132).wav,wav,WAV,PCM_16,2,44100,10,1764044,unknown
Gyaase_Meeting_2nd_April_2024 (1133).wav,wav,WAV,PCM_16,2,44100,10,1764044,unknown
Gyaase_Meeting_2nd_April_2024 (1134).wav,wav,WAV,PCM_16,2,44100,10,1764044,unknown
Gyaase_Meeting_2nd_April_2024 (1135).wav,wav,WAV,PCM_16,2,44100,10,1764044,unknown
Gyaase_Meeting_2nd_April_2024 (1136).wav,wav,WAV,PCM_16,2,44100,10,1764044,unknown
Gyaase_Meeting_2nd_April_2024 (1137).wav,wav,WAV,PCM_16,2,44100,10,1764044,unknown
Gyaase_Meeting_2nd_April_2024 (1138).wav,wav,WAV,PCM_16,2,44100,10,1764044,unknown
Gyaase_Meeting_2nd_April_2024 (1139).wav,wav,WAV,PCM_16,2,44100,10,1764044,unknown
Gyaase_Meeting_2nd_April_2024 (114).wav,wav,WAV,PCM_16,2,44100,10,1764044,unknown
Gyaase_Meeting_2nd_April_2024 (1140).wav,wav,WAV,PCM_16,2,44100,10,1764044,unknown
Gyaase_Meeting_2nd_April_2024 (1141).wav,wav,WAV,PCM_16,2,44100,10,1764044,unknown
Gyaase_Meeting_2nd_April_2024 (1142).wav,wav,WAV,PCM_16,2,44100,10,1764044,unknown
Gyaase_Meeting_2nd_April_2024 (1143).wav,wav,WAV,PCM_16,2,44100,10,1764044,unknown
Gyaase_Meeting_2nd_April_2024 (1144).wav,wav,WAV,PCM_16,2,44100,10,1764044,unknown
Gyaase_Meeting_2nd_April_2024 (1145).wav,wav,WAV,PCM_16,2,44100,10,1764044,unknown
Gyaase_Meeting_2nd_April_2024 (1146).wav,wav,WAV,PCM_16,2,44100,10,1764044,unknown
Gyaase_Meeting_2nd_April_2024 (1147).wav,wav,WAV,PCM_16,2,44100,10,1764044,unknown
Gyaase_Meeting_2nd_April_2024 (1148).wav,wav,WAV,PCM_16,2,44100,10,1764044,unknown
Gyaase_Meeting_2nd_April_2024 (1149).wav,wav,WAV,PCM_16,2,44100,10,1764044,unknown
Gyaase_Meeting_2nd_April_2024 (115).wav,wav,WAV,PCM_16,2,44100,10,1764044,unknown
Gyaase_Meeting_2nd_April_2024 (1150).wav,wav,WAV,PCM_16,2,44100,10,1764044,unknown
Gyaase_Meeting_2nd_April_2024 (1151).wav,wav,WAV,PCM_16,2,44100,10,1764044,unknown
Gyaase_Meeting_2nd_April_2024 (1152).wav,wav,WAV,PCM_16,2,44100,10,1764044,unknown
Gyaase_Meeting_2nd_April_2024 (1153).wav,wav,WAV,PCM_16,2,44100,10,1764044,unknown
Gyaase_Meeting_2nd_April_2024 (1154).wav,wav,WAV,PCM_16,2,44100,10,1764044,unknown
Gyaase_Meeting_2nd_April_2024 (1155).wav,wav,WAV,PCM_16,2,44100,10,1764044,unknown
Gyaase_Meeting_2nd_April_2024 (1156).wav,wav,WAV,PCM_16,2,44100,10,1764044,unknown
Gyaase_Meeting_2nd_April_2024 (1157).wav,wav,WAV,PCM_16,2,44100,10,1764044,unknown
Gyaase_Meeting_2nd_April_2024 (1158).wav,wav,WAV,PCM_16,2,44100,10,1764044,unknown
Gyaase_Meeting_2nd_April_2024 (1159).wav,wav,WAV,PCM_16,2,44100,10,1764044,unknown
Gyaase_Meeting_2nd_April_2024 (116).wav,wav,WAV,PCM_16,2,44100,10,1764044,unknown
Gyaase_Meeting_2nd_April_2024 (1160).wav,wav,WAV,PCM_16,2,44100,10,1764044,unknown
Gyaase_Meeting_2nd_April_2024 (1161).wav,wav,WAV,PCM_16,2,44100,10,1764044,unknown
Gyaase_Meeting_2nd_April_2024 (1162).wav,wav,WAV,PCM_16,2,44100,10,1764044,unknown
Gyaase_Meeting_2nd_April_2024 (1163).wav,wav,WAV,PCM_16,2,44100,10,1764044,unknown
Gyaase_Meeting_2nd_April_2024 (1164).wav,wav,WAV,PCM_16,2,44100,10,1764044,unknown
Gyaase_Meeting_2nd_April_2024 (1165).wav,wav,WAV,PCM_16,2,44100,10,1764044,unknown
Gyaase_Meeting_2nd_April_2024 (1166).wav,wav,WAV,PCM_16,2,44100,10,1764044,unknown
Gyaase_Meeting_2nd_April_2024 (1167).wav,wav,WAV,PCM_16,2,44100,10,1764044,unknown
Gyaase_Meeting_2nd_April_2024 (1168).wav,wav,WAV,PCM_16,2,44100,10,1764044,unknown
Gyaase_Meeting_2nd_April_2024 (1169).wav,wav,WAV,PCM_16,2,44100,10,1764044,unknown
Gyaase_Meeting_2nd_April_2024 (117).wav,wav,WAV,PCM_16,2,44100,10,1764044,unknown
Gyaase_Meeting_2nd_April_2024 (1170).wav,wav,WAV,PCM_16,2,44100,10,1764044,unknown
Gyaase_Meeting_2nd_April_2024 (1171).wav,wav,WAV,PCM_16,2,44100,10,1764044,unknown
Gyaase_Meeting_2nd_April_2024 (1172).wav,wav,WAV,PCM_16,2,44100,10,1764044,unknown
Gyaase_Meeting_2nd_April_2024 (1173).wav,wav,WAV,PCM_16,2,44100,10,1764044,unknown
Gyaase_Meeting_2nd_April_2024 (1174).wav,wav,WAV,PCM_16,2,44100,10,1764044,unknown
Gyaase_Meeting_2nd_April_2024 (1175).wav,wav,WAV,PCM_16,2,44100,10,1764044,unknown
Gyaase_Meeting_2nd_April_2024 (1176).wav,wav,WAV,PCM_16,2,44100,10,1764044,unknown
Gyaase_Meeting_2nd_April_2024 (1177).wav,wav,WAV,PCM_16,2,44100,10,1764044,unknown
Gyaase_Meeting_2nd_April_2024 (1178).wav,wav,WAV,PCM_16,2,44100,10,1764044,unknown
Gyaase_Meeting_2nd_April_2024 (1179).wav,wav,WAV,PCM_16,2,44100,10,1764044,unknown
Gyaase_Meeting_2nd_April_2024 (118).wav,wav,WAV,PCM_16,2,44100,10,1764044,unknown
Gyaase_Meeting_2nd_April_2024 (1180).wav,wav,WAV,PCM_16,2,44100,10,1764044,unknown
Gyaase_Meeting_2nd_April_2024 (1181).wav,wav,WAV,PCM_16,2,44100,10,1764044,unknown
Gyaase_Meeting_2nd_April_2024 (1182).wav,wav,WAV,PCM_16,2,44100,10,1764044,unknown
Gyaase_Meeting_2nd_April_2024 (1183).wav,wav,WAV,PCM_16,2,44100,10,1764044,unknown
Gyaase_Meeting_2nd_April_2024 (1184).wav,wav,WAV,PCM_16,2,44100,10,1764044,unknown
Gyaase_Meeting_2nd_April_2024 (1185).wav,wav,WAV,PCM_16,2,44100,10,1764044,unknown
Gyaase_Meeting_2nd_April_2024 (1186).wav,wav,WAV,PCM_16,2,44100,10,1764044,unknown
Gyaase_Meeting_2nd_April_2024 (1187).wav,wav,WAV,PCM_16,2,44100,10,1764044,unknown
Gyaase_Meeting_2nd_April_2024 (1188).wav,wav,WAV,PCM_16,2,44100,10,1764044,unknown
Gyaase_Meeting_2nd_April_2024 (1189).wav,wav,WAV,PCM_16,2,44100,10,1764044,unknown
Gyaase_Meeting_2nd_April_2024 (119).wav,wav,WAV,PCM_16,2,44100,10,1764044,unknown
Gyaase_Meeting_2nd_April_2024 (1190).wav,wav,WAV,PCM_16,2,44100,10,1764044,unknown
Gyaase_Meeting_2nd_April_2024 (1191).wav,wav,WAV,PCM_16,2,44100,10,1764044,unknown
Gyaase_Meeting_2nd_April_2024 (1192).wav,wav,WAV,PCM_16,2,44100,10,1764044,unknown
Gyaase_Meeting_2nd_April_2024 (1193).wav,wav,WAV,PCM_16,2,44100,10,1764044,unknown
Gyaase_Meeting_2nd_April_2024 (1194).wav,wav,WAV,PCM_16,2,44100,10,1764044,unknown
Gyaase_Meeting_2nd_April_2024 (1195).wav,wav,WAV,PCM_16,2,44100,10,1764044,unknown
Gyaase_Meeting_2nd_April_2024 (1196).wav,wav,WAV,PCM_16,2,44100,10,1764044,unknown
Gyaase_Meeting_2nd_April_2024 (1197).wav,wav,WAV,PCM_16,2,44100,10,1764044,unknown
Gyaase_Meeting_2nd_April_2024 (1198).wav,wav,WAV,PCM_16,2,44100,10,1764044,unknown
Gyaase_Meeting_2nd_April_2024 (1199).wav,wav,WAV,PCM_16,2,44100,10,1764044,unknown
Gyaase_Meeting_2nd_April_2024 (12).wav,wav,WAV,PCM_16,2,44100,10,1764044,unknown
Gyaase_Meeting_2nd_April_2024 (120).wav,wav,WAV,PCM_16,2,44100,10,1764044,unknown
Gyaase_Meeting_2nd_April_2024 (1200).wav,wav,WAV,PCM_16,2,44100,10,1764044,unknown
Gyaase_Meeting_2nd_April_2024 (1201).wav,wav,WAV,PCM_16,2,44100,10,1764044,unknown
Gyaase_Meeting_2nd_April_2024 (1202).wav,wav,WAV,PCM_16,2,44100,10,1764044,unknown
Gyaase_Meeting_2nd_April_2024 (1203).wav,wav,WAV,PCM_16,2,44100,10,1764044,unknown
Gyaase_Meeting_2nd_April_2024 (1204).wav,wav,WAV,PCM_16,2,44100,10,1764044,unknown
Gyaase_Meeting_2nd_April_2024 (1205).wav,wav,WAV,PCM_16,2,44100,10,1764044,unknown
Gyaase_Meeting_2nd_April_2024 (1206).wav,wav,WAV,PCM_16,2,44100,10,1764044,unknown
Gyaase_Meeting_2nd_April_2024 (1207).wav,wav,WAV,PCM_16,2,44100,10,1764044,unknown
Gyaase_Meeting_2nd_April_2024 (1208).wav,wav,WAV,PCM_16,2,44100,10,1764044,unknown
Gyaase_Meeting_2nd_April_2024 (1209).wav,wav,WAV,PCM_16,2,44100,10,1764044,unknown
Gyaase_Meeting_2nd_April_2024 (121).wav,wav,WAV,PCM_16,2,44100,10,1764044,unknown
Gyaase_Meeting_2nd_April_2024 (1210).wav,wav,WAV,PCM_16,2,44100,10,1764044,unknown
Gyaase_Meeting_2nd_April_2024 (1211).wav,wav,WAV,PCM_16,2,44100,10,1764044,unknown
Gyaase_Meeting_2nd_April_2024 (1212).wav,wav,WAV,PCM_16,2,44100,10,1764044,unknown
Gyaase_Meeting_2nd_April_2024 (1213).wav,wav,WAV,PCM_16,2,44100,10,1764044,unknown
Gyaase_Meeting_2nd_April_2024 (1214).wav,wav,WAV,PCM_16,2,44100,10,1764044,unknown
Gyaase_Meeting_2nd_April_2024 (1215).wav,wav,WAV,PCM_16,2,44100,10,1764044,unknown
Gyaase_Meeting_2nd_April_2024 (1216).wav,wav,WAV,PCM_16,2,44100,10,1764044,unknown
Gyaase_Meeting_2nd_April_2024 (1217).wav,wav,WAV,PCM_16,2,44100,10,1764044,unknown
Gyaase_Meeting_2nd_April_2024 (1218).wav,wav,WAV,PCM_16,2,44100,10,1764044,unknown
Gyaase_Meeting_2nd_April_2024 (1219).wav,wav,WAV,PCM_16,2,44100,10,1764044,unknown
Gyaase_Meeting_2nd_April_2024 (122).wav,wav,WAV,PCM_16,2,44100,10,1764044,unknown
Gyaase_Meeting_2nd_April_2024 (1220).wav,wav,WAV,PCM_16,2,44100,10,1764044,unknown
Gyaase_Meeting_2nd_April_2024 (1221).wav,wav,WAV,PCM_16,2,44100,10,1764044,unknown
Gyaase_Meeting_2nd_April_2024 (1222).wav,wav,WAV,PCM_16,2,44100,10,1764044,unknown
Gyaase_Meeting_2nd_April_2024 (1223).wav,wav,WAV,PCM_16,2,44100,10,1764044,unknown
Gyaase_Meeting_2nd_April_2024 (1224).wav,wav,WAV,PCM_16,2,44100,10,1764044,unknown
Gyaase_Meeting_2nd_April_2024 (1225).wav,wav,WAV,PCM_16,2,44100,10,1764044,unknown
Gyaase_Meeting_2nd_April_2024 (1226).wav,wav,WAV,PCM_16,2,44100,10,1764044,unknown
Gyaase_Meeting_2nd_April_2024 (1227).wav,wav,WAV,PCM_16,2,44100,10,1764044,unknown
Gyaase_Meeting_2nd_April_2024 (1228).wav,wav,WAV,PCM_16,2,44100,10,1764044,unknown
Gyaase_Meeting_2nd_April_2024 (1229).wav,wav,WAV,PCM_16,2,44100,10,1764044,unknown
Gyaase_Meeting_2nd_April_2024 (123).wav,wav,WAV,PCM_16,2,44100,10,1764044,unknown
Gyaase_Meeting_2nd_April_2024 (1230).wav,wav,WAV,PCM_16,2,44100,10,1764044,unknown
Gyaase_Meeting_2nd_April_2024 (1231).wav,wav,WAV,PCM_16,2,44100,10,1764044,unknown
Gyaase_Meeting_2nd_April_2024 (1232).wav,wav,WAV,PCM_16,2,44100,10,1764044,unknown
Gyaase_Meeting_2nd_April_2024 (1233).wav,wav,WAV,PCM_16,2,44100,10,1764044,unknown
Gyaase_Meeting_2nd_April_2024 (1234).wav,wav,WAV,PCM_16,2,44100,10,1764044,unknown
Gyaase_Meeting_2nd_April_2024 (1235).wav,wav,WAV,PCM_16,2,44100,10,1764044,unknown
Gyaase_Meeting_2nd_April_2024 (1236).wav,wav,WAV,PCM_16,2,44100,10,1764044,unknown
Gyaase_Meeting_2nd_April_2024 (1237).wav,wav,WAV,PCM_16,2,44100,10,1764044,unknown
Gyaase_Meeting_2nd_April_2024 (1238).wav,wav,WAV,PCM_16,2,44100,10,1764044,unknown
Gyaase_Meeting_2nd_April_2024 (1239).wav,wav,WAV,PCM_16,2,44100,10,1764044,unknown
Gyaase_Meeting_2nd_April_2024 (124).wav,wav,WAV,PCM_16,2,44100,10,1764044,unknown
Gyaase_Meeting_2nd_April_2024 (1240).wav,wav,WAV,PCM_16,2,44100,10,1764044,unknown
Gyaase_Meeting_2nd_April_2024 (1241).wav,wav,WAV,PCM_16,2,44100,10,1764044,unknown
Gyaase_Meeting_2nd_April_2024 (1242).wav,wav,WAV,PCM_16,2,44100,10,1764044,unknown
Gyaase_Meeting_2nd_April_2024 (1243).wav,wav,WAV,PCM_16,2,44100,10,1764044,unknown
Gyaase_Meeting_2nd_April_2024 (1244).wav,wav,WAV,PCM_16,2,44100,10,1764044,unknown
Gyaase_Meeting_2nd_April_2024 (1245).wav,wav,WAV,PCM_16,2,44100,10,1764044,unknown
Gyaase_Meeting_2nd_April_2024 (1246).wav,wav,WAV,PCM_16,2,44100,10,1764044,unknown
Gyaase_Meeting_2nd_April_2024 (1247).wav,wav,WAV,PCM_16,2,44100,10,1764044,unknown
Gyaase_Meeting_2nd_April_2024 (1248).wav,wav,WAV,PCM_16,2,44100,10,1764044,unknown
Gyaase_Meeting_2nd_April_2024 (1249).wav,wav,WAV,PCM_16,2,44100,10,1764044,unknown
Gyaase_Meeting_2nd_April_2024 (125).wav,wav,WAV,PCM_16,2,44100,10,1764044,unknown
Gyaase_Meeting_2nd_April_2024 (1250).wav,wav,WAV,PCM_16,2,44100,10,1764044,unknown
Gyaase_Meeting_2nd_April_2024 (1251).wav,wav,WAV,PCM_16,2,44100,10,1764044,unknown
Gyaase_Meeting_2nd_April_2024 (1252).wav,wav,WAV,PCM_16,2,44100,10,1764044,unknown
Gyaase_Meeting_2nd_April_2024 (1253).wav,wav,WAV,PCM_16,2,44100,10,1764044,unknown
Gyaase_Meeting_2nd_April_2024 (1254).wav,wav,WAV,PCM_16,2,44100,10,1764044,unknown
Gyaase_Meeting_2nd_April_2024 (1255).wav,wav,WAV,PCM_16,2,44100,10,1764044,unknown
Gyaase_Meeting_2nd_April_2024 (1256).wav,wav,WAV,PCM_16,2,44100,10,1764044,unknown
Gyaase_Meeting_2nd_April_2024 (1257).wav,wav,WAV,PCM_16,2,44100,10,1764044,unknown
Gyaase_Meeting_2nd_April_2024 (1258).wav,wav,WAV,PCM_16,2,44100,10,1764044,unknown
Gyaase_Meeting_2nd_April_2024 (1259).wav,wav,WAV,PCM_16,2,44100,10,1764044,unknown
Gyaase_Meeting_2nd_April_2024 (126).wav,wav,WAV,PCM_16,2,44100,10,1764044,unknown
Gyaase_Meeting_2nd_April_2024 (1260).wav,wav,WAV,PCM_16,2,44100,10,1764044,unknown
Gyaase_Meeting_2nd_April_2024 (1261).wav,wav,WAV,PCM_16,2,44100,10,1764044,unknown
Gyaase_Meeting_2nd_April_2024 (1262).wav,wav,WAV,PCM_16,2,44100,10,1764044,unknown
Gyaase_Meeting_2nd_April_2024 (1263).wav,wav,WAV,PCM_16,2,44100,10,1764044,unknown
Gyaase_Meeting_2nd_April_2024 (1264).wav,wav,WAV,PCM_16,2,44100,10,1764044,unknown
Gyaase_Meeting_2nd_April_2024 (1265).wav,wav,WAV,PCM_16,2,44100,10,1764044,unknown
Gyaase_Meeting_2nd_April_2024 (1266).wav,wav,WAV,PCM_16,2,44100,10,1764044,unknown
Gyaase_Meeting_2nd_April_2024 (1267).wav,wav,WAV,PCM_16,2,44100,10,1764044,unknown
Gyaase_Meeting_2nd_April_2024 (1268).wav,wav,WAV,PCM_16,2,44100,10,1764044,unknown
Gyaase_Meeting_2nd_April_2024 (1269).wav,wav,WAV,PCM_16,2,44100,10,1764044,unknown
Gyaase_Meeting_2nd_April_2024 (127).wav,wav,WAV,PCM_16,2,44100,10,1764044,unknown
Gyaase_Meeting_2nd_April_2024 (1270).wav,wav,WAV,PCM_16,2,44100,10,1764044,unknown
Gyaase_Meeting_2nd_April_2024 (1271).wav,wav,WAV,PCM_16,2,44100,10,1764044,unknown
Gyaase_Meeting_2nd_April_2024 (1272).wav,wav,WAV,PCM_16,2,44100,10,1764044,unknown
Gyaase_Meeting_2nd_April_2024 (1273).wav,wav,WAV,PCM_16,2,44100,10,1764044,unknown
Gyaase_Meeting_2nd_April_2024 (1274).wav,wav,WAV,PCM_16,2,44100,10,1764044,unknown
Gyaase_Meeting_2nd_April_2024 (1275).wav,wav,WAV,PCM_16,2,44100,10,1764044,unknown
Gyaase_Meeting_2nd_April_2024 (1276).wav,wav,WAV,PCM_16,2,44100,10,1764044,unknown
Gyaase_Meeting_2nd_April_2024 (1277).wav,wav,WAV,PCM_16,2,44100,10,1764044,unknown
Gyaase_Meeting_2nd_April_2024 (1278).wav,wav,WAV,PCM_16,2,44100,10,1764044,unknown
Gyaase_Meeting_2nd_April_2024 (1279).wav,wav,WAV,PCM_16,2,44100,10,1764044,unknown
Gyaase_Meeting_2nd_April_2024 (128).wav,wav,WAV,PCM_16,2,44100,10,1764044,unknown
Gyaase_Meeting_2nd_April_2024 (1280).wav,wav,WAV,PCM_16,2,44100,10,1764044,unknown
Gyaase_Meeting_2nd_April_2024 (1281).wav,wav,WAV,PCM_16,2,44100,10,1764044,unknown
Gyaase_Meeting_2nd_April_2024 (1282).wav,wav,WAV,PCM_16,2,44100,10,1764044,unknown
Gyaase_Meeting_2nd_April_2024 (1283).wav,wav,WAV,PCM_16,2,44100,10,1764044,unknown
Gyaase_Meeting_2nd_April_2024 (1284).wav,wav,WAV,PCM_16,2,44100,10,1764044,unknown
Gyaase_Meeting_2nd_April_2024 (1285).wav,wav,WAV,PCM_16,2,44100,10,1764044,unknown
Gyaase_Meeting_2nd_April_2024 (1286).wav,wav,WAV,PCM_16,2,44100,10,1764044,unknown
Gyaase_Meeting_2nd_April_2024 (1287).wav,wav,WAV,PCM_16,2,44100,10,1764044,unknown
Gyaase_Meeting_2nd_April_2024 (1288).wav,wav,WAV,PCM_16,2,44100,10,1764044,unknown
Gyaase_Meeting_2nd_April_2024 (1289).wav,wav,WAV,PCM_16,2,44100,10,1764044,unknown
Gyaase_Meeting_2nd_April_2024 (129).wav,wav,WAV,PCM_16,2,44100,10,1764044,unknown
Gyaase_Meeting_2nd_April_2024 (1290).wav,wav,WAV,PCM_16,2,44100,10,1764044,unknown
Gyaase_Meeting_2nd_April_2024 (1291).wav,wav,WAV,PCM_16,2,44100,10,1764044,unknown
Gyaase_Meeting_2nd_April_2024 (1292).wav,wav,WAV,PCM_16,2,44100,10,1764044,unknown
Gyaase_Meeting_2nd_April_2024 (1293).wav,wav,WAV,PCM_16,2,44100,10,1764044,unknown
Gyaase_Meeting_2nd_April_2024 (1294).wav,wav,WAV,PCM_16,2,44100,10,1764044,unknown
Gyaase_Meeting_2nd_April_2024 (1295).wav,wav,WAV,PCM_16,2,44100,10,1764044,unknown
Gyaase_Meeting_2nd_April_2024 (1296).wav,wav,WAV,PCM_16,2,44100,10,1764044,unknown
Gyaase_Meeting_2nd_April_2024 (1297).wav,wav,WAV,PCM_16,2,44100,10,1764044,unknown
Gyaase_Meeting_2nd_April_2024 (1298).wav,wav,WAV,PCM_16,2,44100,10,1764044,unknown
Gyaase_Meeting_2nd_April_2024 (1299).wav,wav,WAV,PCM_16,2,44100,10,1764044,unknown
Gyaase_Meeting_2nd_April_2024 (13).wav,wav,WAV,PCM_16,2,44100,10,1764044,unknown
Gyaase_Meeting_2nd_April_2024 (130).wav,wav,WAV,PCM_16,2,44100,10,1764044,unknown
Gyaase_Meeting_2nd_April_2024 (1300).wav,wav,WAV,PCM_16,2,44100,10,1764044,unknown
Gyaase_Meeting_2nd_April_2024 (1301).wav,wav,WAV,PCM_16,2,44100,10,1764044,unknown
Gyaase_Meeting_2nd_April_2024 (1302).wav,wav,WAV,PCM_16,2,44100,10,1764044,unknown
Gyaase_Meeting_2nd_April_2024 (1303).wav,wav,WAV,PCM_16,2,44100,10,1764044,unknown
Gyaase_Meeting_2nd_April_2024 (1304).wav,wav,WAV,PCM_16,2,44100,10,1764044,unknown
Gyaase_Meeting_2nd_April_2024 (1305).wav,wav,WAV,PCM_16,2,44100,10,1764044,unknown
Gyaase_Meeting_2nd_April_2024 (1306).wav,wav,WAV,PCM_16,2,44100,10,1764044,unknown
Gyaase_Meeting_2nd_April_2024 (1307).wav,wav,WAV,PCM_16,2,44100,10,1764044,unknown
Gyaase_Meeting_2nd_April_2024 (1308).wav,wav,WAV,PCM_16,2,44100,10,1764044,unknown
Gyaase_Meeting_2nd_April_2024 (1309).wav,wav,WAV,PCM_16,2,44100,10,1764044,unknown
Gyaase_Meeting_2nd_April_2024 (131).wav,wav,WAV,PCM_16,2,44100,10,1764044,unknown
Gyaase_Meeting_2nd_April_2024 (1310).wav,wav,WAV,PCM_16,2,44100,10,1764044,unknown
Gyaase_Meeting_2nd_April_2024 (1311).wav,wav,WAV,PCM_16,2,44100,10,1764044,unknown
Gyaase_Meeting_2nd_April_2024 (1312).wav,wav,WAV,PCM_16,2,44100,10,1764044,unknown
Gyaase_Meeting_2nd_April_2024 (1313).wav,wav,WAV,PCM_16,2,44100,10,1764044,unknown
Gyaase_Meeting_2nd_April_2024 (1314).wav,wav,WAV,PCM_16,2,44100,10,1764044,unknown
Gyaase_Meeting_2nd_April_2024 (1315).wav,wav,WAV,PCM_16,2,44100,10,1764044,unknown
Gyaase_Meeting_2nd_April_2024 (1316).wav,wav,WAV,PCM_16,2,44100,10,1764044,unknown
Gyaase_Meeting_2nd_April_2024 (1317).wav,wav,WAV,PCM_16,2,44100,10,1764044,unknown
Gyaase_Meeting_2nd_April_2024 (1318).wav,wav,WAV,PCM_16,2,44100,10,1764044,unknown
Gyaase_Meeting_2nd_April_2024 (1319).wav,wav,WAV,PCM_16,2,44100,10,1764044,unknown
Gyaase_Meeting_2nd_April_2024 (132).wav,wav,WAV,PCM_16,2,44100,10,1764044,unknown
Gyaase_Meeting_2nd_April_2024 (1320).wav,wav,WAV,PCM_16,2,44100,10,1764044,unknown
Gyaase_Meeting_2nd_April_2024 (1321).wav,wav,WAV,PCM_16,2,44100,10,1764044,unknown
Gyaase_Meeting_2nd_April_2024 (1322).wav,wav,WAV,PCM_16,2,44100,10,1764044,unknown
Gyaase_Meeting_2nd_April_2024 (1323).wav,wav,WAV,PCM_16,2,44100,10,1764044,unknown
Gyaase_Meeting_2nd_April_2024 (1324).wav,wav,WAV,PCM_16,2,44100,10,1764044,unknown
Gyaase_Meeting_2nd_April_2024 (1325).wav,wav,WAV,PCM_16,2,44100,10,1764044,unknown
Gyaase_Meeting_2nd_April_2024 (1326).wav,wav,WAV,PCM_16,2,44100,10,1764044,unknown
Gyaase_Meeting_2nd_April_2024 (1327).wav,wav,WAV,PCM_16,2,44100,10,1764044,unknown
Gyaase_Meeting_2nd_April_2024 (1328).wav,wav,WAV,PCM_16,2,44100,10,1764044,unknown
Gyaase_Meeting_2nd_April_2024 (1329).wav,wav,WAV,PCM_16,2,44100,10,1764044,unknown
Gyaase_Meeting_2nd_April_2024 (133).wav,wav,WAV,PCM_16,2,44100,10,1764044,unknown
Gyaase_Meeting_2nd_April_2024 (1330).wav,wav,WAV,PCM_16,2,44100,10,1764044,unknown
Gyaase_Meeting_2nd_April_2024 (1331).wav,wav,WAV,PCM_16,2,44100,10,1764044,unknown
Gyaase_Meeting_2nd_April_2024 (1332).wav,wav,WAV,PCM_16,2,44100,10,1764044,unknown
Gyaase_Meeting_2nd_April_2024 (1333).wav,wav,WAV,PCM_16,2,44100,10,1764044,unknown
Gyaase_Meeting_2nd_April_2024 (1334).wav,wav,WAV,PCM_16,2,44100,10,1764044,unknown
Gyaase_Meeting_2nd_April_2024 (1335).wav,wav,WAV,PCM_16,2,44100,10,1764044,unknown
Gyaase_Meeting_2nd_April_2024 (1336).wav,wav,WAV,PCM_16,2,44100,10,1764044,unknown
Gyaase_Meeting_2nd_April_2024 (1337).wav,wav,WAV,PCM_16,2,44100,10,1764044,unknown
Gyaase_Meeting_2nd_April_2024 (1338).wav,wav,WAV,PCM_16,2,44100,10,1764044,unknown
Gyaase_Meeting_2nd_April_2024 (1339).wav,wav,WAV,PCM_16,2,44100,10,1764044,unknown
Gyaase_Meeting_2nd_April_2024 (134).wav,wav,WAV,PCM_16,2,44100,10,1764044,unknown
Gyaase_Meeting_2nd_April_2024 (1340).wav,wav,WAV,PCM_16,2,44100,10,1764044,unknown
Gyaase_Meeting_2nd_April_2024 (1341).wav,wav,WAV,PCM_16,2,44100,10,1764044,unknown
Gyaase_Meeting_2nd_April_2024 (1342).wav,wav,WAV,PCM_16,2,44100,10,1764044,unknown
Gyaase_Meeting_2nd_April_2024 (1343).wav,wav,WAV,PCM_16,2,44100,10,1764044,unknown
Gyaase_Meeting_2nd_April_2024 (1344).wav,wav,WAV,PCM_16,2,44100,10,1764044,unknown
Gyaase_Meeting_2nd_April_2024 (1345).wav,wav,WAV,PCM_16,2,44100,10,1764044,unknown
Gyaase_Meeting_2nd_April_2024 (1346).wav,wav,WAV,PCM_16,2,44100,10,1764044,unknown
Gyaase_Meeting_2nd_April_2024 (1347).wav,wav,WAV,PCM_16,2,44100,10,1764044,unknown
Gyaase_Meeting_2nd_April_2024 (1348).wav,wav,WAV,PCM_16,2,44100,10,1764044,unknown
Gyaase_Meeting_2nd_April_2024 (1349).wav,wav,WAV,PCM_16,2,44100,10,1764044,unknown
Gyaase_Meeting_2nd_April_2024 (135).wav,wav,WAV,PCM_16,2,44100,10,1764044,unknown
Gyaase_Meeting_2nd_April_2024 (1350).wav,wav,WAV,PCM_16,2,44100,10,1764044,unknown
Gyaase_Meeting_2nd_April_2024 (1351).wav,wav,WAV,PCM_16,2,44100,10,1764044,unknown
Gyaase_Meeting_2nd_April_2024 (1352).wav,wav,WAV,PCM_16,2,44100,10,1764044,unknown
Gyaase_Meeting_2nd_April_2024 (1353).wav,wav,WAV,PCM_16,2,44100,10,1764044,unknown
Gyaase_Meeting_2nd_April_2024 (1354).wav,wav,WAV,PCM_16,2,44100,10,1764044,unknown
Gyaase_Meeting_2nd_April_2024 (1355).wav,wav,WAV,PCM_16,2,44100,10,1764044,unknown
Gyaase_Meeting_2nd_April_2024 (1356).wav,wav,WAV,PCM_16,2,44100,10,1764044,unknown
Gyaase_Meeting_2nd_April_2024 (1357).wav,wav,WAV,PCM_16,2,44100,10,1764044,unknown
Gyaase_Meeting_2nd_April_2024 (1358).wav,wav,WAV,PCM_16,2,44100,10,1764044,unknown
Gyaase_Meeting_2nd_April_2024 (1359).wav,wav,WAV,PCM_16,2,44100,10,1764044,unknown
Gyaase_Meeting_2nd_April_2024 (136).wav,wav,WAV,PCM_16,2,44100,10,1764044,unknown
Gyaase_Meeting_2nd_April_2024 (1360).wav,wav,WAV,PCM_16,2,44100,10,1764044,unknown
Gyaase_Meeting_2nd_April_2024 (1361).wav,wav,WAV,PCM_16,2,44100,10,1764044,unknown
Gyaase_Meeting_2nd_April_2024 (1362).wav,wav,WAV,PCM_16,2,44100,10,1764044,unknown
Gyaase_Meeting_2nd_April_2024 (1363).wav,wav,WAV,PCM_16,2,44100,10,1764044,unknown
Gyaase_Meeting_2nd_April_2024 (1364).wav,wav,WAV,PCM_16,2,44100,10,1764044,unknown
Gyaase_Meeting_2nd_April_2024 (1365).wav,wav,WAV,PCM_16,2,44100,10,1764044,unknown
Gyaase_Meeting_2nd_April_2024 (1366).wav,wav,WAV,PCM_16,2,44100,10,1764044,unknown
Gyaase_Meeting_2nd_April_2024 (1367).wav,wav,WAV,PCM_16,2,44100,10,1764044,unknown
Gyaase_Meeting_2nd_April_2024 (1368).wav,wav,WAV,PCM_16,2,44100,10,1764044,unknown
Gyaase_Meeting_2nd_April_2024 (1369).wav,wav,WAV,PCM_16,2,44100,10,1764044,unknown
Gyaase_Meeting_2nd_April_2024 (137).wav,wav,WAV,PCM_16,2,44100,10,1764044,unknown
Gyaase_Meeting_2nd_April_2024 (1370).wav,wav,WAV,PCM_16,2,44100,10,1764044,unknown
Gyaase_Meeting_2nd_April_2024 (1371).wav,wav,WAV,PCM_16,2,44100,10,1764044,unknown
Gyaase_Meeting_2nd_April_2024 (1372).wav,wav,WAV,PCM_16,2,44100,10,1764044,unknown
Gyaase_Meeting_2nd_April_2024 (1373).wav,wav,WAV,PCM_16,2,44100,10,1764044,unknown
Gyaase_Meeting_2nd_April_2024 (1374).wav,wav,WAV,PCM_16,2,44100,10,1764044,unknown
Gyaase_Meeting_2nd_April_2024 (1375).wav,wav,WAV,PCM_16,2,44100,10,1764044,unknown
Gyaase_Meeting_2nd_April_2024 (1376).wav,wav,WAV,PCM_16,2,44100,10,1764044,unknown
Gyaase_Meeting_2nd_April_2024 (1377).wav,wav,WAV,PCM_16,2,44100,10,1764044,unknown
Gyaase_Meeting_2nd_April_2024 (1378).wav,wav,WAV,PCM_16,2,44100,10,1764044,unknown
Gyaase_Meeting_2nd_April_2024 (1379).wav,wav,WAV,PCM_16,2,44100,10,1764044,unknown
Gyaase_Meeting_2nd_April_2024 (138).wav,wav,WAV,PCM_16,2,44100,10,1764044,unknown
Gyaase_Meeting_2nd_April_2024 (1380).wav,wav,WAV,PCM_16,2,44100,10,1764044,unknown
Gyaase_Meeting_2nd_April_2024 (1381).wav,wav,WAV,PCM_16,2,44100,10,1764044,unknown
Gyaase_Meeting_2nd_April_2024 (1382).wav,wav,WAV,PCM_16,2,44100,10,1764044,unknown
Gyaase_Meeting_2nd_April_2024 (1383).wav,wav,WAV,PCM_16,2,44100,10,1764044,unknown
Gyaase_Meeting_2nd_April_2024 (1384).wav,wav,WAV,PCM_16,2,44100,10,1764044,unknown
Gyaase_Meeting_2nd_April_2024 (1385).wav,wav,WAV,PCM_16,2,44100,10,1764044,unknown
Gyaase_Meeting_2nd_April_2024 (1386).wav,wav,WAV,PCM_16,2,44100,10,1764044,unknown
Gyaase_Meeting_2nd_April_2024 (1387).wav,wav,WAV,PCM_16,2,44100,10,1764044,unknown
Gyaase_Meeting_2nd_April_2024 (1388).wav,wav,WAV,PCM_16,2,44100,10,1764044,unknown
Gyaase_Meeting_2nd_April_2024 (1389).wav,wav,WAV,PCM_16,2,44100,10,1764044,unknown
Gyaase_Meeting_2nd_April_2024 (139).wav,wav,WAV,PCM_16,2,44100,10,1764044,unknown
Gyaase_Meeting_2nd_April_2024 (1390).wav,wav,WAV,PCM_16,2,44100,10,1764044,unknown
Gyaase_Meeting_2nd_April_2024 (1391).wav,wav,WAV,PCM_16,2,44100,10,1764044,unknown
Gyaase_Meeting_2nd_April_2024 (1392).wav,wav,WAV,PCM_16,2,44100,10,1764044,unknown
Gyaase_Meeting_2nd_April_2024 (1393).wav,wav,WAV,PCM_16,2,44100,10,1764044,unknown
Gyaase_Meeting_2nd_April_2024 (1394).wav,wav,WAV,PCM_16,2,44100,10,1764044,unknown
Gyaase_Meeting_2nd_April_2024 (1395).wav,wav,WAV,PCM_16,2,44100,10,1764044,unknown
Gyaase_Meeting_2nd_April_2024 (1396).wav,wav,WAV,PCM_16,2,44100,10,1764044,unknown
Gyaase_Meeting_2nd_April_2024 (1397).wav,wav,WAV,PCM_16,2,44100,10,1764044,unknown
Gyaase_Meeting_2nd_April_2024 (1398).wav,wav,WAV,PCM_16,2,44100,10,1764044,unknown
Gyaase_Meeting_2nd_April_2024 (1399).wav,wav,WAV,PCM_16,2,44100,10,1764044,unknown
Gyaase_Meeting_2nd_April_2024 (14).wav,wav,WAV,PCM_16,2,44100,10,1764044,unknown
Gyaase_Meeting_2nd_April_2024 (140).wav,wav,WAV,PCM_16,2,44100,10,1764044,unknown
Gyaase_Meeting_2nd_April_2024 (1400).wav,wav,WAV,PCM_16,2,44100,10,1764044,unknown
Gyaase_Meeting_2nd_April_2024 (1401).wav,wav,WAV,PCM_16,2,44100,10,1764044,unknown
Gyaase_Meeting_2nd_April_2024 (1402).wav,wav,WAV,PCM_16,2,44100,10,1764044,unknown
Gyaase_Meeting_2nd_April_2024 (1403).wav,wav,WAV,PCM_16,2,44100,10,1764044,unknown
Gyaase_Meeting_2nd_April_2024 (1404).wav,wav,WAV,PCM_16,2,44100,10,1764044,unknown
Gyaase_Meeting_2nd_April_2024 (1405).wav,wav,WAV,PCM_16,2,44100,10,1764044,unknown
Gyaase_Meeting_2nd_April_2024 (1406).wav,wav,WAV,PCM_16,2,44100,10,1764044,unknown
Gyaase_Meeting_2nd_April_2024 (1407).wav,wav,WAV,PCM_16,2,44100,10,1764044,unknown
Gyaase_Meeting_2nd_April_2024 (1408).wav,wav,WAV,PCM_16,2,44100,10,1764044,unknown
Gyaase_Meeting_2nd_April_2024 (1409).wav,wav,WAV,PCM_16,2,44100,10,1764044,unknown
Gyaase_Meeting_2nd_April_2024 (141).wav,wav,WAV,PCM_16,2,44100,10,1764044,unknown
Gyaase_Meeting_2nd_April_2024 (1410).wav,wav,WAV,PCM_16,2,44100,10,1764044,unknown
Gyaase_Meeting_2nd_April_2024 (1411).wav,wav,WAV,PCM_16,2,44100,10,1764044,unknown
Gyaase_Meeting_2nd_April_2024 (1412).wav,wav,WAV,PCM_16,2,44100,10,1764044,unknown
Gyaase_Meeting_2nd_April_2024 (1413).wav,wav,WAV,PCM_16,2,44100,10,1764044,unknown
Gyaase_Meeting_2nd_April_2024 (1414).wav,wav,WAV,PCM_16,2,44100,10,1764044,unknown
Gyaase_Meeting_2nd_April_2024 (1415).wav,wav,WAV,PCM_16,2,44100,10,1764044,unknown
Gyaase_Meeting_2nd_April_2024 (1416).wav,wav,WAV,PCM_16,2,44100,10,1764044,unknown
Gyaase_Meeting_2nd_April_2024 (1417).wav,wav,WAV,PCM_16,2,44100,10,1764044,unknown
Gyaase_Meeting_2nd_April_2024 (1418).wav,wav,WAV,PCM_16,2,44100,10,1764044,unknown
Gyaase_Meeting_2nd_April_2024 (1419).wav,wav,WAV,PCM_16,2,44100,10,1764044,unknown
Gyaase_Meeting_2nd_April_2024 (142).wav,wav,WAV,PCM_16,2,44100,10,1764044,unknown
Gyaase_Meeting_2nd_April_2024 (1420).wav,wav,WAV,PCM_16,2,44100,10,1764044,unknown
Gyaase_Meeting_2nd_April_2024 (1421).wav,wav,WAV,PCM_16,2,44100,10,1764044,unknown
Gyaase_Meeting_2nd_April_2024 (1422).wav,wav,WAV,PCM_16,2,44100,10,1764044,unknown
Gyaase_Meeting_2nd_April_2024 (1423).wav,wav,WAV,PCM_16,2,44100,10,1764044,unknown
Gyaase_Meeting_2nd_April_2024 (1424).wav,wav,WAV,PCM_16,2,44100,10,1764044,unknown
Gyaase_Meeting_2nd_April_2024 (1425).wav,wav,WAV,PCM_16,2,44100,10,1764044,unknown
Gyaase_Meeting_2nd_April_2024 (1426).wav,wav,WAV,PCM_16,2,44100,10,1764044,unknown
Gyaase_Meeting_2nd_April_2024 (1427).wav,wav,WAV,PCM_16,2,44100,10,1764044,unknown
Gyaase_Meeting_2nd_April_2024 (1428).wav,wav,WAV,PCM_16,2,44100,10,1764044,unknown
Gyaase_Meeting_2nd_April_2024 (1429).wav,wav,WAV,PCM_16,2,44100,10,1764044,unknown
Gyaase_Meeting_2nd_April_2024 (143).wav,wav,WAV,PCM_16,2,44100,10,1764044,unknown
Gyaase_Meeting_2nd_April_2024 (1430).wav,wav,WAV,PCM_16,2,44100,10,1764044,unknown
Gyaase_Meeting_2nd_April_2024 (1431).wav,wav,WAV,PCM_16,2,44100,10,1764044,unknown
Gyaase_Meeting_2nd_April_2024 (1432).wav,wav,WAV,PCM_16,2,44100,10,1764044,unknown
Gyaase_Meeting_2nd_April_2024 (1433).wav,wav,WAV,PCM_16,2,44100,10,1764044,unknown
Gyaase_Meeting_2nd_April_2024 (1434).wav,wav,WAV,PCM_16,2,44100,10,1764044,unknown
Gyaase_Meeting_2nd_April_2024 (1435).wav,wav,WAV,PCM_16,2,44100,10,1764044,unknown
Gyaase_Meeting_2nd_April_2024 (1436).wav,wav,WAV,PCM_16,2,44100,10,1764044,unknown
Gyaase_Meeting_2nd_April_2024 (1437).wav,wav,WAV,PCM_16,2,44100,10,1764044,unknown
Gyaase_Meeting_2nd_April_2024 (1438).wav,wav,WAV,PCM_16,2,44100,10,1764044,unknown
Gyaase_Meeting_2nd_April_2024 (1439).wav,wav,WAV,PCM_16,2,44100,10,1764044,unknown
Gyaase_Meeting_2nd_April_2024 (144).wav,wav,WAV,PCM_16,2,44100,10,1764044,unknown
Gyaase_Meeting_2nd_April_2024 (1440).wav,wav,WAV,PCM_16,2,44100,10,1764044,unknown
Gyaase_Meeting_2nd_April_2024 (1441).wav,wav,WAV,PCM_16,2,44100,10,1764044,unknown
Gyaase_Meeting_2nd_April_2024 (1442).wav,wav,WAV,PCM_16,2,44100,10,1764044,unknown
Gyaase_Meeting_2nd_April_2024 (1443).wav,wav,WAV,PCM_16,2,44100,10,1764044,unknown
Gyaase_Meeting_2nd_April_2024 (1444).wav,wav,WAV,PCM_16,2,44100,10,1764044,unknown
Gyaase_Meeting_2nd_April_2024 (1445).wav,wav,WAV,PCM_16,2,44100,10,1764044,unknown
Gyaase_Meeting_2nd_April_2024 (1446).wav,wav,WAV,PCM_16,2,44100,10,1764044,unknown
Gyaase_Meeting_2nd_April_2024 (1447).wav,wav,WAV,PCM_16,2,44100,10,1764044,unknown
Gyaase_Meeting_2nd_April_2024 (1448).wav,wav,WAV,PCM_16,2,44100,10,1764044,unknown
Gyaase_Meeting_2nd_April_2024 (1449).wav,wav,WAV,PCM_16,2,44100,10,1764044,unknown
Gyaase_Meeting_2nd_April_2024 (145).wav,wav,WAV,PCM_16,2,44100,10,1764044,unknown
Gyaase_Meeting_2nd_April_2024 (1450).wav,wav,WAV,PCM_16,2,44100,10,1764044,unknown
Gyaase_Meeting_2nd_April_2024 (1451).wav,wav,WAV,PCM_16,2,44100,10,1764044,unknown
Gyaase_Meeting_2nd_April_2024 (1452).wav,wav,WAV,PCM_16,2,44100,10,1764044,unknown
Gyaase_Meeting_2nd_April_2024 (1453).wav,wav,WAV,PCM_16,2,44100,10,1764044,unknown
Gyaase_Meeting_2nd_April_2024 (1454).wav,wav,WAV,PCM_16,2,44100,10,1764044,unknown
Gyaase_Meeting_2nd_April_2024 (1455).wav,wav,WAV,PCM_16,2,44100,10,1764044,unknown
Gyaase_Meeting_2nd_April_2024 (1456).wav,wav,WAV,PCM_16,2,44100,10,1764044,unknown
Gyaase_Meeting_2nd_April_2024 (1457).wav,wav,WAV,PCM_16,2,44100,10,1764044,unknown
Gyaase_Meeting_2nd_April_2024 (1458).wav,wav,WAV,PCM_16,2,44100,10,1764044,unknown
Gyaase_Meeting_2nd_April_2024 (1459).wav,wav,WAV,PCM_16,2,44100,10,1764044,unknown
Gyaase_Meeting_2nd_April_2024 (146).wav,wav,WAV,PCM_16,2,44100,10,1764044,unknown
Gyaase_Meeting_2nd_April_2024 (1460).wav,wav,WAV,PCM_16,2,44100,10,1764044,unknown
Gyaase_Meeting_2nd_April_2024 (1461).wav,wav,WAV,PCM_16,2,44100,10,1764044,unknown
Gyaase_Meeting_2nd_April_2024 (1462).wav,wav,WAV,PCM_16,2,44100,10,1764044,unknown
Gyaase_Meeting_2nd_April_2024 (1463).wav,wav,WAV,PCM_16,2,44100,10,1764044,unknown
Gyaase_Meeting_2nd_April_2024 (1464).wav,wav,WAV,PCM_16,2,44100,10,1764044,unknown
Gyaase_Meeting_2nd_April_2024 (1465).wav,wav,WAV,PCM_16,2,44100,10,1764044,unknown
Gyaase_Meeting_2nd_April_2024 (1466).wav,wav,WAV,PCM_16,2,44100,10,1764044,unknown
Gyaase_Meeting_2nd_April_2024 (1467).wav,wav,WAV,PCM_16,2,44100,10,1764044,unknown
Gyaase_Meeting_2nd_April_2024 (1468).wav,wav,WAV,PCM_16,2,44100,10,1764044,unknown
Gyaase_Meeting_2nd_April_2024 (1469).wav,wav,WAV,PCM_16,2,44100,10,1764044,unknown
Gyaase_Meeting_2nd_April_2024 (147).wav,wav,WAV,PCM_16,2,44100,10,1764044,unknown
Gyaase_Meeting_2nd_April_2024 (1470).wav,wav,WAV,PCM_16,2,44100,10,1764044,unknown
Gyaase_Meeting_2nd_April_2024 (1471).wav,wav,WAV,PCM_16,2,44100,10,1764044,unknown
Gyaase_Meeting_2nd_April_2024 (1472).wav,wav,WAV,PCM_16,2,44100,10,1764044,unknown
Gyaase_Meeting_2nd_April_2024 (1473).wav,wav,WAV,PCM_16,2,44100,10,1764044,unknown
Gyaase_Meeting_2nd_April_2024 (1474).wav,wav,WAV,PCM_16,2,44100,10,1764044,unknown
Gyaase_Meeting_2nd_April_2024 (1475).wav,wav,WAV,PCM_16,2,44100,10,1764044,unknown
Gyaase_Meeting_2nd_April_2024 (1476).wav,wav,WAV,PCM_16,2,44100,10,1764044,unknown
Gyaase_Meeting_2nd_April_2024 (1477).wav,wav,WAV,PCM_16,2,44100,10,1764044,unknown
Gyaase_Meeting_2nd_April_2024 (1478).wav,wav,WAV,PCM_16,2,44100,10,1764044,unknown
Gyaase_Meeting_2nd_April_2024 (1479).wav,wav,WAV,PCM_16,2,44100,10,1764044,unknown
Gyaase_Meeting_2nd_April_2024 (148).wav,wav,WAV,PCM_16,2,44100,10,1764044,unknown
Gyaase_Meeting_2nd_April_2024 (1480).wav,wav,WAV,PCM_16,2,44100,10,1764044,unknown
Gyaase_Meeting_2nd_April_2024 (1481).wav,wav,WAV,PCM_16,2,44100,10,1764044,unknown
Gyaase_Meeting_2nd_April_2024 (1482).wav,wav,WAV,PCM_16,2,44100,10,1764044,unknown
Gyaase_Meeting_2nd_April_2024 (1483).wav,wav,WAV,PCM_16,2,44100,10,1764044,unknown
Gyaase_Meeting_2nd_April_2024 (1484).wav,wav,WAV,PCM_16,2,44100,10,1764044,unknown
Gyaase_Meeting_2nd_April_2024 (1485).wav,wav,WAV,PCM_16,2,44100,10,1764044,unknown
Gyaase_Meeting_2nd_April_2024 (1486).wav,wav,WAV,PCM_16,2,44100,10,1764044,unknown
Gyaase_Meeting_2nd_April_2024 (1487).wav,wav,WAV,PCM_16,2,44100,10,1764044,unknown
Gyaase_Meeting_2nd_April_2024 (1488).wav,wav,WAV,PCM_16,2,44100,10,1764044,unknown
Gyaase_Meeting_2nd_April_2024 (1489).wav,wav,WAV,PCM_16,2,44100,10,1764044,unknown
Gyaase_Meeting_2nd_April_2024 (149).wav,wav,WAV,PCM_16,2,44100,10,1764044,unknown
Gyaase_Meeting_2nd_April_2024 (1490).wav,wav,WAV,PCM_16,2,44100,10,1764044,unknown
Gyaase_Meeting_2nd_April_2024 (1491).wav,wav,WAV,PCM_16,2,44100,10,1764044,unknown
Gyaase_Meeting_2nd_April_2024 (1492).wav,wav,WAV,PCM_16,2,44100,10,1764044,unknown
Gyaase_Meeting_2nd_April_2024 (1493).wav,wav,WAV,PCM_16,2,44100,10,1764044,unknown
Gyaase_Meeting_2nd_April_2024 (1494).wav,wav,WAV,PCM_16,2,44100,10,1764044,unknown
Gyaase_Meeting_2nd_April_2024 (1495).wav,wav,WAV,PCM_16,2,44100,10,1764044,unknown
Gyaase_Meeting_2nd_April_2024 (1496).wav,wav,WAV,PCM_16,2,44100,10,1764044,unknown
Gyaase_Meeting_2nd_April_2024 (1497).wav,wav,WAV,PCM_16,2,44100,10,1764044,unknown
Gyaase_Meeting_2nd_April_2024 (1498).wav,wav,WAV,PCM_16,2,44100,10,1764044,unknown
Gyaase_Meeting_2nd_April_2024 (1499).wav,wav,WAV,PCM_16,2,44100,10,1764044,unknown
Gyaase_Meeting_2nd_April_2024 (15).wav,wav,WAV,PCM_16,2,44100,10,1764044,unknown
Gyaase_Meeting_2nd_April_2024 (150).wav,wav,WAV,PCM_16,2,44100,10,1764044,unknown
Gyaase_Meeting_2nd_April_2024 (1500).wav,wav,WAV,PCM_16,2,44100,10,1764044,unknown
Gyaase_Meeting_2nd_April_2024 (1501).wav,wav,WAV,PCM_16,2,44100,10,1764044,unknown
Gyaase_Meeting_2nd_April_2024 (1502).wav,wav,WAV,PCM_16,2,44100,10,1764044,unknown
Gyaase_Meeting_2nd_April_2024 (1503).wav,wav,WAV,PCM_16,2,44100,10,1764044,unknown
Gyaase_Meeting_2nd_April_2024 (1504).wav,wav,WAV,PCM_16,2,44100,10,1764044,unknown
Gyaase_Meeting_2nd_April_2024 (1505).wav,wav,WAV,PCM_16,2,44100,10,1764044,unknown
Gyaase_Meeting_2nd_April_2024 (1506).wav,wav,WAV,PCM_16,2,44100,10,1764044,unknown
Gyaase_Meeting_2nd_April_2024 (1507).wav,wav,WAV,PCM_16,2,44100,10,1764044,unknown
Gyaase_Meeting_2nd_April_2024 (1508).wav,wav,WAV,PCM_16,2,44100,10,1764044,unknown
Gyaase_Meeting_2nd_April_2024 (1509).wav,wav,WAV,PCM_16,2,44100,10,1764044,unknown
Gyaase_Meeting_2nd_April_2024 (151).wav,wav,WAV,PCM_16,2,44100,10,1764044,unknown
Gyaase_Meeting_2nd_April_2024 (1510).wav,wav,WAV,PCM_16,2,44100,10,1764044,unknown
Gyaase_Meeting_2nd_April_2024 (1511).wav,wav,WAV,PCM_16,2,44100,10,1764044,unknown
Gyaase_Meeting_2nd_April_2024 (1512).wav,wav,WAV,PCM_16,2,44100,10,1764044,unknown
Gyaase_Meeting_2nd_April_2024 (1513).wav,wav,WAV,PCM_16,2,44100,10,1764044,unknown
Gyaase_Meeting_2nd_April_2024 (1514).wav,wav,WAV,PCM_16,2,44100,10,1764044,unknown
Gyaase_Meeting_2nd_April_2024 (1515).wav,wav,WAV,PCM_16,2,44100,10,1764044,unknown
Gyaase_Meeting_2nd_April_2024 (1516).wav,wav,WAV,PCM_16,2,44100,10,1764044,unknown
Gyaase_Meeting_2nd_April_2024 (1517).wav,wav,WAV,PCM_16,2,44100,10,1764044,unknown
Gyaase_Meeting_2nd_April_2024 (1518).wav,wav,WAV,PCM_16,2,44100,10,1764044,unknown
Gyaase_Meeting_2nd_April_2024 (1519).wav,wav,WAV,PCM_16,2,44100,10,1764044,unknown
Gyaase_Meeting_2nd_April_2024 (152).wav,wav,WAV,PCM_16,2,44100,10,1764044,unknown
Gyaase_Meeting_2nd_April_2024 (1520).wav,wav,WAV,PCM_16,2,44100,10,1764044,unknown
Gyaase_Meeting_2nd_April_2024 (1521).wav,wav,WAV,PCM_16,2,44100,10,1764044,unknown
Gyaase_Meeting_2nd_April_2024 (1522).wav,wav,WAV,PCM_16,2,44100,10,1764044,unknown
Gyaase_Meeting_2nd_April_2024 (1523).wav,wav,WAV,PCM_16,2,44100,10,1764044,unknown
Gyaase_Meeting_2nd_April_2024 (1524).wav,wav,WAV,PCM_16,2,44100,10,1764044,unknown
Gyaase_Meeting_2nd_April_2024 (1525).wav,wav,WAV,PCM_16,2,44100,10,1764044,unknown
Gyaase_Meeting_2nd_April_2024 (1526).wav,wav,WAV,PCM_16,2,44100,10,1764044,unknown
Gyaase_Meeting_2nd_April_2024 (1527).wav,wav,WAV,PCM_16,2,44100,10,1764044,unknown
Gyaase_Meeting_2nd_April_2024 (1528).wav,wav,WAV,PCM_16,2,44100,10,1764044,unknown
Gyaase_Meeting_2nd_April_2024 (1529).wav,wav,WAV,PCM_16,2,44100,10,1764044,unknown
Gyaase_Meeting_2nd_April_2024 (153).wav,wav,WAV,PCM_16,2,44100,10,1764044,unknown
Gyaase_Meeting_2nd_April_2024 (1530).wav,wav,WAV,PCM_16,2,44100,10,1764044,unknown
Gyaase_Meeting_2nd_April_2024 (1531).wav,wav,WAV,PCM_16,2,44100,10,1764044,unknown
Gyaase_Meeting_2nd_April_2024 (1532).wav,wav,WAV,PCM_16,2,44100,10,1764044,unknown
Gyaase_Meeting_2nd_April_2024 (1533).wav,wav,WAV,PCM_16,2,44100,10,1764044,unknown
Gyaase_Meeting_2nd_April_2024 (1534).wav,wav,WAV,PCM_16,2,44100,10,1764044,unknown
Gyaase_Meeting_2nd_April_2024 (1535).wav,wav,WAV,PCM_16,2,44100,10,1764044,unknown
Gyaase_Meeting_2nd_April_2024 (1536).wav,wav,WAV,PCM_16,2,44100,10,1764044,unknown
Gyaase_Meeting_2nd_April_2024 (1537).wav,wav,WAV,PCM_16,2,44100,10,1764044,unknown
Gyaase_Meeting_2nd_April_2024 (1538).wav,wav,WAV,PCM_16,2,44100,10,1764044,unknown
Gyaase_Meeting_2nd_April_2024 (1539).wav,wav,WAV,PCM_16,2,44100,10,1764044,unknown
Gyaase_Meeting_2nd_April_2024 (154).wav,wav,WAV,PCM_16,2,44100,10,1764044,unknown
Gyaase_Meeting_2nd_April_2024 (1540).wav,wav,WAV,PCM_16,2,44100,10,1764044,unknown
Gyaase_Meeting_2nd_April_2024 (1541).wav,wav,WAV,PCM_16,2,44100,10,1764044,unknown
Gyaase_Meeting_2nd_April_2024 (1542).wav,wav,WAV,PCM_16,2,44100,10,1764044,unknown
Gyaase_Meeting_2nd_April_2024 (1543).wav,wav,WAV,PCM_16,2,44100,10,1764044,unknown
Gyaase_Meeting_2nd_April_2024 (1544).wav,wav,WAV,PCM_16,2,44100,10,1764044,unknown
Gyaase_Meeting_2nd_April_2024 (1545).wav,wav,WAV,PCM_16,2,44100,10,1764044,unknown
Gyaase_Meeting_2nd_April_2024 (1546).wav,wav,WAV,PCM_16,2,44100,10,1764044,unknown
Gyaase_Meeting_2nd_April_2024 (1547).wav,wav,WAV,PCM_16,2,44100,10,1764044,unknown
Gyaase_Meeting_2nd_April_2024 (1548).wav,wav,WAV,PCM_16,2,44100,10,1764044,unknown
Gyaase_Meeting_2nd_April_2024 (1549).wav,wav,WAV,PCM_16,2,44100,10,1764044,unknown
Gyaase_Meeting_2nd_April_2024 (155).wav,wav,WAV,PCM_16,2,44100,10,1764044,unknown
Gyaase_Meeting_2nd_April_2024 (1550).wav,wav,WAV,PCM_16,2,44100,10,1764044,unknown
Gyaase_Meeting_2nd_April_2024 (1551).wav,wav,WAV,PCM_16,2,44100,10,1764044,unknown
Gyaase_Meeting_2nd_April_2024 (1552).wav,wav,WAV,PCM_16,2,44100,10,1764044,unknown
Gyaase_Meeting_2nd_April_2024 (1553).wav,wav,WAV,PCM_16,2,44100,10,1764044,unknown
Gyaase_Meeting_2nd_April_2024 (1554).wav,wav,WAV,PCM_16,2,44100,10,1764044,unknown
Gyaase_Meeting_2nd_April_2024 (1555).wav,wav,WAV,PCM_16,2,44100,10,1764044,unknown
Gyaase_Meeting_2nd_April_2024 (1556).wav,wav,WAV,PCM_16,2,44100,10,1764044,unknown
Gyaase_Meeting_2nd_April_2024 (1557).wav,wav,WAV,PCM_16,2,44100,10,1764044,unknown
Gyaase_Meeting_2nd_April_2024 (1558).wav,wav,WAV,PCM_16,2,44100,10,1764044,unknown
Gyaase_Meeting_2nd_April_2024 (1559).wav,wav,WAV,PCM_16,2,44100,10,1764044,unknown
Gyaase_Meeting_2nd_April_2024 (156).wav,wav,WAV,PCM_16,2,44100,10,1764044,unknown
Gyaase_Meeting_2nd_April_2024 (1560).wav,wav,WAV,PCM_16,2,44100,10,1764044,unknown
Gyaase_Meeting_2nd_April_2024 (1561).wav,wav,WAV,PCM_16,2,44100,10,1764044,unknown
Gyaase_Meeting_2nd_April_2024 (1562).wav,wav,WAV,PCM_16,2,44100,10,1764044,unknown
Gyaase_Meeting_2nd_April_2024 (1563).wav,wav,WAV,PCM_16,2,44100,10,1764044,unknown
Gyaase_Meeting_2nd_April_2024 (1564).wav,wav,WAV,PCM_16,2,44100,10,1764044,unknown
Gyaase_Meeting_2nd_April_2024 (1565).wav,wav,WAV,PCM_16,2,44100,10,1764044,unknown
Gyaase_Meeting_2nd_April_2024 (157).wav,wav,WAV,PCM_16,2,44100,10,1764044,unknown
Gyaase_Meeting_2nd_April_2024 (158).wav,wav,WAV,PCM_16,2,44100,10,1764044,unknown
Gyaase_Meeting_2nd_April_2024 (159).wav,wav,WAV,PCM_16,2,44100,10,1764044,unknown
Gyaase_Meeting_2nd_April_2024 (16).wav,wav,WAV,PCM_16,2,44100,10,1764044,unknown
Gyaase_Meeting_2nd_April_2024 (160).wav,wav,WAV,PCM_16,2,44100,10,1764044,unknown
Gyaase_Meeting_2nd_April_2024 (161).wav,wav,WAV,PCM_16,2,44100,10,1764044,unknown
Gyaase_Meeting_2nd_April_2024 (162).wav,wav,WAV,PCM_16,2,44100,10,1764044,unknown
Gyaase_Meeting_2nd_April_2024 (163).wav,wav,WAV,PCM_16,2,44100,10,1764044,unknown
Gyaase_Meeting_2nd_April_2024 (164).wav,wav,WAV,PCM_16,2,44100,10,1764044,unknown
Gyaase_Meeting_2nd_April_2024 (165).wav,wav,WAV,PCM_16,2,44100,10,1764044,unknown
Gyaase_Meeting_2nd_April_2024 (166).wav,wav,WAV,PCM_16,2,44100,10,1764044,unknown
Gyaase_Meeting_2nd_April_2024 (167).wav,wav,WAV,PCM_16,2,44100,10,1764044,unknown
Gyaase_Meeting_2nd_April_2024 (168).wav,wav,WAV,PCM_16,2,44100,10,1764044,unknown
Gyaase_Meeting_2nd_April_2024 (169).wav,wav,WAV,PCM_16,2,44100,10,1764044,unknown
Gyaase_Meeting_2nd_April_2024 (17).wav,wav,WAV,PCM_16,2,44100,10,1764044,unknown
Gyaase_Meeting_2nd_April_2024 (170).wav,wav,WAV,PCM_16,2,44100,10,1764044,unknown
Gyaase_Meeting_2nd_April_2024 (171).wav,wav,WAV,PCM_16,2,44100,10,1764044,unknown
Gyaase_Meeting_2nd_April_2024 (172).wav,wav,WAV,PCM_16,2,44100,10,1764044,unknown
Gyaase_Meeting_2nd_April_2024 (173).wav,wav,WAV,PCM_16,2,44100,10,1764044,unknown
Gyaase_Meeting_2nd_April_2024 (174).wav,wav,WAV,PCM_16,2,44100,10,1764044,unknown
Gyaase_Meeting_2nd_April_2024 (175).wav,wav,WAV,PCM_16,2,44100,10,1764044,unknown
Gyaase_Meeting_2nd_April_2024 (176).wav,wav,WAV,PCM_16,2,44100,10,1764044,unknown
Gyaase_Meeting_2nd_April_2024 (177).wav,wav,WAV,PCM_16,2,44100,10,1764044,unknown
Gyaase_Meeting_2nd_April_2024 (178).wav,wav,WAV,PCM_16,2,44100,10,1764044,unknown
Gyaase_Meeting_2nd_April_2024 (179).wav,wav,WAV,PCM_16,2,44100,10,1764044,unknown
Gyaase_Meeting_2nd_April_2024 (18).wav,wav,WAV,PCM_16,2,44100,4.63,816776,unknown
Gyaase_Meeting_2nd_April_2024 (180).wav,wav,WAV,PCM_16,2,44100,10,1764044,unknown
Gyaase_Meeting_2nd_April_2024 (181).wav,wav,WAV,PCM_16,2,44100,10,1764044,unknown
Gyaase_Meeting_2nd_April_2024 (182).wav,wav,WAV,PCM_16,2,44100,10,1764044,unknown
Gyaase_Meeting_2nd_April_2024 (183).wav,wav,WAV,PCM_16,2,44100,10,1764044,unknown
Gyaase_Meeting_2nd_April_2024 (184).wav,wav,WAV,PCM_16,2,44100,10,1764044,unknown
Gyaase_Meeting_2nd_April_2024 (185).wav,wav,WAV,PCM_16,2,44100,10,1764044,unknown
Gyaase_Meeting_2nd_April_2024 (186).wav,wav,WAV,PCM_16,2,44100,10,1764044,unknown
Gyaase_Meeting_2nd_April_2024 (187).wav,wav,WAV,PCM_16,2,44100,10,1764044,unknown
Gyaase_Meeting_2nd_April_2024 (188).wav,wav,WAV,PCM_16,2,44100,10,1764044,unknown
Gyaase_Meeting_2nd_April_2024 (189).wav,wav,WAV,PCM_16,2,44100,10,1764044,unknown
Gyaase_Meeting_2nd_April_2024 (19).wav,wav,WAV,PCM_16,2,44100,10,1764044,unknown
Gyaase_Meeting_2nd_April_2024 (190).wav,wav,WAV,PCM_16,2,44100,10,1764044,unknown
Gyaase_Meeting_2nd_April_2024 (191).wav,wav,WAV,PCM_16,2,44100,10,1764044,unknown
Gyaase_Meeting_2nd_April_2024 (192).wav,wav,WAV,PCM_16,2,44100,10,1764044,unknown
Gyaase_Meeting_2nd_April_2024 (193).wav,wav,WAV,PCM_16,2,44100,10,1764044,unknown
Gyaase_Meeting_2nd_April_2024 (194).wav,wav,WAV,PCM_16,2,44100,10,1764044,unknown
Gyaase_Meeting_2nd_April_2024 (195).wav,wav,WAV,PCM_16,2,44100,10,1764044,unknown
Gyaase_Meeting_2nd_April_2024 (196).wav,wav,WAV,PCM_16,2,44100,10,1764044,unknown
Gyaase_Meeting_2nd_April_2024 (197).wav,wav,WAV,PCM_16,2,44100,10,1764044,unknown
Gyaase_Meeting_2nd_April_2024 (198).wav,wav,WAV,PCM_16,2,44100,10,1764044,unknown
Gyaase_Meeting_2nd_April_2024 (199).wav,wav,WAV,PCM_16,2,44100,10,1764044,unknown
Gyaase_Meeting_2nd_April_2024 (2).wav,wav,WAV,PCM_16,2,44100,10,1764044,unknown
Gyaase_Meeting_2nd_April_2024 (20).wav,wav,WAV,PCM_16,2,44100,10,1764044,unknown
Gyaase_Meeting_2nd_April_2024 (200).wav,wav,WAV,PCM_16,2,44100,10,1764044,unknown
Gyaase_Meeting_2nd_April_2024 (201).wav,wav,WAV,PCM_16,2,44100,10,1764044,unknown
Gyaase_Meeting_2nd_April_2024 (202).wav,wav,WAV,PCM_16,2,44100,10,1764044,unknown
Gyaase_Meeting_2nd_April_2024 (203).wav,wav,WAV,PCM_16,2,44100,10,1764044,unknown
Gyaase_Meeting_2nd_April_2024 (204).wav,wav,WAV,PCM_16,2,44100,10,1764044,unknown
Gyaase_Meeting_2nd_April_2024 (205).wav,wav,WAV,PCM_16,2,44100,10,1764044,unknown
Gyaase_Meeting_2nd_April_2024 (206).wav,wav,WAV,PCM_16,2,44100,10,1764044,unknown
Gyaase_Meeting_2nd_April_2024 (207).wav,wav,WAV,PCM_16,2,44100,10,1764044,unknown
Gyaase_Meeting_2nd_April_2024 (208).wav,wav,WAV,PCM_16,2,44100,10,1764044,unknown
Gyaase_Meeting_2nd_April_2024 (209).wav,wav,WAV,PCM_16,2,44100,10,1764044,unknown
Gyaase_Meeting_2nd_April_2024 (21).wav,wav,WAV,PCM_16,2,44100,10,1764044,unknown
Gyaase_Meeting_2nd_April_2024 (210).wav,wav,WAV,PCM_16,2,44100,10,1764044,unknown
Gyaase_Meeting_2nd_April_2024 (211).wav,wav,WAV,PCM_16,2,44100,10,1764044,unknown
Gyaase_Meeting_2nd_April_2024 (212).wav,wav,WAV,PCM_16,2,44100,10,1764044,unknown
Gyaase_Meeting_2nd_April_2024 (213).wav,wav,WAV,PCM_16,2,44100,10,1764044,unknown
Gyaase_Meeting_2nd_April_2024 (214).wav,wav,WAV,PCM_16,2,44100,10,1764044,unknown
Gyaase_Meeting_2nd_April_2024 (215).wav,wav,WAV,PCM_16,2,44100,10,1764044,unknown
Gyaase_Meeting_2nd_April_2024 (216).wav,wav,WAV,PCM_16,2,44100,10,1764044,unknown
Gyaase_Meeting_2nd_April_2024 (217).wav,wav,WAV,PCM_16,2,44100,10,1764044,unknown
Gyaase_Meeting_2nd_April_2024 (218).wav,wav,WAV,PCM_16,2,44100,10,1764044,unknown
Gyaase_Meeting_2nd_April_2024 (219).wav,wav,WAV,PCM_16,2,44100,10,1764044,unknown
Gyaase_Meeting_2nd_April_2024 (22).wav,wav,WAV,PCM_16,2,44100,10,1764044,unknown
Gyaase_Meeting_2nd_April_2024 (220).wav,wav,WAV,PCM_16,2,44100,10,1764044,unknown
Gyaase_Meeting_2nd_April_2024 (221).wav,wav,WAV,PCM_16,2,44100,10,1764044,unknown
Gyaase_Meeting_2nd_April_2024 (222).wav,wav,WAV,PCM_16,2,44100,10,1764044,unknown
Gyaase_Meeting_2nd_April_2024 (223).wav,wav,WAV,PCM_16,2,44100,10,1764044,unknown
Gyaase_Meeting_2nd_April_2024 (224).wav,wav,WAV,PCM_16,2,44100,10,1764044,unknown
Gyaase_Meeting_2nd_April_2024 (225).wav,wav,WAV,PCM_16,2,44100,10,1764044,unknown
Gyaase_Meeting_2nd_April_2024 (226).wav,wav,WAV,PCM_16,2,44100,10,1764044,unknown
Gyaase_Meeting_2nd_April_2024 (227).wav,wav,WAV,PCM_16,2,44100,10,1764044,unknown
Gyaase_Meeting_2nd_April_2024 (228).wav,wav,WAV,PCM_16,2,44100,10,1764044,unknown
Gyaase_Meeting_2nd_April_2024 (229).wav,wav,WAV,PCM_16,2,44100,10,1764044,unknown
Gyaase_Meeting_2nd_April_2024 (23).wav,wav,WAV,PCM_16,2,44100,10,1764044,unknown
Gyaase_Meeting_2nd_April_2024 (230).wav,wav,WAV,PCM_16,2,44100,10,1764044,unknown
Gyaase_Meeting_2nd_April_2024 (231).wav,wav,WAV,PCM_16,2,44100,10,1764044,unknown
Gyaase_Meeting_2nd_April_2024 (232).wav,wav,WAV,PCM_16,2,44100,10,1764044,unknown
Gyaase_Meeting_2nd_April_2024 (233).wav,wav,WAV,PCM_16,2,44100,10,1764044,unknown
Gyaase_Meeting_2nd_April_2024 (234).wav,wav,WAV,PCM_16,2,44100,10,1764044,unknown
Gyaase_Meeting_2nd_April_2024 (235).wav,wav,WAV,PCM_16,2,44100,10,1764044,unknown
Gyaase_Meeting_2nd_April_2024 (236).wav,wav,WAV,PCM_16,2,44100,10,1764044,unknown
Gyaase_Meeting_2nd_April_2024 (237).wav,wav,WAV,PCM_16,2,44100,10,1764044,unknown
Gyaase_Meeting_2nd_April_2024 (238).wav,wav,WAV,PCM_16,2,44100,10,1764044,unknown
Gyaase_Meeting_2nd_April_2024 (239).wav,wav,WAV,PCM_16,2,44100,10,1764044,unknown
Gyaase_Meeting_2nd_April_2024 (24).wav,wav,WAV,PCM_16,2,44100,10,1764044,unknown
Gyaase_Meeting_2nd_April_2024 (240).wav,wav,WAV,PCM_16,2,44100,10,1764044,unknown
Gyaase_Meeting_2nd_April_2024 (241).wav,wav,WAV,PCM_16,2,44100,10,1764044,unknown
Gyaase_Meeting_2nd_April_2024 (242).wav,wav,WAV,PCM_16,2,44100,10,1764044,unknown
Gyaase_Meeting_2nd_April_2024 (243).wav,wav,WAV,PCM_16,2,44100,10,1764044,unknown
Gyaase_Meeting_2nd_April_2024 (244).wav,wav,WAV,PCM_16,2,44100,10,1764044,unknown
Gyaase_Meeting_2nd_April_2024 (245).wav,wav,WAV,PCM_16,2,44100,10,1764044,unknown
Gyaase_Meeting_2nd_April_2024 (246).wav,wav,WAV,PCM_16,2,44100,10,1764044,unknown
Gyaase_Meeting_2nd_April_2024 (247).wav,wav,WAV,PCM_16,2,44100,10,1764044,unknown
Gyaase_Meeting_2nd_April_2024 (248).wav,wav,WAV,PCM_16,2,44100,10,1764044,unknown
Gyaase_Meeting_2nd_April_2024 (249).wav,wav,WAV,PCM_16,2,44100,10,1764044,unknown
Gyaase_Meeting_2nd_April_2024 (25).wav,wav,WAV,PCM_16,2,44100,10,1764044,unknown
Gyaase_Meeting_2nd_April_2024 (250).wav,wav,WAV,PCM_16,2,44100,10,1764044,unknown
Gyaase_Meeting_2nd_April_2024 (251).wav,wav,WAV,PCM_16,2,44100,10,1764044,unknown
Gyaase_Meeting_2nd_April_2024 (252).wav,wav,WAV,PCM_16,2,44100,10,1764044,unknown
Gyaase_Meeting_2nd_April_2024 (253).wav,wav,WAV,PCM_16,2,44100,10,1764044,unknown
Gyaase_Meeting_2nd_April_2024 (254).wav,wav,WAV,PCM_16,2,44100,10,1764044,unknown
Gyaase_Meeting_2nd_April_2024 (255).wav,wav,WAV,PCM_16,2,44100,10,1764044,unknown
Gyaase_Meeting_2nd_April_2024 (256).wav,wav,WAV,PCM_16,2,44100,10,1764044,unknown
Gyaase_Meeting_2nd_April_2024 (257).wav,wav,WAV,PCM_16,2,44100,10,1764044,unknown
Gyaase_Meeting_2nd_April_2024 (258).wav,wav,WAV,PCM_16,2,44100,10,1764044,unknown
Gyaase_Meeting_2nd_April_2024 (259).wav,wav,WAV,PCM_16,2,44100,10,1764044,unknown
Gyaase_Meeting_2nd_April_2024 (26).wav,wav,WAV,PCM_16,2,44100,10,1764044,unknown
Gyaase_Meeting_2nd_April_2024 (260).wav,wav,WAV,PCM_16,2,44100,10,1764044,unknown
Gyaase_Meeting_2nd_April_2024 (261).wav,wav,WAV,PCM_16,2,44100,10,1764044,unknown
Gyaase_Meeting_2nd_April_2024 (262).wav,wav,WAV,PCM_16,2,44100,10,1764044,unknown
Gyaase_Meeting_2nd_April_2024 (263).wav,wav,WAV,PCM_16,2,44100,10,1764044,unknown
Gyaase_Meeting_2nd_April_2024 (264).wav,wav,WAV,PCM_16,2,44100,10,1764044,unknown
Gyaase_Meeting_2nd_April_2024 (265).wav,wav,WAV,PCM_16,2,44100,10,1764044,unknown
Gyaase_Meeting_2nd_April_2024 (266).wav,wav,WAV,PCM_16,2,44100,10,1764044,unknown
Gyaase_Meeting_2nd_April_2024 (267).wav,wav,WAV,PCM_16,2,44100,10,1764044,unknown
Gyaase_Meeting_2nd_April_2024 (268).wav,wav,WAV,PCM_16,2,44100,10,1764044,unknown
Gyaase_Meeting_2nd_April_2024 (269).wav,wav,WAV,PCM_16,2,44100,10,1764044,unknown
Gyaase_Meeting_2nd_April_2024 (27).wav,wav,WAV,PCM_16,2,44100,10,1764044,unknown
Gyaase_Meeting_2nd_April_2024 (270).wav,wav,WAV,PCM_16,2,44100,10,1764044,unknown
Gyaase_Meeting_2nd_April_2024 (271).wav,wav,WAV,PCM_16,2,44100,10,1764044,unknown
Gyaase_Meeting_2nd_April_2024 (272).wav,wav,WAV,PCM_16,2,44100,10,1764044,unknown
Gyaase_Meeting_2nd_April_2024 (273).wav,wav,WAV,PCM_16,2,44100,10,1764044,unknown
Gyaase_Meeting_2nd_April_2024 (274).wav,wav,WAV,PCM_16,2,44100,10,1764044,unknown
Gyaase_Meeting_2nd_April_2024 (275).wav,wav,WAV,PCM_16,2,44100,10,1764044,unknown
Gyaase_Meeting_2nd_April_2024 (276).wav,wav,WAV,PCM_16,2,44100,10,1764044,unknown
Gyaase_Meeting_2nd_April_2024 (277).wav,wav,WAV,PCM_16,2,44100,10,1764044,unknown
Gyaase_Meeting_2nd_April_2024 (278).wav,wav,WAV,PCM_16,2,44100,10,1764044,unknown
Gyaase_Meeting_2nd_April_2024 (279).wav,wav,WAV,PCM_16,2,44100,10,1764044,unknown
Gyaase_Meeting_2nd_April_2024 (28).wav,wav,WAV,PCM_16,2,44100,10,1764044,unknown
Gyaase_Meeting_2nd_April_2024 (280).wav,wav,WAV,PCM_16,2,44100,10,1764044,unknown
Gyaase_Meeting_2nd_April_2024 (281).wav,wav,WAV,PCM_16,2,44100,10,1764044,unknown
Gyaase_Meeting_2nd_April_2024 (282).wav,wav,WAV,PCM_16,2,44100,10,1764044,unknown
Gyaase_Meeting_2nd_April_2024 (283).wav,wav,WAV,PCM_16,2,44100,10,1764044,unknown
Gyaase_Meeting_2nd_April_2024 (284).wav,wav,WAV,PCM_16,2,44100,10,1764044,unknown
Gyaase_Meeting_2nd_April_2024 (285).wav,wav,WAV,PCM_16,2,44100,10,1764044,unknown
Gyaase_Meeting_2nd_April_2024 (286).wav,wav,WAV,PCM_16,2,44100,10,1764044,unknown
Gyaase_Meeting_2nd_April_2024 (287).wav,wav,WAV,PCM_16,2,44100,10,1764044,unknown
Gyaase_Meeting_2nd_April_2024 (288).wav,wav,WAV,PCM_16,2,44100,10,1764044,unknown
Gyaase_Meeting_2nd_April_2024 (289).wav,wav,WAV,PCM_16,2,44100,10,1764044,unknown
Gyaase_Meeting_2nd_April_2024 (29).wav,wav,WAV,PCM_16,2,44100,10,1764044,unknown
Gyaase_Meeting_2nd_April_2024 (290).wav,wav,WAV,PCM_16,2,44100,10,1764044,unknown
Gyaase_Meeting_2nd_April_2024 (291).wav,wav,WAV,PCM_16,2,44100,10,1764044,unknown
Gyaase_Meeting_2nd_April_2024 (292).wav,wav,WAV,PCM_16,2,44100,10,1764044,unknown
Gyaase_Meeting_2nd_April_2024 (293).wav,wav,WAV,PCM_16,2,44100,10,1764044,unknown
Gyaase_Meeting_2nd_April_2024 (294).wav,wav,WAV,PCM_16,2,44100,10,1764044,unknown
Gyaase_Meeting_2nd_April_2024 (295).wav,wav,WAV,PCM_16,2,44100,10,1764044,unknown
Gyaase_Meeting_2nd_April_2024 (296).wav,wav,WAV,PCM_16,2,44100,10,1764044,unknown
Gyaase_Meeting_2nd_April_2024 (297).wav,wav,WAV,PCM_16,2,44100,10,1764044,unknown
Gyaase_Meeting_2nd_April_2024 (298).wav,wav,WAV,PCM_16,2,44100,10,1764044,unknown
Gyaase_Meeting_2nd_April_2024 (299).wav,wav,WAV,PCM_16,2,44100,10,1764044,unknown
Gyaase_Meeting_2nd_April_2024 (3).wav,wav,WAV,PCM_16,2,44100,10,1764044,unknown
Gyaase_Meeting_2nd_April_2024 (30).wav,wav,WAV,PCM_16,2,44100,10,1764044,unknown
Gyaase_Meeting_2nd_April_2024 (300).wav,wav,WAV,PCM_16,2,44100,10,1764044,unknown
Gyaase_Meeting_2nd_April_2024 (301).wav,wav,WAV,PCM_16,2,44100,10,1764044,unknown
Gyaase_Meeting_2nd_April_2024 (302).wav,wav,WAV,PCM_16,2,44100,10,1764044,unknown
Gyaase_Meeting_2nd_April_2024 (303).wav,wav,WAV,PCM_16,2,44100,10,1764044,unknown
Gyaase_Meeting_2nd_April_2024 (304).wav,wav,WAV,PCM_16,2,44100,10,1764044,unknown
Gyaase_Meeting_2nd_April_2024 (305).wav,wav,WAV,PCM_16,2,44100,10,1764044,unknown
Gyaase_Meeting_2nd_April_2024 (306).wav,wav,WAV,PCM_16,2,44100,10,1764044,unknown
Gyaase_Meeting_2nd_April_2024 (307).wav,wav,WAV,PCM_16,2,44100,10,1764044,unknown
Gyaase_Meeting_2nd_April_2024 (308).wav,wav,WAV,PCM_16,2,44100,10,1764044,unknown
Gyaase_Meeting_2nd_April_2024 (309).wav,wav,WAV,PCM_16,2,44100,10,1764044,unknown
Gyaase_Meeting_2nd_April_2024 (31).wav,wav,WAV,PCM_16,2,44100,10,1764044,unknown
Gyaase_Meeting_2nd_April_2024 (310).wav,wav,WAV,PCM_16,2,44100,10,1764044,unknown
Gyaase_Meeting_2nd_April_2024 (311).wav,wav,WAV,PCM_16,2,44100,10,1764044,unknown
Gyaase_Meeting_2nd_April_2024 (312).wav,wav,WAV,PCM_16,2,44100,10,1764044,unknown
Gyaase_Meeting_2nd_April_2024 (313).wav,wav,WAV,PCM_16,2,44100,10,1764044,unknown
Gyaase_Meeting_2nd_April_2024 (314).wav,wav,WAV,PCM_16,2,44100,10,1764044,unknown
Gyaase_Meeting_2nd_April_2024 (315).wav,wav,WAV,PCM_16,2,44100,10,1764044,unknown
Gyaase_Meeting_2nd_April_2024 (316).wav,wav,WAV,PCM_16,2,44100,10,1764044,unknown
Gyaase_Meeting_2nd_April_2024 (317).wav,wav,WAV,PCM_16,2,44100,10,1764044,unknown
Gyaase_Meeting_2nd_April_2024 (318).wav,wav,WAV,PCM_16,2,44100,10,1764044,unknown
Gyaase_Meeting_2nd_April_2024 (319).wav,wav,WAV,PCM_16,2,44100,10,1764044,unknown
Gyaase_Meeting_2nd_April_2024 (32).wav,wav,WAV,PCM_16,2,44100,10,1764044,unknown
Gyaase_Meeting_2nd_April_2024 (320).wav,wav,WAV,PCM_16,2,44100,10,1764044,unknown
Gyaase_Meeting_2nd_April_2024 (321).wav,wav,WAV,PCM_16,2,44100,10,1764044,unknown
Gyaase_Meeting_2nd_April_2024 (322).wav,wav,WAV,PCM_16,2,44100,10,1764044,unknown
Gyaase_Meeting_2nd_April_2024 (323).wav,wav,WAV,PCM_16,2,44100,10,1764044,unknown
Gyaase_Meeting_2nd_April_2024 (324).wav,wav,WAV,PCM_16,2,44100,10,1764044,unknown
Gyaase_Meeting_2nd_April_2024 (325).wav,wav,WAV,PCM_16,2,44100,10,1764044,unknown
Gyaase_Meeting_2nd_April_2024 (326).wav,wav,WAV,PCM_16,2,44100,10,1764044,unknown
Gyaase_Meeting_2nd_April_2024 (327).wav,wav,WAV,PCM_16,2,44100,10,1764044,unknown
Gyaase_Meeting_2nd_April_2024 (328).wav,wav,WAV,PCM_16,2,44100,10,1764044,unknown
Gyaase_Meeting_2nd_April_2024 (329).wav,wav,WAV,PCM_16,2,44100,10,1764044,unknown
Gyaase_Meeting_2nd_April_2024 (33).wav,wav,WAV,PCM_16,2,44100,10,1764044,unknown
Gyaase_Meeting_2nd_April_2024 (330).wav,wav,WAV,PCM_16,2,44100,10,1764044,unknown
Gyaase_Meeting_2nd_April_2024 (331).wav,wav,WAV,PCM_16,2,44100,10,1764044,unknown
Gyaase_Meeting_2nd_April_2024 (332).wav,wav,WAV,PCM_16,2,44100,10,1764044,unknown
Gyaase_Meeting_2nd_April_2024 (333).wav,wav,WAV,PCM_16,2,44100,10,1764044,unknown
Gyaase_Meeting_2nd_April_2024 (334).wav,wav,WAV,PCM_16,2,44100,10,1764044,unknown
Gyaase_Meeting_2nd_April_2024 (335).wav,wav,WAV,PCM_16,2,44100,10,1764044,unknown
Gyaase_Meeting_2nd_April_2024 (336).wav,wav,WAV,PCM_16,2,44100,10,1764044,unknown
Gyaase_Meeting_2nd_April_2024 (337).wav,wav,WAV,PCM_16,2,44100,10,1764044,unknown
Gyaase_Meeting_2nd_April_2024 (338).wav,wav,WAV,PCM_16,2,44100,10,1764044,unknown
Gyaase_Meeting_2nd_April_2024 (339).wav,wav,WAV,PCM_16,2,44100,10,1764044,unknown
Gyaase_Meeting_2nd_April_2024 (34).wav,wav,WAV,PCM_16,2,44100,10,1764044,unknown
Gyaase_Meeting_2nd_April_2024 (340).wav,wav,WAV,PCM_16,2,44100,10,1764044,unknown
Gyaase_Meeting_2nd_April_2024 (341).wav,wav,WAV,PCM_16,2,44100,10,1764044,unknown
Gyaase_Meeting_2nd_April_2024 (342).wav,wav,WAV,PCM_16,2,44100,10,1764044,unknown
Gyaase_Meeting_2nd_April_2024 (343).wav,wav,WAV,PCM_16,2,44100,10,1764044,unknown
Gyaase_Meeting_2nd_April_2024 (344).wav,wav,WAV,PCM_16,2,44100,10,1764044,unknown
Gyaase_Meeting_2nd_April_2024 (345).wav,wav,WAV,PCM_16,2,44100,10,1764044,unknown
Gyaase_Meeting_2nd_April_2024 (346).wav,wav,WAV,PCM_16,2,44100,10,1764044,unknown
Gyaase_Meeting_2nd_April_2024 (347).wav,wav,WAV,PCM_16,2,44100,10,1764044,unknown
Gyaase_Meeting_2nd_April_2024 (348).wav,wav,WAV,PCM_16,2,44100,10,1764044,unknown
Gyaase_Meeting_2nd_April_2024 (349).wav,wav,WAV,PCM_16,2,44100,10,1764044,unknown
Gyaase_Meeting_2nd_April_2024 (35).wav,wav,WAV,PCM_16,2,44100,10,1764044,unknown
Gyaase_Meeting_2nd_April_2024 (350).wav,wav,WAV,PCM_16,2,44100,10,1764044,unknown
Gyaase_Meeting_2nd_April_2024 (351).wav,wav,WAV,PCM_16,2,44100,10,1764044,unknown
Gyaase_Meeting_2nd_April_2024 (352).wav,wav,WAV,PCM_16,2,44100,10,1764044,unknown
Gyaase_Meeting_2nd_April_2024 (353).wav,wav,WAV,PCM_16,2,44100,10,1764044,unknown
Gyaase_Meeting_2nd_April_2024 (354).wav,wav,WAV,PCM_16,2,44100,10,1764044,unknown
Gyaase_Meeting_2nd_April_2024 (355).wav,wav,WAV,PCM_16,2,44100,10,1764044,unknown
Gyaase_Meeting_2nd_April_2024 (356).wav,wav,WAV,PCM_16,2,44100,10,1764044,unknown
Gyaase_Meeting_2nd_April_2024 (357).wav,wav,WAV,PCM_16,2,44100,10,1764044,unknown
Gyaase_Meeting_2nd_April_2024 (358).wav,wav,WAV,PCM_16,2,44100,10,1764044,unknown
Gyaase_Meeting_2nd_April_2024 (359).wav,wav,WAV,PCM_16,2,44100,10,1764044,unknown
Gyaase_Meeting_2nd_April_2024 (36).wav,wav,WAV,PCM_16,2,44100,10,1764044,unknown
Gyaase_Meeting_2nd_April_2024 (360).wav,wav,WAV,PCM_16,2,44100,10,1764044,unknown
Gyaase_Meeting_2nd_April_2024 (361).wav,wav,WAV,PCM_16,2,44100,10,1764044,unknown
Gyaase_Meeting_2nd_April_2024 (362).wav,wav,WAV,PCM_16,2,44100,10,1764044,unknown
Gyaase_Meeting_2nd_April_2024 (363).wav,wav,WAV,PCM_16,2,44100,10,1764044,unknown
Gyaase_Meeting_2nd_April_2024 (364).wav,wav,WAV,PCM_16,2,44100,10,1764044,unknown
Gyaase_Meeting_2nd_April_2024 (365).wav,wav,WAV,PCM_16,2,44100,10,1764044,unknown
Gyaase_Meeting_2nd_April_2024 (366).wav,wav,WAV,PCM_16,2,44100,10,1764044,unknown
Gyaase_Meeting_2nd_April_2024 (367).wav,wav,WAV,PCM_16,2,44100,10,1764044,unknown
Gyaase_Meeting_2nd_April_2024 (368).wav,wav,WAV,PCM_16,2,44100,10,1764044,unknown
Gyaase_Meeting_2nd_April_2024 (369).wav,wav,WAV,PCM_16,2,44100,10,1764044,unknown
Gyaase_Meeting_2nd_April_2024 (37).wav,wav,WAV,PCM_16,2,44100,10,1764044,unknown
Gyaase_Meeting_2nd_April_2024 (370).wav,wav,WAV,PCM_16,2,44100,10,1764044,unknown
Gyaase_Meeting_2nd_April_2024 (371).wav,wav,WAV,PCM_16,2,44100,10,1764044,unknown
Gyaase_Meeting_2nd_April_2024 (372).wav,wav,WAV,PCM_16,2,44100,10,1764044,unknown
Gyaase_Meeting_2nd_April_2024 (373).wav,wav,WAV,PCM_16,2,44100,10,1764044,unknown
Gyaase_Meeting_2nd_April_2024 (374).wav,wav,WAV,PCM_16,2,44100,10,1764044,unknown
Gyaase_Meeting_2nd_April_2024 (375).wav,wav,WAV,PCM_16,2,44100,10,1764044,unknown
Gyaase_Meeting_2nd_April_2024 (376).wav,wav,WAV,PCM_16,2,44100,10,1764044,unknown
Gyaase_Meeting_2nd_April_2024 (377).wav,wav,WAV,PCM_16,2,44100,10,1764044,unknown
Gyaase_Meeting_2nd_April_2024 (378).wav,wav,WAV,PCM_16,2,44100,10,1764044,unknown
Gyaase_Meeting_2nd_April_2024 (379).wav,wav,WAV,PCM_16,2,44100,10,1764044,unknown
Gyaase_Meeting_2nd_April_2024 (38).wav,wav,WAV,PCM_16,2,44100,10,1764044,unknown
Gyaase_Meeting_2nd_April_2024 (380).wav,wav,WAV,PCM_16,2,44100,10,1764044,unknown
Gyaase_Meeting_2nd_April_2024 (381).wav,wav,WAV,PCM_16,2,44100,10,1764044,unknown
Gyaase_Meeting_2nd_April_2024 (382).wav,wav,WAV,PCM_16,2,44100,10,1764044,unknown
Gyaase_Meeting_2nd_April_2024 (383).wav,wav,WAV,PCM_16,2,44100,10,1764044,unknown
Gyaase_Meeting_2nd_April_2024 (384).wav,wav,WAV,PCM_16,2,44100,10,1764044,unknown
Gyaase_Meeting_2nd_April_2024 (385).wav,wav,WAV,PCM_16,2,44100,10,1764044,unknown
Gyaase_Meeting_2nd_April_2024 (386).wav,wav,WAV,PCM_16,2,44100,10,1764044,unknown
Gyaase_Meeting_2nd_April_2024 (387).wav,wav,WAV,PCM_16,2,44100,10,1764044,unknown
Gyaase_Meeting_2nd_April_2024 (388).wav,wav,WAV,PCM_16,2,44100,10,1764044,unknown
Gyaase_Meeting_2nd_April_2024 (389).wav,wav,WAV,PCM_16,2,44100,10,1764044,unknown
Gyaase_Meeting_2nd_April_2024 (39).wav,wav,WAV,PCM_16,2,44100,10,1764044,unknown
Gyaase_Meeting_2nd_April_2024 (390).wav,wav,WAV,PCM_16,2,44100,10,1764044,unknown
Gyaase_Meeting_2nd_April_2024 (391).wav,wav,WAV,PCM_16,2,44100,10,1764044,unknown
Gyaase_Meeting_2nd_April_2024 (392).wav,wav,WAV,PCM_16,2,44100,10,1764044,unknown
Gyaase_Meeting_2nd_April_2024 (393).wav,wav,WAV,PCM_16,2,44100,10,1764044,unknown
Gyaase_Meeting_2nd_April_2024 (394).wav,wav,WAV,PCM_16,2,44100,10,1764044,unknown
Gyaase_Meeting_2nd_April_2024 (395).wav,wav,WAV,PCM_16,2,44100,10,1764044,unknown
Gyaase_Meeting_2nd_April_2024 (396).wav,wav,WAV,PCM_16,2,44100,10,1764044,unknown
Gyaase_Meeting_2nd_April_2024 (397).wav,wav,WAV,PCM_16,2,44100,10,1764044,unknown
Gyaase_Meeting_2nd_April_2024 (398).wav,wav,WAV,PCM_16,2,44100,10,1764044,unknown
Gyaase_Meeting_2nd_April_2024 (399).wav,wav,WAV,PCM_16,2,44100,10,1764044,unknown
Gyaase_Meeting_2nd_April_2024 (4).wav,wav,WAV,PCM_16,2,44100,10,1764044,unknown
Gyaase_Meeting_2nd_April_2024 (40).wav,wav,WAV,PCM_16,2,44100,10,1764044,unknown
Gyaase_Meeting_2nd_April_2024 (400).wav,wav,WAV,PCM_16,2,44100,10,1764044,unknown
Gyaase_Meeting_2nd_April_2024 (401).wav,wav,WAV,PCM_16,2,44100,10,1764044,unknown
Gyaase_Meeting_2nd_April_2024 (402).wav,wav,WAV,PCM_16,2,44100,10,1764044,unknown
Gyaase_Meeting_2nd_April_2024 (403).wav,wav,WAV,PCM_16,2,44100,10,1764044,unknown
Gyaase_Meeting_2nd_April_2024 (404).wav,wav,WAV,PCM_16,2,44100,10,1764044,unknown
Gyaase_Meeting_2nd_April_2024 (405).wav,wav,WAV,PCM_16,2,44100,10,1764044,unknown
Gyaase_Meeting_2nd_April_2024 (406).wav,wav,WAV,PCM_16,2,44100,10,1764044,unknown
Gyaase_Meeting_2nd_April_2024 (407).wav,wav,WAV,PCM_16,2,44100,10,1764044,unknown
Gyaase_Meeting_2nd_April_2024 (408).wav,wav,WAV,PCM_16,2,44100,10,1764044,unknown
Gyaase_Meeting_2nd_April_2024 (409).wav,wav,WAV,PCM_16,2,44100,10,1764044,unknown
Gyaase_Meeting_2nd_April_2024 (41).wav,wav,WAV,PCM_16,2,44100,10,1764044,unknown
Gyaase_Meeting_2nd_April_2024 (410).wav,wav,WAV,PCM_16,2,44100,10,1764044,unknown
Gyaase_Meeting_2nd_April_2024 (411).wav,wav,WAV,PCM_16,2,44100,10,1764044,unknown
Gyaase_Meeting_2nd_April_2024 (412).wav,wav,WAV,PCM_16,2,44100,10,1764044,unknown
Gyaase_Meeting_2nd_April_2024 (413).wav,wav,WAV,PCM_16,2,44100,10,1764044,unknown
Gyaase_Meeting_2nd_April_2024 (414).wav,wav,WAV,PCM_16,2,44100,10,1764044,unknown
Gyaase_Meeting_2nd_April_2024 (415).wav,wav,WAV,PCM_16,2,44100,10,1764044,unknown
Gyaase_Meeting_2nd_April_2024 (416).wav,wav,WAV,PCM_16,2,44100,10,1764044,unknown
Gyaase_Meeting_2nd_April_2024 (417).wav,wav,WAV,PCM_16,2,44100,10,1764044,unknown
Gyaase_Meeting_2nd_April_2024 (418).wav,wav,WAV,PCM_16,2,44100,10,1764044,unknown
Gyaase_Meeting_2nd_April_2024 (419).wav,wav,WAV,PCM_16,2,44100,10,1764044,unknown
Gyaase_Meeting_2nd_April_2024 (42).wav,wav,WAV,PCM_16,2,44100,10,1764044,unknown
Gyaase_Meeting_2nd_April_2024 (420).wav,wav,WAV,PCM_16,2,44100,10,1764044,unknown
Gyaase_Meeting_2nd_April_2024 (421).wav,wav,WAV,PCM_16,2,44100,10,1764044,unknown
Gyaase_Meeting_2nd_April_2024 (422).wav,wav,WAV,PCM_16,2,44100,10,1764044,unknown
Gyaase_Meeting_2nd_April_2024 (423).wav,wav,WAV,PCM_16,2,44100,10,1764044,unknown
Gyaase_Meeting_2nd_April_2024 (424).wav,wav,WAV,PCM_16,2,44100,10,1764044,unknown
Gyaase_Meeting_2nd_April_2024 (425).wav,wav,WAV,PCM_16,2,44100,10,1764044,unknown
Gyaase_Meeting_2nd_April_2024 (426).wav,wav,WAV,PCM_16,2,44100,10,1764044,unknown
Gyaase_Meeting_2nd_April_2024 (427).wav,wav,WAV,PCM_16,2,44100,10,1764044,unknown
Gyaase_Meeting_2nd_April_2024 (428).wav,wav,WAV,PCM_16,2,44100,10,1764044,unknown
Gyaase_Meeting_2nd_April_2024 (429).wav,wav,WAV,PCM_16,2,44100,10,1764044,unknown
Gyaase_Meeting_2nd_April_2024 (43).wav,wav,WAV,PCM_16,2,44100,10,1764044,unknown
Gyaase_Meeting_2nd_April_2024 (430).wav,wav,WAV,PCM_16,2,44100,10,1764044,unknown
Gyaase_Meeting_2nd_April_2024 (431).wav,wav,WAV,PCM_16,2,44100,10,1764044,unknown
Gyaase_Meeting_2nd_April_2024 (432).wav,wav,WAV,PCM_16,2,44100,10,1764044,unknown
Gyaase_Meeting_2nd_April_2024 (433).wav,wav,WAV,PCM_16,2,44100,10,1764044,unknown
Gyaase_Meeting_2nd_April_2024 (434).wav,wav,WAV,PCM_16,2,44100,10,1764044,unknown
Gyaase_Meeting_2nd_April_2024 (435).wav,wav,WAV,PCM_16,2,44100,10,1764044,unknown
Gyaase_Meeting_2nd_April_2024 (436).wav,wav,WAV,PCM_16,2,44100,10,1764044,unknown
Gyaase_Meeting_2nd_April_2024 (437).wav,wav,WAV,PCM_16,2,44100,10,1764044,unknown
Gyaase_Meeting_2nd_April_2024 (438).wav,wav,WAV,PCM_16,2,44100,10,1764044,unknown
Gyaase_Meeting_2nd_April_2024 (439).wav,wav,WAV,PCM_16,2,44100,10,1764044,unknown
Gyaase_Meeting_2nd_April_2024 (44).wav,wav,WAV,PCM_16,2,44100,10,1764044,unknown
Gyaase_Meeting_2nd_April_2024 (440).wav,wav,WAV,PCM_16,2,44100,10,1764044,unknown
Gyaase_Meeting_2nd_April_2024 (441).wav,wav,WAV,PCM_16,2,44100,10,1764044,unknown
Gyaase_Meeting_2nd_April_2024 (442).wav,wav,WAV,PCM_16,2,44100,10,1764044,unknown
Gyaase_Meeting_2nd_April_2024 (443).wav,wav,WAV,PCM_16,2,44100,10,1764044,unknown
Gyaase_Meeting_2nd_April_2024 (444).wav,wav,WAV,PCM_16,2,44100,10,1764044,unknown
Gyaase_Meeting_2nd_April_2024 (445).wav,wav,WAV,PCM_16,2,44100,10,1764044,unknown
Gyaase_Meeting_2nd_April_2024 (446).wav,wav,WAV,PCM_16,2,44100,10,1764044,unknown
Gyaase_Meeting_2nd_April_2024 (447).wav,wav,WAV,PCM_16,2,44100,10,1764044,unknown
Gyaase_Meeting_2nd_April_2024 (448).wav,wav,WAV,PCM_16,2,44100,10,1764044,unknown
Gyaase_Meeting_2nd_April_2024 (449).wav,wav,WAV,PCM_16,2,44100,10,1764044,unknown
Gyaase_Meeting_2nd_April_2024 (45).wav,wav,WAV,PCM_16,2,44100,10,1764044,unknown
Gyaase_Meeting_2nd_April_2024 (450).wav,wav,WAV,PCM_16,2,44100,10,1764044,unknown
Gyaase_Meeting_2nd_April_2024 (451).wav,wav,WAV,PCM_16,2,44100,10,1764044,unknown
Gyaase_Meeting_2nd_April_2024 (452).wav,wav,WAV,PCM_16,2,44100,10,1764044,unknown
Gyaase_Meeting_2nd_April_2024 (453).wav,wav,WAV,PCM_16,2,44100,10,1764044,unknown
Gyaase_Meeting_2nd_April_2024 (454).wav,wav,WAV,PCM_16,2,44100,10,1764044,unknown
Gyaase_Meeting_2nd_April_2024 (455).wav,wav,WAV,PCM_16,2,44100,10,1764044,unknown
Gyaase_Meeting_2nd_April_2024 (456).wav,wav,WAV,PCM_16,2,44100,10,1764044,unknown
Gyaase_Meeting_2nd_April_2024 (457).wav,wav,WAV,PCM_16,2,44100,10,1764044,unknown
Gyaase_Meeting_2nd_April_2024 (458).wav,wav,WAV,PCM_16,2,44100,10,1764044,unknown
Gyaase_Meeting_2nd_April_2024 (459).wav,wav,WAV,PCM_16,2,44100,10,1764044,unknown
Gyaase_Meeting_2nd_April_2024 (46).wav,wav,WAV,PCM_16,2,44100,10,1764044,unknown
Gyaase_Meeting_2nd_April_2024 (460).wav,wav,WAV,PCM_16,2,44100,10,1764044,unknown
Gyaase_Meeting_2nd_April_2024 (461).wav,wav,WAV,PCM_16,2,44100,10,1764044,unknown
Gyaase_Meeting_2nd_April_2024 (462).wav,wav,WAV,PCM_16,2,44100,10,1764044,unknown
Gyaase_Meeting_2nd_April_2024 (463).wav,wav,WAV,PCM_16,2,44100,10,1764044,unknown
Gyaase_Meeting_2nd_April_2024 (464).wav,wav,WAV,PCM_16,2,44100,10,1764044,unknown
Gyaase_Meeting_2nd_April_2024 (465).wav,wav,WAV,PCM_16,2,44100,10,1764044,unknown
Gyaase_Meeting_2nd_April_2024 (466).wav,wav,WAV,PCM_16,2,44100,10,1764044,unknown
Gyaase_Meeting_2nd_April_2024 (467).wav,wav,WAV,PCM_16,2,44100,10,1764044,unknown
Gyaase_Meeting_2nd_April_2024 (468).wav,wav,WAV,PCM_16,2,44100,10,1764044,unknown
Gyaase_Meeting_2nd_April_2024 (469).wav,wav,WAV,PCM_16,2,44100,10,1764044,unknown
Gyaase_Meeting_2nd_April_2024 (47).wav,wav,WAV,PCM_16,2,44100,10,1764044,unknown
Gyaase_Meeting_2nd_April_2024 (470).wav,wav,WAV,PCM_16,2,44100,10,1764044,unknown
Gyaase_Meeting_2nd_April_2024 (471).wav,wav,WAV,PCM_16,2,44100,10,1764044,unknown
Gyaase_Meeting_2nd_April_2024 (472).wav,wav,WAV,PCM_16,2,44100,10,1764044,unknown
Gyaase_Meeting_2nd_April_2024 (473).wav,wav,WAV,PCM_16,2,44100,10,1764044,unknown
Gyaase_Meeting_2nd_April_2024 (474).wav,wav,WAV,PCM_16,2,44100,10,1764044,unknown
Gyaase_Meeting_2nd_April_2024 (475).wav,wav,WAV,PCM_16,2,44100,10,1764044,unknown
Gyaase_Meeting_2nd_April_2024 (476).wav,wav,WAV,PCM_16,2,44100,10,1764044,unknown
Gyaase_Meeting_2nd_April_2024 (477).wav,wav,WAV,PCM_16,2,44100,10,1764044,unknown
Gyaase_Meeting_2nd_April_2024 (478).wav,wav,WAV,PCM_16,2,44100,10,1764044,unknown
Gyaase_Meeting_2nd_April_2024 (479).wav,wav,WAV,PCM_16,2,44100,10,1764044,unknown
Gyaase_Meeting_2nd_April_2024 (48).wav,wav,WAV,PCM_16,2,44100,10,1764044,unknown
Gyaase_Meeting_2nd_April_2024 (480).wav,wav,WAV,PCM_16,2,44100,10,1764044,unknown
Gyaase_Meeting_2nd_April_2024 (481).wav,wav,WAV,PCM_16,2,44100,10,1764044,unknown
Gyaase_Meeting_2nd_April_2024 (482).wav,wav,WAV,PCM_16,2,44100,10,1764044,unknown
Gyaase_Meeting_2nd_April_2024 (483).wav,wav,WAV,PCM_16,2,44100,10,1764044,unknown
Gyaase_Meeting_2nd_April_2024 (484).wav,wav,WAV,PCM_16,2,44100,10,1764044,unknown
Gyaase_Meeting_2nd_April_2024 (485).wav,wav,WAV,PCM_16,2,44100,10,1764044,unknown
Gyaase_Meeting_2nd_April_2024 (486).wav,wav,WAV,PCM_16,2,44100,10,1764044,unknown
Gyaase_Meeting_2nd_April_2024 (487).wav,wav,WAV,PCM_16,2,44100,10,1764044,unknown
Gyaase_Meeting_2nd_April_2024 (488).wav,wav,WAV,PCM_16,2,44100,10,1764044,unknown
Gyaase_Meeting_2nd_April_2024 (489).wav,wav,WAV,PCM_16,2,44100,10,1764044,unknown
Gyaase_Meeting_2nd_April_2024 (49).wav,wav,WAV,PCM_16,2,44100,10,1764044,unknown
Gyaase_Meeting_2nd_April_2024 (490).wav,wav,WAV,PCM_16,2,44100,10,1764044,unknown
Gyaase_Meeting_2nd_April_2024 (491).wav,wav,WAV,PCM_16,2,44100,10,1764044,unknown
Gyaase_Meeting_2nd_April_2024 (492).wav,wav,WAV,PCM_16,2,44100,10,1764044,unknown
Gyaase_Meeting_2nd_April_2024 (493).wav,wav,WAV,PCM_16,2,44100,10,1764044,unknown
Gyaase_Meeting_2nd_April_2024 (494).wav,wav,WAV,PCM_16,2,44100,10,1764044,unknown
Gyaase_Meeting_2nd_April_2024 (495).wav,wav,WAV,PCM_16,2,44100,10,1764044,unknown
Gyaase_Meeting_2nd_April_2024 (496).wav,wav,WAV,PCM_16,2,44100,10,1764044,unknown
Gyaase_Meeting_2nd_April_2024 (497).wav,wav,WAV,PCM_16,2,44100,10,1764044,unknown
Gyaase_Meeting_2nd_April_2024 (498).wav,wav,WAV,PCM_16,2,44100,10,1764044,unknown
Gyaase_Meeting_2nd_April_2024 (499).wav,wav,WAV,PCM_16,2,44100,10,1764044,unknown
Gyaase_Meeting_2nd_April_2024 (5).wav,wav,WAV,PCM_16,2,44100,10,1764044,unknown
Gyaase_Meeting_2nd_April_2024 (50).wav,wav,WAV,PCM_16,2,44100,10,1764044,unknown
Gyaase_Meeting_2nd_April_2024 (500).wav,wav,WAV,PCM_16,2,44100,10,1764044,unknown
Gyaase_Meeting_2nd_April_2024 (501).wav,wav,WAV,PCM_16,2,44100,10,1764044,unknown
Gyaase_Meeting_2nd_April_2024 (502).wav,wav,WAV,PCM_16,2,44100,10,1764044,unknown
Gyaase_Meeting_2nd_April_2024 (503).wav,wav,WAV,PCM_16,2,44100,10,1764044,unknown
Gyaase_Meeting_2nd_April_2024 (504).wav,wav,WAV,PCM_16,2,44100,10,1764044,unknown
Gyaase_Meeting_2nd_April_2024 (505).wav,wav,WAV,PCM_16,2,44100,10,1764044,unknown
Gyaase_Meeting_2nd_April_2024 (506).wav,wav,WAV,PCM_16,2,44100,10,1764044,unknown
Gyaase_Meeting_2nd_April_2024 (507).wav,wav,WAV,PCM_16,2,44100,10,1764044,unknown
Gyaase_Meeting_2nd_April_2024 (508).wav,wav,WAV,PCM_16,2,44100,10,1764044,unknown
Gyaase_Meeting_2nd_April_2024 (509).wav,wav,WAV,PCM_16,2,44100,10,1764044,unknown
Gyaase_Meeting_2nd_April_2024 (51).wav,wav,WAV,PCM_16,2,44100,10,1764044,unknown
Gyaase_Meeting_2nd_April_2024 (510).wav,wav,WAV,PCM_16,2,44100,10,1764044,unknown
Gyaase_Meeting_2nd_April_2024 (511).wav,wav,WAV,PCM_16,2,44100,10,1764044,unknown
Gyaase_Meeting_2nd_April_2024 (512).wav,wav,WAV,PCM_16,2,44100,10,1764044,unknown
Gyaase_Meeting_2nd_April_2024 (513).wav,wav,WAV,PCM_16,2,44100,10,1764044,unknown
Gyaase_Meeting_2nd_April_2024 (514).wav,wav,WAV,PCM_16,2,44100,10,1764044,unknown
Gyaase_Meeting_2nd_April_2024 (515).wav,wav,WAV,PCM_16,2,44100,10,1764044,unknown
Gyaase_Meeting_2nd_April_2024 (516).wav,wav,WAV,PCM_16,2,44100,10,1764044,unknown
Gyaase_Meeting_2nd_April_2024 (517).wav,wav,WAV,PCM_16,2,44100,10,1764044,unknown
Gyaase_Meeting_2nd_April_2024 (518).wav,wav,WAV,PCM_16,2,44100,10,1764044,unknown
Gyaase_Meeting_2nd_April_2024 (519).wav,wav,WAV,PCM_16,2,44100,10,1764044,unknown
Gyaase_Meeting_2nd_April_2024 (52).wav,wav,WAV,PCM_16,2,44100,10,1764044,unknown
Gyaase_Meeting_2nd_April_2024 (520).wav,wav,WAV,PCM_16,2,44100,10,1764044,unknown
Gyaase_Meeting_2nd_April_2024 (521).wav,wav,WAV,PCM_16,2,44100,10,1764044,unknown
Gyaase_Meeting_2nd_April_2024 (522).wav,wav,WAV,PCM_16,2,44100,10,1764044,unknown
Gyaase_Meeting_2nd_April_2024 (523).wav,wav,WAV,PCM_16,2,44100,10,1764044,unknown
Gyaase_Meeting_2nd_April_2024 (524).wav,wav,WAV,PCM_16,2,44100,10,1764044,unknown
Gyaase_Meeting_2nd_April_2024 (525).wav,wav,WAV,PCM_16,2,44100,10,1764044,unknown
Gyaase_Meeting_2nd_April_2024 (526).wav,wav,WAV,PCM_16,2,44100,10,1764044,unknown
Gyaase_Meeting_2nd_April_2024 (527).wav,wav,WAV,PCM_16,2,44100,10,1764044,unknown
Gyaase_Meeting_2nd_April_2024 (528).wav,wav,WAV,PCM_16,2,44100,10,1764044,unknown
Gyaase_Meeting_2nd_April_2024 (529).wav,wav,WAV,PCM_16,2,44100,10,1764044,unknown
Gyaase_Meeting_2nd_April_2024 (53).wav,wav,WAV,PCM_16,2,44100,10,1764044,unknown
Gyaase_Meeting_2nd_April_2024 (530).wav,wav,WAV,PCM_16,2,44100,10,1764044,unknown
Gyaase_Meeting_2nd_April_2024 (531).wav,wav,WAV,PCM_16,2,44100,10,1764044,unknown
Gyaase_Meeting_2nd_April_2024 (532).wav,wav,WAV,PCM_16,2,44100,10,1764044,unknown
Gyaase_Meeting_2nd_April_2024 (533).wav,wav,WAV,PCM_16,2,44100,10,1764044,unknown
Gyaase_Meeting_2nd_April_2024 (534).wav,wav,WAV,PCM_16,2,44100,10,1764044,unknown
Gyaase_Meeting_2nd_April_2024 (535).wav,wav,WAV,PCM_16,2,44100,10,1764044,unknown
Gyaase_Meeting_2nd_April_2024 (536).wav,wav,WAV,PCM_16,2,44100,10,1764044,unknown
Gyaase_Meeting_2nd_April_2024 (537).wav,wav,WAV,PCM_16,2,44100,10,1764044,unknown
Gyaase_Meeting_2nd_April_2024 (538).wav,wav,WAV,PCM_16,2,44100,10,1764044,unknown
Gyaase_Meeting_2nd_April_2024 (539).wav,wav,WAV,PCM_16,2,44100,10,1764044,unknown
Gyaase_Meeting_2nd_April_2024 (54).wav,wav,WAV,PCM_16,2,44100,10,1764044,unknown
Gyaase_Meeting_2nd_April_2024 (540).wav,wav,WAV,PCM_16,2,44100,10,1764044,unknown
Gyaase_Meeting_2nd_April_2024 (541).wav,wav,WAV,PCM_16,2,44100,10,1764044,unknown
Gyaase_Meeting_2nd_April_2024 (542).wav,wav,WAV,PCM_16,2,44100,10,1764044,unknown
Gyaase_Meeting_2nd_April_2024 (543).wav,wav,WAV,PCM_16,2,44100,10,1764044,unknown
Gyaase_Meeting_2nd_April_2024 (544).wav,wav,WAV,PCM_16,2,44100,10,1764044,unknown
Gyaase_Meeting_2nd_April_2024 (545).wav,wav,WAV,PCM_16,2,44100,10,1764044,unknown
Gyaase_Meeting_2nd_April_2024 (546).wav,wav,WAV,PCM_16,2,44100,10,1764044,unknown
Gyaase_Meeting_2nd_April_2024 (547).wav,wav,WAV,PCM_16,2,44100,10,1764044,unknown
Gyaase_Meeting_2nd_April_2024 (548).wav,wav,WAV,PCM_16,2,44100,10,1764044,unknown
Gyaase_Meeting_2nd_April_2024 (549).wav,wav,WAV,PCM_16,2,44100,10,1764044,unknown
Gyaase_Meeting_2nd_April_2024 (55).wav,wav,WAV,PCM_16,2,44100,10,1764044,unknown
Gyaase_Meeting_2nd_April_2024 (550).wav,wav,WAV,PCM_16,2,44100,10,1764044,unknown
Gyaase_Meeting_2nd_April_2024 (551).wav,wav,WAV,PCM_16,2,44100,10,1764044,unknown
Gyaase_Meeting_2nd_April_2024 (552).wav,wav,WAV,PCM_16,2,44100,10,1764044,unknown
Gyaase_Meeting_2nd_April_2024 (553).wav,wav,WAV,PCM_16,2,44100,10,1764044,unknown
Gyaase_Meeting_2nd_April_2024 (554).wav,wav,WAV,PCM_16,2,44100,10,1764044,unknown
Gyaase_Meeting_2nd_April_2024 (555).wav,wav,WAV,PCM_16,2,44100,10,1764044,unknown
Gyaase_Meeting_2nd_April_2024 (556).wav,wav,WAV,PCM_16,2,44100,10,1764044,unknown
Gyaase_Meeting_2nd_April_2024 (557).wav,wav,WAV,PCM_16,2,44100,10,1764044,unknown
Gyaase_Meeting_2nd_April_2024 (558).wav,wav,WAV,PCM_16,2,44100,10,1764044,unknown
Gyaase_Meeting_2nd_April_2024 (559).wav,wav,WAV,PCM_16,2,44100,10,1764044,unknown
Gyaase_Meeting_2nd_April_2024 (56).wav,wav,WAV,PCM_16,2,44100,10,1764044,unknown
Gyaase_Meeting_2nd_April_2024 (560).wav,wav,WAV,PCM_16,2,44100,10,1764044,unknown
Gyaase_Meeting_2nd_April_2024 (561).wav,wav,WAV,PCM_16,2,44100,10,1764044,unknown
Gyaase_Meeting_2nd_April_2024 (562).wav,wav,WAV,PCM_16,2,44100,10,1764044,unknown
Gyaase_Meeting_2nd_April_2024 (563).wav,wav,WAV,PCM_16,2,44100,10,1764044,unknown
Gyaase_Meeting_2nd_April_2024 (564).wav,wav,WAV,PCM_16,2,44100,10,1764044,unknown
Gyaase_Meeting_2nd_April_2024 (565).wav,wav,WAV,PCM_16,2,44100,10,1764044,unknown
Gyaase_Meeting_2nd_April_2024 (566).wav,wav,WAV,PCM_16,2,44100,10,1764044,unknown
Gyaase_Meeting_2nd_April_2024 (567).wav,wav,WAV,PCM_16,2,44100,10,1764044,unknown
Gyaase_Meeting_2nd_April_2024 (568).wav,wav,WAV,PCM_16,2,44100,10,1764044,unknown
Gyaase_Meeting_2nd_April_2024 (569).wav,wav,WAV,PCM_16,2,44100,10,1764044,unknown
Gyaase_Meeting_2nd_April_2024 (57).wav,wav,WAV,PCM_16,2,44100,10,1764044,unknown
Gyaase_Meeting_2nd_April_2024 (570).wav,wav,WAV,PCM_16,2,44100,10,1764044,unknown
Gyaase_Meeting_2nd_April_2024 (571).wav,wav,WAV,PCM_16,2,44100,10,1764044,unknown
Gyaase_Meeting_2nd_April_2024 (572).wav,wav,WAV,PCM_16,2,44100,10,1764044,unknown
Gyaase_Meeting_2nd_April_2024 (573).wav,wav,WAV,PCM_16,2,44100,10,1764044,unknown
Gyaase_Meeting_2nd_April_2024 (574).wav,wav,WAV,PCM_16,2,44100,10,1764044,unknown
Gyaase_Meeting_2nd_April_2024 (575).wav,wav,WAV,PCM_16,2,44100,10,1764044,unknown
Gyaase_Meeting_2nd_April_2024 (576).wav,wav,WAV,PCM_16,2,44100,10,1764044,unknown
Gyaase_Meeting_2nd_April_2024 (577).wav,wav,WAV,PCM_16,2,44100,10,1764044,unknown
Gyaase_Meeting_2nd_April_2024 (578).wav,wav,WAV,PCM_16,2,44100,10,1764044,unknown
Gyaase_Meeting_2nd_April_2024 (579).wav,wav,WAV,PCM_16,2,44100,10,1764044,unknown
Gyaase_Meeting_2nd_April_2024 (58).wav,wav,WAV,PCM_16,2,44100,10,1764044,unknown
Gyaase_Meeting_2nd_April_2024 (580).wav,wav,WAV,PCM_16,2,44100,10,1764044,unknown
Gyaase_Meeting_2nd_April_2024 (581).wav,wav,WAV,PCM_16,2,44100,10,1764044,unknown
Gyaase_Meeting_2nd_April_2024 (582).wav,wav,WAV,PCM_16,2,44100,10,1764044,unknown
Gyaase_Meeting_2nd_April_2024 (583).wav,wav,WAV,PCM_16,2,44100,10,1764044,unknown
Gyaase_Meeting_2nd_April_2024 (584).wav,wav,WAV,PCM_16,2,44100,10,1764044,unknown
Gyaase_Meeting_2nd_April_2024 (585).wav,wav,WAV,PCM_16,2,44100,10,1764044,unknown
Gyaase_Meeting_2nd_April_2024 (586).wav,wav,WAV,PCM_16,2,44100,10,1764044,unknown
Gyaase_Meeting_2nd_April_2024 (587).wav,wav,WAV,PCM_16,2,44100,10,1764044,unknown
Gyaase_Meeting_2nd_April_2024 (588).wav,wav,WAV,PCM_16,2,44100,10,1764044,unknown
Gyaase_Meeting_2nd_April_2024 (589).wav,wav,WAV,PCM_16,2,44100,10,1764044,unknown
Gyaase_Meeting_2nd_April_2024 (59).wav,wav,WAV,PCM_16,2,44100,10,1764044,unknown
Gyaase_Meeting_2nd_April_2024 (590).wav,wav,WAV,PCM_16,2,44100,10,1764044,unknown
Gyaase_Meeting_2nd_April_2024 (591).wav,wav,WAV,PCM_16,2,44100,10,1764044,unknown
Gyaase_Meeting_2nd_April_2024 (592).wav,wav,WAV,PCM_16,2,44100,10,1764044,unknown
Gyaase_Meeting_2nd_April_2024 (593).wav,wav,WAV,PCM_16,2,44100,10,1764044,unknown
Gyaase_Meeting_2nd_April_2024 (594).wav,wav,WAV,PCM_16,2,44100,10,1764044,unknown
Gyaase_Meeting_2nd_April_2024 (595).wav,wav,WAV,PCM_16,2,44100,10,1764044,unknown
Gyaase_Meeting_2nd_April_2024 (596).wav,wav,WAV,PCM_16,2,44100,10,1764044,unknown
Gyaase_Meeting_2nd_April_2024 (597).wav,wav,WAV,PCM_16,2,44100,10,1764044,unknown
Gyaase_Meeting_2nd_April_2024 (598).wav,wav,WAV,PCM_16,2,44100,10,1764044,unknown
Gyaase_Meeting_2nd_April_2024 (599).wav,wav,WAV,PCM_16,2,44100,10,1764044,unknown
Gyaase_Meeting_2nd_April_2024 (6).wav,wav,WAV,PCM_16,2,44100,10,1764044,unknown
Gyaase_Meeting_2nd_April_2024 (60).wav,wav,WAV,PCM_16,2,44100,10,1764044,unknown
Gyaase_Meeting_2nd_April_2024 (600).wav,wav,WAV,PCM_16,2,44100,10,1764044,unknown
Gyaase_Meeting_2nd_April_2024 (601).wav,wav,WAV,PCM_16,2,44100,10,1764044,unknown
Gyaase_Meeting_2nd_April_2024 (602).wav,wav,WAV,PCM_16,2,44100,10,1764044,unknown
Gyaase_Meeting_2nd_April_2024 (603).wav,wav,WAV,PCM_16,2,44100,10,1764044,unknown
Gyaase_Meeting_2nd_April_2024 (604).wav,wav,WAV,PCM_16,2,44100,10,1764044,unknown
Gyaase_Meeting_2nd_April_2024 (605).wav,wav,WAV,PCM_16,2,44100,10,1764044,unknown
Gyaase_Meeting_2nd_April_2024 (606).wav,wav,WAV,PCM_16,2,44100,10,1764044,unknown
Gyaase_Meeting_2nd_April_2024 (607).wav,wav,WAV,PCM_16,2,44100,10,1764044,unknown
Gyaase_Meeting_2nd_April_2024 (608).wav,wav,WAV,PCM_16,2,44100,10,1764044,unknown
Gyaase_Meeting_2nd_April_2024 (609).wav,wav,WAV,PCM_16,2,44100,10,1764044,unknown
Gyaase_Meeting_2nd_April_2024 (61).wav,wav,WAV,PCM_16,2,44100,10,1764044,unknown
Gyaase_Meeting_2nd_April_2024 (610).wav,wav,WAV,PCM_16,2,44100,10,1764044,unknown
Gyaase_Meeting_2nd_April_2024 (611).wav,wav,WAV,PCM_16,2,44100,10,1764044,unknown
Gyaase_Meeting_2nd_April_2024 (612).wav,wav,WAV,PCM_16,2,44100,10,1764044,unknown
Gyaase_Meeting_2nd_April_2024 (613).wav,wav,WAV,PCM_16,2,44100,10,1764044,unknown
Gyaase_Meeting_2nd_April_2024 (614).wav,wav,WAV,PCM_16,2,44100,10,1764044,unknown
Gyaase_Meeting_2nd_April_2024 (615).wav,wav,WAV,PCM_16,2,44100,10,1764044,unknown
Gyaase_Meeting_2nd_April_2024 (616).wav,wav,WAV,PCM_16,2,44100,10,1764044,unknown
Gyaase_Meeting_2nd_April_2024 (617).wav,wav,WAV,PCM_16,2,44100,10,1764044,unknown
Gyaase_Meeting_2nd_April_2024 (618).wav,wav,WAV,PCM_16,2,44100,10,1764044,unknown
Gyaase_Meeting_2nd_April_2024 (619).wav,wav,WAV,PCM_16,2,44100,10,1764044,unknown
Gyaase_Meeting_2nd_April_2024 (62).wav,wav,WAV,PCM_16,2,44100,10,1764044,unknown
Gyaase_Meeting_2nd_April_2024 (620).wav,wav,WAV,PCM_16,2,44100,10,1764044,unknown
Gyaase_Meeting_2nd_April_2024 (621).wav,wav,WAV,PCM_16,2,44100,10,1764044,unknown
Gyaase_Meeting_2nd_April_2024 (622).wav,wav,WAV,PCM_16,2,44100,10,1764044,unknown
Gyaase_Meeting_2nd_April_2024 (623).wav,wav,WAV,PCM_16,2,44100,10,1764044,unknown
Gyaase_Meeting_2nd_April_2024 (624).wav,wav,WAV,PCM_16,2,44100,10,1764044,unknown
Gyaase_Meeting_2nd_April_2024 (625).wav,wav,WAV,PCM_16,2,44100,10,1764044,unknown
Gyaase_Meeting_2nd_April_2024 (626).wav,wav,WAV,PCM_16,2,44100,10,1764044,unknown
Gyaase_Meeting_2nd_April_2024 (627).wav,wav,WAV,PCM_16,2,44100,10,1764044,unknown
Gyaase_Meeting_2nd_April_2024 (628).wav,wav,WAV,PCM_16,2,44100,10,1764044,unknown
Gyaase_Meeting_2nd_April_2024 (629).wav,wav,WAV,PCM_16,2,44100,10,1764044,unknown
Gyaase_Meeting_2nd_April_2024 (63).wav,wav,WAV,PCM_16,2,44100,10,1764044,unknown
Gyaase_Meeting_2nd_April_2024 (630).wav,wav,WAV,PCM_16,2,44100,10,1764044,unknown
Gyaase_Meeting_2nd_April_2024 (631).wav,wav,WAV,PCM_16,2,44100,10,1764044,unknown
Gyaase_Meeting_2nd_April_2024 (632).wav,wav,WAV,PCM_16,2,44100,10,1764044,unknown
Gyaase_Meeting_2nd_April_2024 (633).wav,wav,WAV,PCM_16,2,44100,10,1764044,unknown
Gyaase_Meeting_2nd_April_2024 (634).wav,wav,WAV,PCM_16,2,44100,10,1764044,unknown
Gyaase_Meeting_2nd_April_2024 (635).wav,wav,WAV,PCM_16,2,44100,10,1764044,unknown
Gyaase_Meeting_2nd_April_2024 (636).wav,wav,WAV,PCM_16,2,44100,10,1764044,unknown
Gyaase_Meeting_2nd_April_2024 (637).wav,wav,WAV,PCM_16,2,44100,10,1764044,unknown
Gyaase_Meeting_2nd_April_2024 (638).wav,wav,WAV,PCM_16,2,44100,10,1764044,unknown
Gyaase_Meeting_2nd_April_2024 (639).wav,wav,WAV,PCM_16,2,44100,10,1764044,unknown
Gyaase_Meeting_2nd_April_2024 (64).wav,wav,WAV,PCM_16,2,44100,10,1764044,unknown
Gyaase_Meeting_2nd_April_2024 (640).wav,wav,WAV,PCM_16,2,44100,10,1764044,unknown
Gyaase_Meeting_2nd_April_2024 (641).wav,wav,WAV,PCM_16,2,44100,10,1764044,unknown
Gyaase_Meeting_2nd_April_2024 (642).wav,wav,WAV,PCM_16,2,44100,10,1764044,unknown
Gyaase_Meeting_2nd_April_2024 (643).wav,wav,WAV,PCM_16,2,44100,10,1764044,unknown
Gyaase_Meeting_2nd_April_2024 (644).wav,wav,WAV,PCM_16,2,44100,10,1764044,unknown
Gyaase_Meeting_2nd_April_2024 (645).wav,wav,WAV,PCM_16,2,44100,10,1764044,unknown
Gyaase_Meeting_2nd_April_2024 (646).wav,wav,WAV,PCM_16,2,44100,10,1764044,unknown
Gyaase_Meeting_2nd_April_2024 (647).wav,wav,WAV,PCM_16,2,44100,10,1764044,unknown
Gyaase_Meeting_2nd_April_2024 (648).wav,wav,WAV,PCM_16,2,44100,10,1764044,unknown
Gyaase_Meeting_2nd_April_2024 (649).wav,wav,WAV,PCM_16,2,44100,10,1764044,unknown
Gyaase_Meeting_2nd_April_2024 (65).wav,wav,WAV,PCM_16,2,44100,10,1764044,unknown
Gyaase_Meeting_2nd_April_2024 (650).wav,wav,WAV,PCM_16,2,44100,10,1764044,unknown
Gyaase_Meeting_2nd_April_2024 (651).wav,wav,WAV,PCM_16,2,44100,10,1764044,unknown
Gyaase_Meeting_2nd_April_2024 (652).wav,wav,WAV,PCM_16,2,44100,10,1764044,unknown
Gyaase_Meeting_2nd_April_2024 (653).wav,wav,WAV,PCM_16,2,44100,10,1764044,unknown
Gyaase_Meeting_2nd_April_2024 (654).wav,wav,WAV,PCM_16,2,44100,10,1764044,unknown
Gyaase_Meeting_2nd_April_2024 (655).wav,wav,WAV,PCM_16,2,44100,10,1764044,unknown
Gyaase_Meeting_2nd_April_2024 (656).wav,wav,WAV,PCM_16,2,44100,10,1764044,unknown
Gyaase_Meeting_2nd_April_2024 (657).wav,wav,WAV,PCM_16,2,44100,10,1764044,unknown
Gyaase_Meeting_2nd_April_2024 (658).wav,wav,WAV,PCM_16,2,44100,10,1764044,unknown
Gyaase_Meeting_2nd_April_2024 (659).wav,wav,WAV,PCM_16,2,44100,10,1764044,unknown
Gyaase_Meeting_2nd_April_2024 (66).wav,wav,WAV,PCM_16,2,44100,10,1764044,unknown
Gyaase_Meeting_2nd_April_2024 (660).wav,wav,WAV,PCM_16,2,44100,10,1764044,unknown
Gyaase_Meeting_2nd_April_2024 (661).wav,wav,WAV,PCM_16,2,44100,10,1764044,unknown
Gyaase_Meeting_2nd_April_2024 (662).wav,wav,WAV,PCM_16,2,44100,10,1764044,unknown
Gyaase_Meeting_2nd_April_2024 (663).wav,wav,WAV,PCM_16,2,44100,10,1764044,unknown
Gyaase_Meeting_2nd_April_2024 (664).wav,wav,WAV,PCM_16,2,44100,10,1764044,unknown
Gyaase_Meeting_2nd_April_2024 (665).wav,wav,WAV,PCM_16,2,44100,10,1764044,unknown
Gyaase_Meeting_2nd_April_2024 (666).wav,wav,WAV,PCM_16,2,44100,10,1764044,unknown
Gyaase_Meeting_2nd_April_2024 (667).wav,wav,WAV,PCM_16,2,44100,10,1764044,unknown
Gyaase_Meeting_2nd_April_2024 (668).wav,wav,WAV,PCM_16,2,44100,10,1764044,unknown
Gyaase_Meeting_2nd_April_2024 (669).wav,wav,WAV,PCM_16,2,44100,10,1764044,unknown
Gyaase_Meeting_2nd_April_2024 (67).wav,wav,WAV,PCM_16,2,44100,10,1764044,unknown
Gyaase_Meeting_2nd_April_2024 (670).wav,wav,WAV,PCM_16,2,44100,10,1764044,unknown
Gyaase_Meeting_2nd_April_2024 (671).wav,wav,WAV,PCM_16,2,44100,10,1764044,unknown
Gyaase_Meeting_2nd_April_2024 (672).wav,wav,WAV,PCM_16,2,44100,10,1764044,unknown
Gyaase_Meeting_2nd_April_2024 (673).wav,wav,WAV,PCM_16,2,44100,10,1764044,unknown
Gyaase_Meeting_2nd_April_2024 (674).wav,wav,WAV,PCM_16,2,44100,10,1764044,unknown
Gyaase_Meeting_2nd_April_2024 (675).wav,wav,WAV,PCM_16,2,44100,10,1764044,unknown
Gyaase_Meeting_2nd_April_2024 (676).wav,wav,WAV,PCM_16,2,44100,10,1764044,unknown
Gyaase_Meeting_2nd_April_2024 (677).wav,wav,WAV,PCM_16,2,44100,10,1764044,unknown
Gyaase_Meeting_2nd_April_2024 (678).wav,wav,WAV,PCM_16,2,44100,10,1764044,unknown
Gyaase_Meeting_2nd_April_2024 (679).wav,wav,WAV,PCM_16,2,44100,10,1764044,unknown
Gyaase_Meeting_2nd_April_2024 (68).wav,wav,WAV,PCM_16,2,44100,10,1764044,unknown
Gyaase_Meeting_2nd_April_2024 (680).wav,wav,WAV,PCM_16,2,44100,10,1764044,unknown
Gyaase_Meeting_2nd_April_2024 (681).wav,wav,WAV,PCM_16,2,44100,10,1764044,unknown
Gyaase_Meeting_2nd_April_2024 (682).wav,wav,WAV,PCM_16,2,44100,10,1764044,unknown
Gyaase_Meeting_2nd_April_2024 (683).wav,wav,WAV,PCM_16,2,44100,10,1764044,unknown
Gyaase_Meeting_2nd_April_2024 (684).wav,wav,WAV,PCM_16,2,44100,10,1764044,unknown
Gyaase_Meeting_2nd_April_2024 (685).wav,wav,WAV,PCM_16,2,44100,10,1764044,unknown
Gyaase_Meeting_2nd_April_2024 (686).wav,wav,WAV,PCM_16,2,44100,10,1764044,unknown
Gyaase_Meeting_2nd_April_2024 (687).wav,wav,WAV,PCM_16,2,44100,10,1764044,unknown
Gyaase_Meeting_2nd_April_2024 (688).wav,wav,WAV,PCM_16,2,44100,10,1764044,unknown
Gyaase_Meeting_2nd_April_2024 (689).wav,wav,WAV,PCM_16,2,44100,10,1764044,unknown
Gyaase_Meeting_2nd_April_2024 (69).wav,wav,WAV,PCM_16,2,44100,10,1764044,unknown
Gyaase_Meeting_2nd_April_2024 (690).wav,wav,WAV,PCM_16,2,44100,10,1764044,unknown
Gyaase_Meeting_2nd_April_2024 (691).wav,wav,WAV,PCM_16,2,44100,10,1764044,unknown
Gyaase_Meeting_2nd_April_2024 (692).wav,wav,WAV,PCM_16,2,44100,10,1764044,unknown
Gyaase_Meeting_2nd_April_2024 (693).wav,wav,WAV,PCM_16,2,44100,10,1764044,unknown
Gyaase_Meeting_2nd_April_2024 (694).wav,wav,WAV,PCM_16,2,44100,10,1764044,unknown
Gyaase_Meeting_2nd_April_2024 (695).wav,wav,WAV,PCM_16,2,44100,10,1764044,unknown
Gyaase_Meeting_2nd_April_2024 (696).wav,wav,WAV,PCM_16,2,44100,10,1764044,unknown
Gyaase_Meeting_2nd_April_2024 (697).wav,wav,WAV,PCM_16,2,44100,10,1764044,unknown
Gyaase_Meeting_2nd_April_2024 (698).wav,wav,WAV,PCM_16,2,44100,10,1764044,unknown
Gyaase_Meeting_2nd_April_2024 (699).wav,wav,WAV,PCM_16,2,44100,10,1764044,unknown
Gyaase_Meeting_2nd_April_2024 (7).wav,wav,WAV,PCM_16,2,44100,10,1764044,unknown
Gyaase_Meeting_2nd_April_2024 (70).wav,wav,WAV,PCM_16,2,44100,10,1764044,unknown
Gyaase_Meeting_2nd_April_2024 (700).wav,wav,WAV,PCM_16,2,44100,10,1764044,unknown
Gyaase_Meeting_2nd_April_2024 (701).wav,wav,WAV,PCM_16,2,44100,10,1764044,unknown
Gyaase_Meeting_2nd_April_2024 (702).wav,wav,WAV,PCM_16,2,44100,10,1764044,unknown
Gyaase_Meeting_2nd_April_2024 (703).wav,wav,WAV,PCM_16,2,44100,10,1764044,unknown
Gyaase_Meeting_2nd_April_2024 (704).wav,wav,WAV,PCM_16,2,44100,10,1764044,unknown
Gyaase_Meeting_2nd_April_2024 (705).wav,wav,WAV,PCM_16,2,44100,10,1764044,unknown
Gyaase_Meeting_2nd_April_2024 (706).wav,wav,WAV,PCM_16,2,44100,10,1764044,unknown
Gyaase_Meeting_2nd_April_2024 (707).wav,wav,WAV,PCM_16,2,44100,10,1764044,unknown
Gyaase_Meeting_2nd_April_2024 (708).wav,wav,WAV,PCM_16,2,44100,10,1764044,unknown
Gyaase_Meeting_2nd_April_2024 (709).wav,wav,WAV,PCM_16,2,44100,10,1764044,unknown
Gyaase_Meeting_2nd_April_2024 (71).wav,wav,WAV,PCM_16,2,44100,10,1764044,unknown
Gyaase_Meeting_2nd_April_2024 (710).wav,wav,WAV,PCM_16,2,44100,10,1764044,unknown
Gyaase_Meeting_2nd_April_2024 (711).wav,wav,WAV,PCM_16,2,44100,10,1764044,unknown
Gyaase_Meeting_2nd_April_2024 (712).wav,wav,WAV,PCM_16,2,44100,10,1764044,unknown
Gyaase_Meeting_2nd_April_2024 (713).wav,wav,WAV,PCM_16,2,44100,10,1764044,unknown
Gyaase_Meeting_2nd_April_2024 (714).wav,wav,WAV,PCM_16,2,44100,10,1764044,unknown
Gyaase_Meeting_2nd_April_2024 (715).wav,wav,WAV,PCM_16,2,44100,10,1764044,unknown
Gyaase_Meeting_2nd_April_2024 (716).wav,wav,WAV,PCM_16,2,44100,10,1764044,unknown
Gyaase_Meeting_2nd_April_2024 (717).wav,wav,WAV,PCM_16,2,44100,10,1764044,unknown
Gyaase_Meeting_2nd_April_2024 (718).wav,wav,WAV,PCM_16,2,44100,10,1764044,unknown
Gyaase_Meeting_2nd_April_2024 (719).wav,wav,WAV,PCM_16,2,44100,10,1764044,unknown
Gyaase_Meeting_2nd_April_2024 (72).wav,wav,WAV,PCM_16,2,44100,10,1764044,unknown
Gyaase_Meeting_2nd_April_2024 (720).wav,wav,WAV,PCM_16,2,44100,10,1764044,unknown
Gyaase_Meeting_2nd_April_2024 (721).wav,wav,WAV,PCM_16,2,44100,10,1764044,unknown
Gyaase_Meeting_2nd_April_2024 (722).wav,wav,WAV,PCM_16,2,44100,10,1764044,unknown
Gyaase_Meeting_2nd_April_2024 (723).wav,wav,WAV,PCM_16,2,44100,10,1764044,unknown
Gyaase_Meeting_2nd_April_2024 (724).wav,wav,WAV,PCM_16,2,44100,10,1764044,unknown
Gyaase_Meeting_2nd_April_2024 (725).wav,wav,WAV,PCM_16,2,44100,10,1764044,unknown
Gyaase_Meeting_2nd_April_2024 (726).wav,wav,WAV,PCM_16,2,44100,10,1764044,unknown
Gyaase_Meeting_2nd_April_2024 (727).wav,wav,WAV,PCM_16,2,44100,10,1764044,unknown
Gyaase_Meeting_2nd_April_2024 (728).wav,wav,WAV,PCM_16,2,44100,10,1764044,unknown
Gyaase_Meeting_2nd_April_2024 (729).wav,wav,WAV,PCM_16,2,44100,10,1764044,unknown
Gyaase_Meeting_2nd_April_2024 (73).wav,wav,WAV,PCM_16,2,44100,10,1764044,unknown
Gyaase_Meeting_2nd_April_2024 (730).wav,wav,WAV,PCM_16,2,44100,10,1764044,unknown
Gyaase_Meeting_2nd_April_2024 (731).wav,wav,WAV,PCM_16,2,44100,10,1764044,unknown
Gyaase_Meeting_2nd_April_2024 (732).wav,wav,WAV,PCM_16,2,44100,10,1764044,unknown
Gyaase_Meeting_2nd_April_2024 (733).wav,wav,WAV,PCM_16,2,44100,10,1764044,unknown
Gyaase_Meeting_2nd_April_2024 (734).wav,wav,WAV,PCM_16,2,44100,10,1764044,unknown
Gyaase_Meeting_2nd_April_2024 (735).wav,wav,WAV,PCM_16,2,44100,10,1764044,unknown
Gyaase_Meeting_2nd_April_2024 (736).wav,wav,WAV,PCM_16,2,44100,10,1764044,unknown
Gyaase_Meeting_2nd_April_2024 (737).wav,wav,WAV,PCM_16,2,44100,10,1764044,unknown
Gyaase_Meeting_2nd_April_2024 (738).wav,wav,WAV,PCM_16,2,44100,10,1764044,unknown
Gyaase_Meeting_2nd_April_2024 (739).wav,wav,WAV,PCM_16,2,44100,10,1764044,unknown
Gyaase_Meeting_2nd_April_2024 (74).wav,wav,WAV,PCM_16,2,44100,10,1764044,unknown
Gyaase_Meeting_2nd_April_2024 (740).wav,wav,WAV,PCM_16,2,44100,10,1764044,unknown
Gyaase_Meeting_2nd_April_2024 (741).wav,wav,WAV,PCM_16,2,44100,10,1764044,unknown
Gyaase_Meeting_2nd_April_2024 (742).wav,wav,WAV,PCM_16,2,44100,10,1764044,unknown
Gyaase_Meeting_2nd_April_2024 (743).wav,wav,WAV,PCM_16,2,44100,10,1764044,unknown
Gyaase_Meeting_2nd_April_2024 (744).wav,wav,WAV,PCM_16,2,44100,10,1764044,unknown
Gyaase_Meeting_2nd_April_2024 (745).wav,wav,WAV,PCM_16,2,44100,10,1764044,unknown
Gyaase_Meeting_2nd_April_2024 (746).wav,wav,WAV,PCM_16,2,44100,10,1764044,unknown
Gyaase_Meeting_2nd_April_2024 (747).wav,wav,WAV,PCM_16,2,44100,10,1764044,unknown
Gyaase_Meeting_2nd_April_2024 (748).wav,wav,WAV,PCM_16,2,44100,10,1764044,unknown
Gyaase_Meeting_2nd_April_2024 (749).wav,wav,WAV,PCM_16,2,44100,10,1764044,unknown
Gyaase_Meeting_2nd_April_2024 (75).wav,wav,WAV,PCM_16,2,44100,10,1764044,unknown
Gyaase_Meeting_2nd_April_2024 (750).wav,wav,WAV,PCM_16,2,44100,10,1764044,unknown
Gyaase_Meeting_2nd_April_2024 (751).wav,wav,WAV,PCM_16,2,44100,10,1764044,unknown
Gyaase_Meeting_2nd_April_2024 (752).wav,wav,WAV,PCM_16,2,44100,10,1764044,unknown
Gyaase_Meeting_2nd_April_2024 (753).wav,wav,WAV,PCM_16,2,44100,10,1764044,unknown
Gyaase_Meeting_2nd_April_2024 (754).wav,wav,WAV,PCM_16,2,44100,10,1764044,unknown
Gyaase_Meeting_2nd_April_2024 (755).wav,wav,WAV,PCM_16,2,44100,10,1764044,unknown
Gyaase_Meeting_2nd_April_2024 (756).wav,wav,WAV,PCM_16,2,44100,10,1764044,unknown
Gyaase_Meeting_2nd_April_2024 (757).wav,wav,WAV,PCM_16,2,44100,10,1764044,unknown
Gyaase_Meeting_2nd_April_2024 (758).wav,wav,WAV,PCM_16,2,44100,10,1764044,unknown
Gyaase_Meeting_2nd_April_2024 (759).wav,wav,WAV,PCM_16,2,44100,10,1764044,unknown
Gyaase_Meeting_2nd_April_2024 (76).wav,wav,WAV,PCM_16,2,44100,10,1764044,unknown
Gyaase_Meeting_2nd_April_2024 (760).wav,wav,WAV,PCM_16,2,44100,10,1764044,unknown
Gyaase_Meeting_2nd_April_2024 (761).wav,wav,WAV,PCM_16,2,44100,10,1764044,unknown
Gyaase_Meeting_2nd_April_2024 (762).wav,wav,WAV,PCM_16,2,44100,10,1764044,unknown
Gyaase_Meeting_2nd_April_2024 (763).wav,wav,WAV,PCM_16,2,44100,10,1764044,unknown
Gyaase_Meeting_2nd_April_2024 (764).wav,wav,WAV,PCM_16,2,44100,10,1764044,unknown
Gyaase_Meeting_2nd_April_2024 (765).wav,wav,WAV,PCM_16,2,44100,10,1764044,unknown
Gyaase_Meeting_2nd_April_2024 (766).wav,wav,WAV,PCM_16,2,44100,10,1764044,unknown
Gyaase_Meeting_2nd_April_2024 (767).wav,wav,WAV,PCM_16,2,44100,10,1764044,unknown
Gyaase_Meeting_2nd_April_2024 (768).wav,wav,WAV,PCM_16,2,44100,10,1764044,unknown
Gyaase_Meeting_2nd_April_2024 (769).wav,wav,WAV,PCM_16,2,44100,10,1764044,unknown
Gyaase_Meeting_2nd_April_2024 (77).wav,wav,WAV,PCM_16,2,44100,10,1764044,unknown
Gyaase_Meeting_2nd_April_2024 (770).wav,wav,WAV,PCM_16,2,44100,10,1764044,unknown
Gyaase_Meeting_2nd_April_2024 (771).wav,wav,WAV,PCM_16,2,44100,10,1764044,unknown
Gyaase_Meeting_2nd_April_2024 (772).wav,wav,WAV,PCM_16,2,44100,10,1764044,unknown
Gyaase_Meeting_2nd_April_2024 (773).wav,wav,WAV,PCM_16,2,44100,10,1764044,unknown
Gyaase_Meeting_2nd_April_2024 (774).wav,wav,WAV,PCM_16,2,44100,10,1764044,unknown
Gyaase_Meeting_2nd_April_2024 (775).wav,wav,WAV,PCM_16,2,44100,10,1764044,unknown
Gyaase_Meeting_2nd_April_2024 (776).wav,wav,WAV,PCM_16,2,44100,10,1764044,unknown
Gyaase_Meeting_2nd_April_2024 (777).wav,wav,WAV,PCM_16,2,44100,10,1764044,unknown
Gyaase_Meeting_2nd_April_2024 (778).wav,wav,WAV,PCM_16,2,44100,10,1764044,unknown
Gyaase_Meeting_2nd_April_2024 (779).wav,wav,WAV,PCM_16,2,44100,10,1764044,unknown
Gyaase_Meeting_2nd_April_2024 (78).wav,wav,WAV,PCM_16,2,44100,10,1764044,unknown
Gyaase_Meeting_2nd_April_2024 (780).wav,wav,WAV,PCM_16,2,44100,10,1764044,unknown
Gyaase_Meeting_2nd_April_2024 (781).wav,wav,WAV,PCM_16,2,44100,10,1764044,unknown
Gyaase_Meeting_2nd_April_2024 (782).wav,wav,WAV,PCM_16,2,44100,10,1764044,unknown
Gyaase_Meeting_2nd_April_2024 (783).wav,wav,WAV,PCM_16,2,44100,10,1764044,unknown
Gyaase_Meeting_2nd_April_2024 (784).wav,wav,WAV,PCM_16,2,44100,10,1764044,unknown
Gyaase_Meeting_2nd_April_2024 (785).wav,wav,WAV,PCM_16,2,44100,10,1764044,unknown
Gyaase_Meeting_2nd_April_2024 (786).wav,wav,WAV,PCM_16,2,44100,10,1764044,unknown
Gyaase_Meeting_2nd_April_2024 (787).wav,wav,WAV,PCM_16,2,44100,10,1764044,unknown
Gyaase_Meeting_2nd_April_2024 (788).wav,wav,WAV,PCM_16,2,44100,10,1764044,unknown
Gyaase_Meeting_2nd_April_2024 (789).wav,wav,WAV,PCM_16,2,44100,10,1764044,unknown
Gyaase_Meeting_2nd_April_2024 (79).wav,wav,WAV,PCM_16,2,44100,10,1764044,unknown
Gyaase_Meeting_2nd_April_2024 (790).wav,wav,WAV,PCM_16,2,44100,10,1764044,unknown
Gyaase_Meeting_2nd_April_2024 (791).wav,wav,WAV,PCM_16,2,44100,10,1764044,unknown
Gyaase_Meeting_2nd_April_2024 (792).wav,wav,WAV,PCM_16,2,44100,10,1764044,unknown
Gyaase_Meeting_2nd_April_2024 (793).wav,wav,WAV,PCM_16,2,44100,10,1764044,unknown
Gyaase_Meeting_2nd_April_2024 (794).wav,wav,WAV,PCM_16,2,44100,10,1764044,unknown
Gyaase_Meeting_2nd_April_2024 (795).wav,wav,WAV,PCM_16,2,44100,10,1764044,unknown
Gyaase_Meeting_2nd_April_2024 (796).wav,wav,WAV,PCM_16,2,44100,10,1764044,unknown
Gyaase_Meeting_2nd_April_2024 (797).wav,wav,WAV,PCM_16,2,44100,10,1764044,unknown
Gyaase_Meeting_2nd_April_2024 (798).wav,wav,WAV,PCM_16,2,44100,10,1764044,unknown
Gyaase_Meeting_2nd_April_2024 (799).wav,wav,WAV,PCM_16,2,44100,10,1764044,unknown
Gyaase_Meeting_2nd_April_2024 (8).wav,wav,WAV,PCM_16,2,44100,10,1764044,unknown
Gyaase_Meeting_2nd_April_2024 (80).wav,wav,WAV,PCM_16,2,44100,10,1764044,unknown
Gyaase_Meeting_2nd_April_2024 (800).wav,wav,WAV,PCM_16,2,44100,10,1764044,unknown
Gyaase_Meeting_2nd_April_2024 (801).wav,wav,WAV,PCM_16,2,44100,10,1764044,unknown
Gyaase_Meeting_2nd_April_2024 (802).wav,wav,WAV,PCM_16,2,44100,10,1764044,unknown
Gyaase_Meeting_2nd_April_2024 (803).wav,wav,WAV,PCM_16,2,44100,10,1764044,unknown
Gyaase_Meeting_2nd_April_2024 (804).wav,wav,WAV,PCM_16,2,44100,10,1764044,unknown
Gyaase_Meeting_2nd_April_2024 (805).wav,wav,WAV,PCM_16,2,44100,10,1764044,unknown
Gyaase_Meeting_2nd_April_2024 (806).wav,wav,WAV,PCM_16,2,44100,10,1764044,unknown
Gyaase_Meeting_2nd_April_2024 (807).wav,wav,WAV,PCM_16,2,44100,10,1764044,unknown
Gyaase_Meeting_2nd_April_2024 (808).wav,wav,WAV,PCM_16,2,44100,10,1764044,unknown
Gyaase_Meeting_2nd_April_2024 (809).wav,wav,WAV,PCM_16,2,44100,10,1764044,unknown
Gyaase_Meeting_2nd_April_2024 (81).wav,wav,WAV,PCM_16,2,44100,10,1764044,unknown
Gyaase_Meeting_2nd_April_2024 (810).wav,wav,WAV,PCM_16,2,44100,10,1764044,unknown
Gyaase_Meeting_2nd_April_2024 (811).wav,wav,WAV,PCM_16,2,44100,10,1764044,unknown
Gyaase_Meeting_2nd_April_2024 (812).wav,wav,WAV,PCM_16,2,44100,10,1764044,unknown
Gyaase_Meeting_2nd_April_2024 (813).wav,wav,WAV,PCM_16,2,44100,10,1764044,unknown
Gyaase_Meeting_2nd_April_2024 (814).wav,wav,WAV,PCM_16,2,44100,10,1764044,unknown
Gyaase_Meeting_2nd_April_2024 (815).wav,wav,WAV,PCM_16,2,44100,10,1764044,unknown
Gyaase_Meeting_2nd_April_2024 (816).wav,wav,WAV,PCM_16,2,44100,10,1764044,unknown
Gyaase_Meeting_2nd_April_2024 (817).wav,wav,WAV,PCM_16,2,44100,10,1764044,unknown
Gyaase_Meeting_2nd_April_2024 (818).wav,wav,WAV,PCM_16,2,44100,10,1764044,unknown
Gyaase_Meeting_2nd_April_2024 (819).wav,wav,WAV,PCM_16,2,44100,10,1764044,unknown
Gyaase_Meeting_2nd_April_2024 (82).wav,wav,WAV,PCM_16,2,44100,10,1764044,unknown
Gyaase_Meeting_2nd_April_2024 (820).wav,wav,WAV,PCM_16,2,44100,10,1764044,unknown
Gyaase_Meeting_2nd_April_2024 (821).wav,wav,WAV,PCM_16,2,44100,10,1764044,unknown
Gyaase_Meeting_2nd_April_2024 (822).wav,wav,WAV,PCM_16,2,44100,10,1764044,unknown
Gyaase_Meeting_2nd_April_2024 (823).wav,wav,WAV,PCM_16,2,44100,10,1764044,unknown
Gyaase_Meeting_2nd_April_2024 (824).wav,wav,WAV,PCM_16,2,44100,10,1764044,unknown
Gyaase_Meeting_2nd_April_2024 (825).wav,wav,WAV,PCM_16,2,44100,10,1764044,unknown
Gyaase_Meeting_2nd_April_2024 (826).wav,wav,WAV,PCM_16,2,44100,10,1764044,unknown
Gyaase_Meeting_2nd_April_2024 (827).wav,wav,WAV,PCM_16,2,44100,10,1764044,unknown
Gyaase_Meeting_2nd_April_2024 (828).wav,wav,WAV,PCM_16,2,44100,10,1764044,unknown
Gyaase_Meeting_2nd_April_2024 (829).wav,wav,WAV,PCM_16,2,44100,10,1764044,unknown
Gyaase_Meeting_2nd_April_2024 (83).wav,wav,WAV,PCM_16,2,44100,10,1764044,unknown
Gyaase_Meeting_2nd_April_2024 (830).wav,wav,WAV,PCM_16,2,44100,10,1764044,unknown
Gyaase_Meeting_2nd_April_2024 (831).wav,wav,WAV,PCM_16,2,44100,10,1764044,unknown
Gyaase_Meeting_2nd_April_2024 (832).wav,wav,WAV,PCM_16,2,44100,10,1764044,unknown
Gyaase_Meeting_2nd_April_2024 (833).wav,wav,WAV,PCM_16,2,44100,10,1764044,unknown
Gyaase_Meeting_2nd_April_2024 (834).wav,wav,WAV,PCM_16,2,44100,10,1764044,unknown
Gyaase_Meeting_2nd_April_2024 (835).wav,wav,WAV,PCM_16,2,44100,10,1764044,unknown
Gyaase_Meeting_2nd_April_2024 (836).wav,wav,WAV,PCM_16,2,44100,10,1764044,unknown
Gyaase_Meeting_2nd_April_2024 (837).wav,wav,WAV,PCM_16,2,44100,10,1764044,unknown
Gyaase_Meeting_2nd_April_2024 (838).wav,wav,WAV,PCM_16,2,44100,10,1764044,unknown
Gyaase_Meeting_2nd_April_2024 (839).wav,wav,WAV,PCM_16,2,44100,10,1764044,unknown
Gyaase_Meeting_2nd_April_2024 (84).wav,wav,WAV,PCM_16,2,44100,10,1764044,unknown
Gyaase_Meeting_2nd_April_2024 (840).wav,wav,WAV,PCM_16,2,44100,10,1764044,unknown
Gyaase_Meeting_2nd_April_2024 (841).wav,wav,WAV,PCM_16,2,44100,10,1764044,unknown
Gyaase_Meeting_2nd_April_2024 (842).wav,wav,WAV,PCM_16,2,44100,10,1764044,unknown
Gyaase_Meeting_2nd_April_2024 (843).wav,wav,WAV,PCM_16,2,44100,10,1764044,unknown
Gyaase_Meeting_2nd_April_2024 (844).wav,wav,WAV,PCM_16,2,44100,10,1764044,unknown
Gyaase_Meeting_2nd_April_2024 (845).wav,wav,WAV,PCM_16,2,44100,10,1764044,unknown
Gyaase_Meeting_2nd_April_2024 (846).wav,wav,WAV,PCM_16,2,44100,10,1764044,unknown
Gyaase_Meeting_2nd_April_2024 (847).wav,wav,WAV,PCM_16,2,44100,10,1764044,unknown
Gyaase_Meeting_2nd_April_2024 (848).wav,wav,WAV,PCM_16,2,44100,10,1764044,unknown
Gyaase_Meeting_2nd_April_2024 (849).wav,wav,WAV,PCM_16,2,44100,10,1764044,unknown
Gyaase_Meeting_2nd_April_2024 (85).wav,wav,WAV,PCM_16,2,44100,10,1764044,unknown
Gyaase_Meeting_2nd_April_2024 (850).wav,wav,WAV,PCM_16,2,44100,10,1764044,unknown
Gyaase_Meeting_2nd_April_2024 (851).wav,wav,WAV,PCM_16,2,44100,10,1764044,unknown
Gyaase_Meeting_2nd_April_2024 (852).wav,wav,WAV,PCM_16,2,44100,10,1764044,unknown
Gyaase_Meeting_2nd_April_2024 (853).wav,wav,WAV,PCM_16,2,44100,10,1764044,unknown
Gyaase_Meeting_2nd_April_2024 (854).wav,wav,WAV,PCM_16,2,44100,10,1764044,unknown
Gyaase_Meeting_2nd_April_2024 (855).wav,wav,WAV,PCM_16,2,44100,10,1764044,unknown
Gyaase_Meeting_2nd_April_2024 (856).wav,wav,WAV,PCM_16,2,44100,10,1764044,unknown
Gyaase_Meeting_2nd_April_2024 (857).wav,wav,WAV,PCM_16,2,44100,10,1764044,unknown
Gyaase_Meeting_2nd_April_2024 (858).wav,wav,WAV,PCM_16,2,44100,10,1764044,unknown
Gyaase_Meeting_2nd_April_2024 (859).wav,wav,WAV,PCM_16,2,44100,10,1764044,unknown
Gyaase_Meeting_2nd_April_2024 (86).wav,wav,WAV,PCM_16,2,44100,10,1764044,unknown
Gyaase_Meeting_2nd_April_2024 (860).wav,wav,WAV,PCM_16,2,44100,10,1764044,unknown
Gyaase_Meeting_2nd_April_2024 (861).wav,wav,WAV,PCM_16,2,44100,10,1764044,unknown
Gyaase_Meeting_2nd_April_2024 (862).wav,wav,WAV,PCM_16,2,44100,10,1764044,unknown
Gyaase_Meeting_2nd_April_2024 (863).wav,wav,WAV,PCM_16,2,44100,10,1764044,unknown
Gyaase_Meeting_2nd_April_2024 (864).wav,wav,WAV,PCM_16,2,44100,10,1764044,unknown
Gyaase_Meeting_2nd_April_2024 (865).wav,wav,WAV,PCM_16,2,44100,10,1764044,unknown
Gyaase_Meeting_2nd_April_2024 (866).wav,wav,WAV,PCM_16,2,44100,10,1764044,unknown
Gyaase_Meeting_2nd_April_2024 (867).wav,wav,WAV,PCM_16,2,44100,10,1764044,unknown
Gyaase_Meeting_2nd_April_2024 (868).wav,wav,WAV,PCM_16,2,44100,10,1764044,unknown
Gyaase_Meeting_2nd_April_2024 (869).wav,wav,WAV,PCM_16,2,44100,10,1764044,unknown
Gyaase_Meeting_2nd_April_2024 (87).wav,wav,WAV,PCM_16,2,44100,10,1764044,unknown
Gyaase_Meeting_2nd_April_2024 (870).wav,wav,WAV,PCM_16,2,44100,10,1764044,unknown
Gyaase_Meeting_2nd_April_2024 (871).wav,wav,WAV,PCM_16,2,44100,10,1764044,unknown
Gyaase_Meeting_2nd_April_2024 (872).wav,wav,WAV,PCM_16,2,44100,10,1764044,unknown
Gyaase_Meeting_2nd_April_2024 (873).wav,wav,WAV,PCM_16,2,44100,10,1764044,unknown
Gyaase_Meeting_2nd_April_2024 (874).wav,wav,WAV,PCM_16,2,44100,10,1764044,unknown
Gyaase_Meeting_2nd_April_2024 (875).wav,wav,WAV,PCM_16,2,44100,10,1764044,unknown
Gyaase_Meeting_2nd_April_2024 (876).wav,wav,WAV,PCM_16,2,44100,10,1764044,unknown
Gyaase_Meeting_2nd_April_2024 (877).wav,wav,WAV,PCM_16,2,44100,10,1764044,unknown
Gyaase_Meeting_2nd_April_2024 (878).wav,wav,WAV,PCM_16,2,44100,10,1764044,unknown
Gyaase_Meeting_2nd_April_2024 (879).wav,wav,WAV,PCM_16,2,44100,10,1764044,unknown
Gyaase_Meeting_2nd_April_2024 (88).wav,wav,WAV,PCM_16,2,44100,10,1764044,unknown
Gyaase_Meeting_2nd_April_2024 (880).wav,wav,WAV,PCM_16,2,44100,10,1764044,unknown
Gyaase_Meeting_2nd_April_2024 (881).wav,wav,WAV,PCM_16,2,44100,10,1764044,unknown
Gyaase_Meeting_2nd_April_2024 (882).wav,wav,WAV,PCM_16,2,44100,10,1764044,unknown
Gyaase_Meeting_2nd_April_2024 (883).wav,wav,WAV,PCM_16,2,44100,10,1764044,unknown
Gyaase_Meeting_2nd_April_2024 (884).wav,wav,WAV,PCM_16,2,44100,10,1764044,unknown
Gyaase_Meeting_2nd_April_2024 (885).wav,wav,WAV,PCM_16,2,44100,10,1764044,unknown
Gyaase_Meeting_2nd_April_2024 (886).wav,wav,WAV,PCM_16,2,44100,10,1764044,unknown
Gyaase_Meeting_2nd_April_2024 (887).wav,wav,WAV,PCM_16,2,44100,10,1764044,unknown
Gyaase_Meeting_2nd_April_2024 (888).wav,wav,WAV,PCM_16,2,44100,10,1764044,unknown
Gyaase_Meeting_2nd_April_2024 (889).wav,wav,WAV,PCM_16,2,44100,10,1764044,unknown
Gyaase_Meeting_2nd_April_2024 (89).wav,wav,WAV,PCM_16,2,44100,10,1764044,unknown
Gyaase_Meeting_2nd_April_2024 (890).wav,wav,WAV,PCM_16,2,44100,10,1764044,unknown
Gyaase_Meeting_2nd_April_2024 (891).wav,wav,WAV,PCM_16,2,44100,10,1764044,unknown
Gyaase_Meeting_2nd_April_2024 (892).wav,wav,WAV,PCM_16,2,44100,10,1764044,unknown
Gyaase_Meeting_2nd_April_2024 (893).wav,wav,WAV,PCM_16,2,44100,10,1764044,unknown
Gyaase_Meeting_2nd_April_2024 (894).wav,wav,WAV,PCM_16,2,44100,10,1764044,unknown
Gyaase_Meeting_2nd_April_2024 (895).wav,wav,WAV,PCM_16,2,44100,10,1764044,unknown
Gyaase_Meeting_2nd_April_2024 (896).wav,wav,WAV,PCM_16,2,44100,10,1764044,unknown
Gyaase_Meeting_2nd_April_2024 (897).wav,wav,WAV,PCM_16,2,44100,10,1764044,unknown
Gyaase_Meeting_2nd_April_2024 (898).wav,wav,WAV,PCM_16,2,44100,10,1764044,unknown
Gyaase_Meeting_2nd_April_2024 (899).wav,wav,WAV,PCM_16,2,44100,10,1764044,unknown
Gyaase_Meeting_2nd_April_2024 (9).wav,wav,WAV,PCM_16,2,44100,10,1764044,unknown
Gyaase_Meeting_2nd_April_2024 (90).wav,wav,WAV,PCM_16,2,44100,10,1764044,unknown
Gyaase_Meeting_2nd_April_2024 (900).wav,wav,WAV,PCM_16,2,44100,10,1764044,unknown
Gyaase_Meeting_2nd_April_2024 (901).wav,wav,WAV,PCM_16,2,44100,10,1764044,unknown
Gyaase_Meeting_2nd_April_2024 (902).wav,wav,WAV,PCM_16,2,44100,10,1764044,unknown
Gyaase_Meeting_2nd_April_2024 (903).wav,wav,WAV,PCM_16,2,44100,10,1764044,unknown
Gyaase_Meeting_2nd_April_2024 (904).wav,wav,WAV,PCM_16,2,44100,10,1764044,unknown
Gyaase_Meeting_2nd_April_2024 (905).wav,wav,WAV,PCM_16,2,44100,10,1764044,unknown
Gyaase_Meeting_2nd_April_2024 (906).wav,wav,WAV,PCM_16,2,44100,10,1764044,unknown
Gyaase_Meeting_2nd_April_2024 (907).wav,wav,WAV,PCM_16,2,44100,10,1764044,unknown
Gyaase_Meeting_2nd_April_2024 (908).wav,wav,WAV,PCM_16,2,44100,10,1764044,unknown
Gyaase_Meeting_2nd_April_2024 (909).wav,wav,WAV,PCM_16,2,44100,10,1764044,unknown
Gyaase_Meeting_2nd_April_2024 (91).wav,wav,WAV,PCM_16,2,44100,10,1764044,unknown
Gyaase_Meeting_2nd_April_2024 (910).wav,wav,WAV,PCM_16,2,44100,10,1764044,unknown
Gyaase_Meeting_2nd_April_2024 (911).wav,wav,WAV,PCM_16,2,44100,10,1764044,unknown
Gyaase_Meeting_2nd_April_2024 (912).wav,wav,WAV,PCM_16,2,44100,10,1764044,unknown
Gyaase_Meeting_2nd_April_2024 (913).wav,wav,WAV,PCM_16,2,44100,10,1764044,unknown
Gyaase_Meeting_2nd_April_2024 (914).wav,wav,WAV,PCM_16,2,44100,10,1764044,unknown
Gyaase_Meeting_2nd_April_2024 (915).wav,wav,WAV,PCM_16,2,44100,10,1764044,unknown
Gyaase_Meeting_2nd_April_2024 (916).wav,wav,WAV,PCM_16,2,44100,10,1764044,unknown
Gyaase_Meeting_2nd_April_2024 (917).wav,wav,WAV,PCM_16,2,44100,10,1764044,unknown
Gyaase_Meeting_2nd_April_2024 (918).wav,wav,WAV,PCM_16,2,44100,10,1764044,unknown
Gyaase_Meeting_2nd_April_2024 (919).wav,wav,WAV,PCM_16,2,44100,10,1764044,unknown
Gyaase_Meeting_2nd_April_2024 (92).wav,wav,WAV,PCM_16,2,44100,10,1764044,unknown
Gyaase_Meeting_2nd_April_2024 (920).wav,wav,WAV,PCM_16,2,44100,10,1764044,unknown
Gyaase_Meeting_2nd_April_2024 (921).wav,wav,WAV,PCM_16,2,44100,10,1764044,unknown
Gyaase_Meeting_2nd_April_2024 (922).wav,wav,WAV,PCM_16,2,44100,10,1764044,unknown
Gyaase_Meeting_2nd_April_2024 (923).wav,wav,WAV,PCM_16,2,44100,10,1764044,unknown
Gyaase_Meeting_2nd_April_2024 (924).wav,wav,WAV,PCM_16,2,44100,10,1764044,unknown
Gyaase_Meeting_2nd_April_2024 (925).wav,wav,WAV,PCM_16,2,44100,10,1764044,unknown
Gyaase_Meeting_2nd_April_2024 (926).wav,wav,WAV,PCM_16,2,44100,10,1764044,unknown
Gyaase_Meeting_2nd_April_2024 (927).wav,wav,WAV,PCM_16,2,44100,10,1764044,unknown
Gyaase_Meeting_2nd_April_2024 (928).wav,wav,WAV,PCM_16,2,44100,10,1764044,unknown
Gyaase_Meeting_2nd_April_2024 (929).wav,wav,WAV,PCM_16,2,44100,10,1764044,unknown
Gyaase_Meeting_2nd_April_2024 (93).wav,wav,WAV,PCM_16,2,44100,10,1764044,unknown
Gyaase_Meeting_2nd_April_2024 (930).wav,wav,WAV,PCM_16,2,44100,10,1764044,unknown
Gyaase_Meeting_2nd_April_2024 (931).wav,wav,WAV,PCM_16,2,44100,10,1764044,unknown
Gyaase_Meeting_2nd_April_2024 (932).wav,wav,WAV,PCM_16,2,44100,10,1764044,unknown
Gyaase_Meeting_2nd_April_2024 (933).wav,wav,WAV,PCM_16,2,44100,10,1764044,unknown
Gyaase_Meeting_2nd_April_2024 (934).wav,wav,WAV,PCM_16,2,44100,10,1764044,unknown
Gyaase_Meeting_2nd_April_2024 (935).wav,wav,WAV,PCM_16,2,44100,10,1764044,unknown
Gyaase_Meeting_2nd_April_2024 (936).wav,wav,WAV,PCM_16,2,44100,10,1764044,unknown
Gyaase_Meeting_2nd_April_2024 (937).wav,wav,WAV,PCM_16,2,44100,10,1764044,unknown
Gyaase_Meeting_2nd_April_2024 (938).wav,wav,WAV,PCM_16,2,44100,10,1764044,unknown
Gyaase_Meeting_2nd_April_2024 (939).wav,wav,WAV,PCM_16,2,44100,10,1764044,unknown
Gyaase_Meeting_2nd_April_2024 (94).wav,wav,WAV,PCM_16,2,44100,10,1764044,unknown
Gyaase_Meeting_2nd_April_2024 (940).wav,wav,WAV,PCM_16,2,44100,10,1764044,unknown
Gyaase_Meeting_2nd_April_2024 (941).wav,wav,WAV,PCM_16,2,44100,10,1764044,unknown
Gyaase_Meeting_2nd_April_2024 (942).wav,wav,WAV,PCM_16,2,44100,10,1764044,unknown
Gyaase_Meeting_2nd_April_2024 (943).wav,wav,WAV,PCM_16,2,44100,10,1764044,unknown
Gyaase_Meeting_2nd_April_2024 (944).wav,wav,WAV,PCM_16,2,44100,10,1764044,unknown
Gyaase_Meeting_2nd_April_2024 (945).wav,wav,WAV,PCM_16,2,44100,10,1764044,unknown
Gyaase_Meeting_2nd_April_2024 (946).wav,wav,WAV,PCM_16,2,44100,10,1764044,unknown
Gyaase_Meeting_2nd_April_2024 (947).wav,wav,WAV,PCM_16,2,44100,10,1764044,unknown
Gyaase_Meeting_2nd_April_2024 (948).wav,wav,WAV,PCM_16,2,44100,10,1764044,unknown
Gyaase_Meeting_2nd_April_2024 (949).wav,wav,WAV,PCM_16,2,44100,10,1764044,unknown
Gyaase_Meeting_2nd_April_2024 (95).wav,wav,WAV,PCM_16,2,44100,10,1764044,unknown
Gyaase_Meeting_2nd_April_2024 (950).wav,wav,WAV,PCM_16,2,44100,10,1764044,unknown
Gyaase_Meeting_2nd_April_2024 (951).wav,wav,WAV,PCM_16,2,44100,10,1764044,unknown
Gyaase_Meeting_2nd_April_2024 (952).wav,wav,WAV,PCM_16,2,44100,10,1764044,unknown
Gyaase_Meeting_2nd_April_2024 (953).wav,wav,WAV,PCM_16,2,44100,10,1764044,unknown
Gyaase_Meeting_2nd_April_2024 (954).wav,wav,WAV,PCM_16,2,44100,10,1764044,unknown
Gyaase_Meeting_2nd_April_2024 (955).wav,wav,WAV,PCM_16,2,44100,10,1764044,unknown
Gyaase_Meeting_2nd_April_2024 (956).wav,wav,WAV,PCM_16,2,44100,10,1764044,unknown
Gyaase_Meeting_2nd_April_2024 (957).wav,wav,WAV,PCM_16,2,44100,10,1764044,unknown
Gyaase_Meeting_2nd_April_2024 (958).wav,wav,WAV,PCM_16,2,44100,10,1764044,unknown
Gyaase_Meeting_2nd_April_2024 (959).wav,wav,WAV,PCM_16,2,44100,10,1764044,unknown
Gyaase_Meeting_2nd_April_2024 (96).wav,wav,WAV,PCM_16,2,44100,10,1764044,unknown
Gyaase_Meeting_2nd_April_2024 (960).wav,wav,WAV,PCM_16,2,44100,10,1764044,unknown
Gyaase_Meeting_2nd_April_2024 (961).wav,wav,WAV,PCM_16,2,44100,10,1764044,unknown
Gyaase_Meeting_2nd_April_2024 (962).wav,wav,WAV,PCM_16,2,44100,10,1764044,unknown
Gyaase_Meeting_2nd_April_2024 (963).wav,wav,WAV,PCM_16,2,44100,10,1764044,unknown
Gyaase_Meeting_2nd_April_2024 (964).wav,wav,WAV,PCM_16,2,44100,10,1764044,unknown
Gyaase_Meeting_2nd_April_2024 (965).wav,wav,WAV,PCM_16,2,44100,10,1764044,unknown
Gyaase_Meeting_2nd_April_2024 (966).wav,wav,WAV,PCM_16,2,44100,10,1764044,unknown
Gyaase_Meeting_2nd_April_2024 (967).wav,wav,WAV,PCM_16,2,44100,10,1764044,unknown
Gyaase_Meeting_2nd_April_2024 (968).wav,wav,WAV,PCM_16,2,44100,10,1764044,unknown
Gyaase_Meeting_2nd_April_2024 (969).wav,wav,WAV,PCM_16,2,44100,10,1764044,unknown
Gyaase_Meeting_2nd_April_2024 (97).wav,wav,WAV,PCM_16,2,44100,10,1764044,unknown
Gyaase_Meeting_2nd_April_2024 (970).wav,wav,WAV,PCM_16,2,44100,10,1764044,unknown
Gyaase_Meeting_2nd_April_2024 (971).wav,wav,WAV,PCM_16,2,44100,10,1764044,unknown
Gyaase_Meeting_2nd_April_2024 (972).wav,wav,WAV,PCM_16,2,44100,10,1764044,unknown
Gyaase_Meeting_2nd_April_2024 (973).wav,wav,WAV,PCM_16,2,44100,10,1764044,unknown
Gyaase_Meeting_2nd_April_2024 (974).wav,wav,WAV,PCM_16,2,44100,10,1764044,unknown
Gyaase_Meeting_2nd_April_2024 (975).wav,wav,WAV,PCM_16,2,44100,10,1764044,unknown
Gyaase_Meeting_2nd_April_2024 (976).wav,wav,WAV,PCM_16,2,44100,10,1764044,unknown
Gyaase_Meeting_2nd_April_2024 (977).wav,wav,WAV,PCM_16,2,44100,10,1764044,unknown
Gyaase_Meeting_2nd_April_2024 (978).wav,wav,WAV,PCM_16,2,44100,10,1764044,unknown
Gyaase_Meeting_2nd_April_2024 (979).wav,wav,WAV,PCM_16,2,44100,10,1764044,unknown
Gyaase_Meeting_2nd_April_2024 (98).wav,wav,WAV,PCM_16,2,44100,10,1764044,unknown
Gyaase_Meeting_2nd_April_2024 (980).wav,wav,WAV,PCM_16,2,44100,10,1764044,unknown
Gyaase_Meeting_2nd_April_2024 (981).wav,wav,WAV,PCM_16,2,44100,10,1764044,unknown
Gyaase_Meeting_2nd_April_2024 (982).wav,wav,WAV,PCM_16,2,44100,10,1764044,unknown
Gyaase_Meeting_2nd_April_2024 (983).wav,wav,WAV,PCM_16,2,44100,10,1764044,unknown
Gyaase_Meeting_2nd_April_2024 (984).wav,wav,WAV,PCM_16,2,44100,10,1764044,unknown
Gyaase_Meeting_2nd_April_2024 (985).wav,wav,WAV,PCM_16,2,44100,10,1764044,unknown
Gyaase_Meeting_2nd_April_2024 (986).wav,wav,WAV,PCM_16,2,44100,10,1764044,unknown
Gyaase_Meeting_2nd_April_2024 (987).wav,wav,WAV,PCM_16,2,44100,10,1764044,unknown
Gyaase_Meeting_2nd_April_2024 (988).wav,wav,WAV,PCM_16,2,44100,10,1764044,unknown
Gyaase_Meeting_2nd_April_2024 (989).wav,wav,WAV,PCM_16,2,44100,10,1764044,unknown
Gyaase_Meeting_2nd_April_2024 (99).wav,wav,WAV,PCM_16,2,44100,10,1764044,unknown
Gyaase_Meeting_2nd_April_2024 (990).wav,wav,WAV,PCM_16,2,44100,10,1764044,unknown
Gyaase_Meeting_2nd_April_2024 (991).wav,wav,WAV,PCM_16,2,44100,10,1764044,unknown
Gyaase_Meeting_2nd_April_2024 (992).wav,wav,WAV,PCM_16,2,44100,10,1764044,unknown
Gyaase_Meeting_2nd_April_2024 (993).wav,wav,WAV,PCM_16,2,44100,10,1764044,unknown
Gyaase_Meeting_2nd_April_2024 (994).wav,wav,WAV,PCM_16,2,44100,10,1764044,unknown
Gyaase_Meeting_2nd_April_2024 (995).wav,wav,WAV,PCM_16,2,44100,10,1764044,unknown
Gyaase_Meeting_2nd_April_2024 (996).wav,wav,WAV,PCM_16,2,44100,10,1764044,unknown
Gyaase_Meeting_2nd_April_2024 (997).wav,wav,WAV,PCM_16,2,44100,10,1764044,unknown
Gyaase_Meeting_2nd_April_2024 (998).wav,wav,WAV,PCM_16,2,44100,10,1764044,unknown
Gyaase_Meeting_2nd_April_2024 (999).wav,wav,WAV,PCM_16,2,44100,10,1764044,unknown
Gyaase_Meeting_2nd_July_2024 (1).wav,wav,WAV,PCM_16,2,44100,10,1764044,unknown
Gyaase_Meeting_2nd_July_2024 (10).wav,wav,WAV,PCM_16,2,44100,10,1764044,unknown
Gyaase_Meeting_2nd_July_2024 (100).wav,wav,WAV,PCM_16,2,44100,10,1764044,unknown
Gyaase_Meeting_2nd_July_2024 (1000).wav,wav,WAV,PCM_16,2,44100,10,1764044,unknown
Gyaase_Meeting_2nd_July_2024 (1001).wav,wav,WAV,PCM_16,2,44100,10,1764044,unknown
Gyaase_Meeting_2nd_July_2024 (1002).wav,wav,WAV,PCM_16,2,44100,10,1764044,unknown
Gyaase_Meeting_2nd_July_2024 (1003).wav,wav,WAV,PCM_16,2,44100,10,1764044,unknown
Gyaase_Meeting_2nd_July_2024 (1004).wav,wav,WAV,PCM_16,2,44100,10,1764044,unknown
Gyaase_Meeting_2nd_July_2024 (1005).wav,wav,WAV,PCM_16,2,44100,10,1764044,unknown
Gyaase_Meeting_2nd_July_2024 (1006).wav,wav,WAV,PCM_16,2,44100,10,1764044,unknown
Gyaase_Meeting_2nd_July_2024 (1007).wav,wav,WAV,PCM_16,2,44100,10,1764044,unknown
Gyaase_Meeting_2nd_July_2024 (1008).wav,wav,WAV,PCM_16,2,44100,10,1764044,unknown
Gyaase_Meeting_2nd_July_2024 (1009).wav,wav,WAV,PCM_16,2,44100,10,1764044,unknown
Gyaase_Meeting_2nd_July_2024 (101).wav,wav,WAV,PCM_16,2,44100,10,1764044,unknown
Gyaase_Meeting_2nd_July_2024 (1010).wav,wav,WAV,PCM_16,2,44100,10,1764044,unknown
Gyaase_Meeting_2nd_July_2024 (1011).wav,wav,WAV,PCM_16,2,44100,10,1764044,unknown
Gyaase_Meeting_2nd_July_2024 (1012).wav,wav,WAV,PCM_16,2,44100,10,1764044,unknown
Gyaase_Meeting_2nd_July_2024 (1013).wav,wav,WAV,PCM_16,2,44100,10,1764044,unknown
Gyaase_Meeting_2nd_July_2024 (1014).wav,wav,WAV,PCM_16,2,44100,10,1764044,unknown
Gyaase_Meeting_2nd_July_2024 (1015).wav,wav,WAV,PCM_16,2,44100,10,1764044,unknown
Gyaase_Meeting_2nd_July_2024 (1016).wav,wav,WAV,PCM_16,2,44100,10,1764044,unknown
Gyaase_Meeting_2nd_July_2024 (1017).wav,wav,WAV,PCM_16,2,44100,10,1764044,unknown
Gyaase_Meeting_2nd_July_2024 (1018).wav,wav,WAV,PCM_16,2,44100,10,1764044,unknown
Gyaase_Meeting_2nd_July_2024 (1019).wav,wav,WAV,PCM_16,2,44100,10,1764044,unknown
Gyaase_Meeting_2nd_July_2024 (102).wav,wav,WAV,PCM_16,2,44100,10,1764044,unknown
Gyaase_Meeting_2nd_July_2024 (1020).wav,wav,WAV,PCM_16,2,44100,10,1764044,unknown
Gyaase_Meeting_2nd_July_2024 (1021).wav,wav,WAV,PCM_16,2,44100,10,1764044,unknown
Gyaase_Meeting_2nd_July_2024 (1022).wav,wav,WAV,PCM_16,2,44100,10,1764044,unknown
Gyaase_Meeting_2nd_July_2024 (1023).wav,wav,WAV,PCM_16,2,44100,10,1764044,unknown
Gyaase_Meeting_2nd_July_2024 (1024).wav,wav,WAV,PCM_16,2,44100,10,1764044,unknown
Gyaase_Meeting_2nd_July_2024 (1025).wav,wav,WAV,PCM_16,2,44100,10,1764044,unknown
Gyaase_Meeting_2nd_July_2024 (1026).wav,wav,WAV,PCM_16,2,44100,10,1764044,unknown
Gyaase_Meeting_2nd_July_2024 (1027).wav,wav,WAV,PCM_16,2,44100,10,1764044,unknown
Gyaase_Meeting_2nd_July_2024 (1028).wav,wav,WAV,PCM_16,2,44100,10,1764044,unknown
Gyaase_Meeting_2nd_July_2024 (1029).wav,wav,WAV,PCM_16,2,44100,10,1764044,unknown
Gyaase_Meeting_2nd_July_2024 (103).wav,wav,WAV,PCM_16,2,44100,10,1764044,unknown
Gyaase_Meeting_2nd_July_2024 (1030).wav,wav,WAV,PCM_16,2,44100,10,1764044,unknown
Gyaase_Meeting_2nd_July_2024 (1031).wav,wav,WAV,PCM_16,2,44100,10,1764044,unknown
Gyaase_Meeting_2nd_July_2024 (1032).wav,wav,WAV,PCM_16,2,44100,10,1764044,unknown
Gyaase_Meeting_2nd_July_2024 (1033).wav,wav,WAV,PCM_16,2,44100,10,1764044,unknown
Gyaase_Meeting_2nd_July_2024 (1034).wav,wav,WAV,PCM_16,2,44100,10,1764044,unknown
Gyaase_Meeting_2nd_July_2024 (1035).wav,wav,WAV,PCM_16,2,44100,10,1764044,unknown
Gyaase_Meeting_2nd_July_2024 (1036).wav,wav,WAV,PCM_16,2,44100,10,1764044,unknown
Gyaase_Meeting_2nd_July_2024 (1037).wav,wav,WAV,PCM_16,2,44100,10,1764044,unknown
Gyaase_Meeting_2nd_July_2024 (1038).wav,wav,WAV,PCM_16,2,44100,10,1764044,unknown
Gyaase_Meeting_2nd_July_2024 (1039).wav,wav,WAV,PCM_16,2,44100,10,1764044,unknown
Gyaase_Meeting_2nd_July_2024 (104).wav,wav,WAV,PCM_16,2,44100,10,1764044,unknown
Gyaase_Meeting_2nd_July_2024 (1040).wav,wav,WAV,PCM_16,2,44100,10,1764044,unknown
Gyaase_Meeting_2nd_July_2024 (1041).wav,wav,WAV,PCM_16,2,44100,10,1764044,unknown
Gyaase_Meeting_2nd_July_2024 (1042).wav,wav,WAV,PCM_16,2,44100,10,1764044,unknown
Gyaase_Meeting_2nd_July_2024 (1043).wav,wav,WAV,PCM_16,2,44100,10,1764044,unknown
Gyaase_Meeting_2nd_July_2024 (1044).wav,wav,WAV,PCM_16,2,44100,10,1764044,unknown
Gyaase_Meeting_2nd_July_2024 (1045).wav,wav,WAV,PCM_16,2,44100,10,1764044,unknown
Gyaase_Meeting_2nd_July_2024 (1046).wav,wav,WAV,PCM_16,2,44100,10,1764044,unknown
Gyaase_Meeting_2nd_July_2024 (1047).wav,wav,WAV,PCM_16,2,44100,10,1764044,unknown
Gyaase_Meeting_2nd_July_2024 (1048).wav,wav,WAV,PCM_16,2,44100,10,1764044,unknown
Gyaase_Meeting_2nd_July_2024 (1049).wav,wav,WAV,PCM_16,2,44100,10,1764044,unknown
Gyaase_Meeting_2nd_July_2024 (105).wav,wav,WAV,PCM_16,2,44100,10,1764044,unknown
Gyaase_Meeting_2nd_July_2024 (1050).wav,wav,WAV,PCM_16,2,44100,10,1764044,unknown
Gyaase_Meeting_2nd_July_2024 (1051).wav,wav,WAV,PCM_16,2,44100,10,1764044,unknown
Gyaase_Meeting_2nd_July_2024 (1052).wav,wav,WAV,PCM_16,2,44100,10,1764044,unknown
Gyaase_Meeting_2nd_July_2024 (1053).wav,wav,WAV,PCM_16,2,44100,10,1764044,unknown
Gyaase_Meeting_2nd_July_2024 (1054).wav,wav,WAV,PCM_16,2,44100,10,1764044,unknown
Gyaase_Meeting_2nd_July_2024 (1055).wav,wav,WAV,PCM_16,2,44100,10,1764044,unknown
Gyaase_Meeting_2nd_July_2024 (1056).wav,wav,WAV,PCM_16,2,44100,10,1764044,unknown
Gyaase_Meeting_2nd_July_2024 (1057).wav,wav,WAV,PCM_16,2,44100,10,1764044,unknown
Gyaase_Meeting_2nd_July_2024 (1058).wav,wav,WAV,PCM_16,2,44100,10,1764044,unknown
Gyaase_Meeting_2nd_July_2024 (1059).wav,wav,WAV,PCM_16,2,44100,10,1764044,unknown
Gyaase_Meeting_2nd_July_2024 (106).wav,wav,WAV,PCM_16,2,44100,10,1764044,unknown
Gyaase_Meeting_2nd_July_2024 (1060).wav,wav,WAV,PCM_16,2,44100,10,1764044,unknown
Gyaase_Meeting_2nd_July_2024 (1061).wav,wav,WAV,PCM_16,2,44100,10,1764044,unknown
Gyaase_Meeting_2nd_July_2024 (1062).wav,wav,WAV,PCM_16,2,44100,10,1764044,unknown
Gyaase_Meeting_2nd_July_2024 (1063).wav,wav,WAV,PCM_16,2,44100,10,1764044,unknown
Gyaase_Meeting_2nd_July_2024 (1064).wav,wav,WAV,PCM_16,2,44100,10,1764044,unknown
Gyaase_Meeting_2nd_July_2024 (1065).wav,wav,WAV,PCM_16,2,44100,10,1764044,unknown
Gyaase_Meeting_2nd_July_2024 (1066).wav,wav,WAV,PCM_16,2,44100,10,1764044,unknown
Gyaase_Meeting_2nd_July_2024 (1067).wav,wav,WAV,PCM_16,2,44100,10,1764044,unknown
Gyaase_Meeting_2nd_July_2024 (1068).wav,wav,WAV,PCM_16,2,44100,10,1764044,unknown
Gyaase_Meeting_2nd_July_2024 (1069).wav,wav,WAV,PCM_16,2,44100,10,1764044,unknown
Gyaase_Meeting_2nd_July_2024 (107).wav,wav,WAV,PCM_16,2,44100,10,1764044,unknown
Gyaase_Meeting_2nd_July_2024 (1070).wav,wav,WAV,PCM_16,2,44100,10,1764044,unknown
Gyaase_Meeting_2nd_July_2024 (1071).wav,wav,WAV,PCM_16,2,44100,10,1764044,unknown
Gyaase_Meeting_2nd_July_2024 (1072).wav,wav,WAV,PCM_16,2,44100,10,1764044,unknown
Gyaase_Meeting_2nd_July_2024 (1073).wav,wav,WAV,PCM_16,2,44100,10,1764044,unknown
Gyaase_Meeting_2nd_July_2024 (1074).wav,wav,WAV,PCM_16,2,44100,10,1764044,unknown
Gyaase_Meeting_2nd_July_2024 (1075).wav,wav,WAV,PCM_16,2,44100,10,1764044,unknown
Gyaase_Meeting_2nd_July_2024 (1076).wav,wav,WAV,PCM_16,2,44100,10,1764044,unknown
Gyaase_Meeting_2nd_July_2024 (1077).wav,wav,WAV,PCM_16,2,44100,10,1764044,unknown
Gyaase_Meeting_2nd_July_2024 (1078).wav,wav,WAV,PCM_16,2,44100,10,1764044,unknown
Gyaase_Meeting_2nd_July_2024 (1079).wav,wav,WAV,PCM_16,2,44100,10,1764044,unknown
Gyaase_Meeting_2nd_July_2024 (108).wav,wav,WAV,PCM_16,2,44100,10,1764044,unknown
Gyaase_Meeting_2nd_July_2024 (1080).wav,wav,WAV,PCM_16,2,44100,10,1764044,unknown
Gyaase_Meeting_2nd_July_2024 (1081).wav,wav,WAV,PCM_16,2,44100,10,1764044,unknown
Gyaase_Meeting_2nd_July_2024 (1082).wav,wav,WAV,PCM_16,2,44100,10,1764044,unknown
Gyaase_Meeting_2nd_July_2024 (1083).wav,wav,WAV,PCM_16,2,44100,10,1764044,unknown
Gyaase_Meeting_2nd_July_2024 (1084).wav,wav,WAV,PCM_16,2,44100,10,1764044,unknown
Gyaase_Meeting_2nd_July_2024 (1085).wav,wav,WAV,PCM_16,2,44100,10,1764044,unknown
Gyaase_Meeting_2nd_July_2024 (1086).wav,wav,WAV,PCM_16,2,44100,10,1764044,unknown
Gyaase_Meeting_2nd_July_2024 (1087).wav,wav,WAV,PCM_16,2,44100,10,1764044,unknown
Gyaase_Meeting_2nd_July_2024 (1088).wav,wav,WAV,PCM_16,2,44100,10,1764044,unknown
Gyaase_Meeting_2nd_July_2024 (1089).wav,wav,WAV,PCM_16,2,44100,10,1764044,unknown
Gyaase_Meeting_2nd_July_2024 (109).wav,wav,WAV,PCM_16,2,44100,10,1764044,unknown
Gyaase_Meeting_2nd_July_2024 (1090).wav,wav,WAV,PCM_16,2,44100,10,1764044,unknown
Gyaase_Meeting_2nd_July_2024 (1091).wav,wav,WAV,PCM_16,2,44100,10,1764044,unknown
Gyaase_Meeting_2nd_July_2024 (1092).wav,wav,WAV,PCM_16,2,44100,10,1764044,unknown
Gyaase_Meeting_2nd_July_2024 (1093).wav,wav,WAV,PCM_16,2,44100,10,1764044,unknown
Gyaase_Meeting_2nd_July_2024 (1094).wav,wav,WAV,PCM_16,2,44100,10,1764044,unknown
Gyaase_Meeting_2nd_July_2024 (1095).wav,wav,WAV,PCM_16,2,44100,10,1764044,unknown
Gyaase_Meeting_2nd_July_2024 (1096).wav,wav,WAV,PCM_16,2,44100,10,1764044,unknown
Gyaase_Meeting_2nd_July_2024 (1097).wav,wav,WAV,PCM_16,2,44100,10,1764044,unknown
Gyaase_Meeting_2nd_July_2024 (1098).wav,wav,WAV,PCM_16,2,44100,10,1764044,unknown
Gyaase_Meeting_2nd_July_2024 (1099).wav,wav,WAV,PCM_16,2,44100,10,1764044,unknown
Gyaase_Meeting_2nd_July_2024 (11).wav,wav,WAV,PCM_16,2,44100,10,1764044,unknown
Gyaase_Meeting_2nd_July_2024 (110).wav,wav,WAV,PCM_16,2,44100,10,1764044,unknown
Gyaase_Meeting_2nd_July_2024 (1100).wav,wav,WAV,PCM_16,2,44100,10,1764044,unknown
Gyaase_Meeting_2nd_July_2024 (1101).wav,wav,WAV,PCM_16,2,44100,10,1764044,unknown
Gyaase_Meeting_2nd_July_2024 (1102).wav,wav,WAV,PCM_16,2,44100,10,1764044,unknown
Gyaase_Meeting_2nd_July_2024 (1103).wav,wav,WAV,PCM_16,2,44100,10,1764044,unknown
Gyaase_Meeting_2nd_July_2024 (1104).wav,wav,WAV,PCM_16,2,44100,10,1764044,unknown
Gyaase_Meeting_2nd_July_2024 (1105).wav,wav,WAV,PCM_16,2,44100,10,1764044,unknown
Gyaase_Meeting_2nd_July_2024 (1106).wav,wav,WAV,PCM_16,2,44100,10,1764044,unknown
Gyaase_Meeting_2nd_July_2024 (1107).wav,wav,WAV,PCM_16,2,44100,10,1764044,unknown
Gyaase_Meeting_2nd_July_2024 (1108).wav,wav,WAV,PCM_16,2,44100,10,1764044,unknown
Gyaase_Meeting_2nd_July_2024 (1109).wav,wav,WAV,PCM_16,2,44100,10,1764044,unknown
Gyaase_Meeting_2nd_July_2024 (111).wav,wav,WAV,PCM_16,2,44100,10,1764044,unknown
Gyaase_Meeting_2nd_July_2024 (1110).wav,wav,WAV,PCM_16,2,44100,10,1764044,unknown
Gyaase_Meeting_2nd_July_2024 (1111).wav,wav,WAV,PCM_16,2,44100,10,1764044,unknown
Gyaase_Meeting_2nd_July_2024 (1112).wav,wav,WAV,PCM_16,2,44100,10,1764044,unknown
Gyaase_Meeting_2nd_July_2024 (1113).wav,wav,WAV,PCM_16,2,44100,10,1764044,unknown
Gyaase_Meeting_2nd_July_2024 (1114).wav,wav,WAV,PCM_16,2,44100,10,1764044,unknown
Gyaase_Meeting_2nd_July_2024 (1115).wav,wav,WAV,PCM_16,2,44100,10,1764044,unknown
Gyaase_Meeting_2nd_July_2024 (1116).wav,wav,WAV,PCM_16,2,44100,10,1764044,unknown
Gyaase_Meeting_2nd_July_2024 (1117).wav,wav,WAV,PCM_16,2,44100,10,1764044,unknown
Gyaase_Meeting_2nd_July_2024 (1118).wav,wav,WAV,PCM_16,2,44100,10,1764044,unknown
Gyaase_Meeting_2nd_July_2024 (1119).wav,wav,WAV,PCM_16,2,44100,10,1764044,unknown
Gyaase_Meeting_2nd_July_2024 (112).wav,wav,WAV,PCM_16,2,44100,10,1764044,unknown
Gyaase_Meeting_2nd_July_2024 (1120).wav,wav,WAV,PCM_16,2,44100,10,1764044,unknown
Gyaase_Meeting_2nd_July_2024 (1121).wav,wav,WAV,PCM_16,2,44100,10,1764044,unknown
Gyaase_Meeting_2nd_July_2024 (1122).wav,wav,WAV,PCM_16,2,44100,10,1764044,unknown
Gyaase_Meeting_2nd_July_2024 (1123).wav,wav,WAV,PCM_16,2,44100,10,1764044,unknown
Gyaase_Meeting_2nd_July_2024 (1124).wav,wav,WAV,PCM_16,2,44100,10,1764044,unknown
Gyaase_Meeting_2nd_July_2024 (1125).wav,wav,WAV,PCM_16,2,44100,10,1764044,unknown
Gyaase_Meeting_2nd_July_2024 (1126).wav,wav,WAV,PCM_16,2,44100,10,1764044,unknown
Gyaase_Meeting_2nd_July_2024 (1127).wav,wav,WAV,PCM_16,2,44100,10,1764044,unknown
Gyaase_Meeting_2nd_July_2024 (1128).wav,wav,WAV,PCM_16,2,44100,10,1764044,unknown
Gyaase_Meeting_2nd_July_2024 (1129).wav,wav,WAV,PCM_16,2,44100,10,1764044,unknown
Gyaase_Meeting_2nd_July_2024 (113).wav,wav,WAV,PCM_16,2,44100,10,1764044,unknown
Gyaase_Meeting_2nd_July_2024 (1130).wav,wav,WAV,PCM_16,2,44100,10,1764044,unknown
Gyaase_Meeting_2nd_July_2024 (1131).wav,wav,WAV,PCM_16,2,44100,10,1764044,unknown
Gyaase_Meeting_2nd_July_2024 (1132).wav,wav,WAV,PCM_16,2,44100,10,1764044,unknown
Gyaase_Meeting_2nd_July_2024 (1133).wav,wav,WAV,PCM_16,2,44100,10,1764044,unknown
Gyaase_Meeting_2nd_July_2024 (1134).wav,wav,WAV,PCM_16,2,44100,10,1764044,unknown
Gyaase_Meeting_2nd_July_2024 (1135).wav,wav,WAV,PCM_16,2,44100,10,1764044,unknown
Gyaase_Meeting_2nd_July_2024 (1136).wav,wav,WAV,PCM_16,2,44100,10,1764044,unknown
Gyaase_Meeting_2nd_July_2024 (1137).wav,wav,WAV,PCM_16,2,44100,10,1764044,unknown
Gyaase_Meeting_2nd_July_2024 (1138).wav,wav,WAV,PCM_16,2,44100,10,1764044,unknown
Gyaase_Meeting_2nd_July_2024 (1139).wav,wav,WAV,PCM_16,2,44100,10,1764044,unknown
Gyaase_Meeting_2nd_July_2024 (114).wav,wav,WAV,PCM_16,2,44100,10,1764044,unknown
Gyaase_Meeting_2nd_July_2024 (1140).wav,wav,WAV,PCM_16,2,44100,10,1764044,unknown
Gyaase_Meeting_2nd_July_2024 (1141).wav,wav,WAV,PCM_16,2,44100,10,1764044,unknown
Gyaase_Meeting_2nd_July_2024 (1142).wav,wav,WAV,PCM_16,2,44100,10,1764044,unknown
Gyaase_Meeting_2nd_July_2024 (1143).wav,wav,WAV,PCM_16,2,44100,10,1764044,unknown
Gyaase_Meeting_2nd_July_2024 (1144).wav,wav,WAV,PCM_16,2,44100,10,1764044,unknown
Gyaase_Meeting_2nd_July_2024 (1145).wav,wav,WAV,PCM_16,2,44100,10,1764044,unknown
Gyaase_Meeting_2nd_July_2024 (1146).wav,wav,WAV,PCM_16,2,44100,10,1764044,unknown
Gyaase_Meeting_2nd_July_2024 (1147).wav,wav,WAV,PCM_16,2,44100,10,1764044,unknown
Gyaase_Meeting_2nd_July_2024 (1148).wav,wav,WAV,PCM_16,2,44100,10,1764044,unknown
Gyaase_Meeting_2nd_July_2024 (1149).wav,wav,WAV,PCM_16,2,44100,10,1764044,unknown
Gyaase_Meeting_2nd_July_2024 (115).wav,wav,WAV,PCM_16,2,44100,10,1764044,unknown
Gyaase_Meeting_2nd_July_2024 (1150).wav,wav,WAV,PCM_16,2,44100,10,1764044,unknown
Gyaase_Meeting_2nd_July_2024 (1151).wav,wav,WAV,PCM_16,2,44100,10,1764044,unknown
Gyaase_Meeting_2nd_July_2024 (1152).wav,wav,WAV,PCM_16,2,44100,10,1764044,unknown
Gyaase_Meeting_2nd_July_2024 (1153).wav,wav,WAV,PCM_16,2,44100,10,1764044,unknown
Gyaase_Meeting_2nd_July_2024 (1154).wav,wav,WAV,PCM_16,2,44100,10,1764044,unknown
Gyaase_Meeting_2nd_July_2024 (1155).wav,wav,WAV,PCM_16,2,44100,10,1764044,unknown
Gyaase_Meeting_2nd_July_2024 (1156).wav,wav,WAV,PCM_16,2,44100,10,1764044,unknown
Gyaase_Meeting_2nd_July_2024 (1157).wav,wav,WAV,PCM_16,2,44100,10,1764044,unknown
Gyaase_Meeting_2nd_July_2024 (1158).wav,wav,WAV,PCM_16,2,44100,10,1764044,unknown
Gyaase_Meeting_2nd_July_2024 (1159).wav,wav,WAV,PCM_16,2,44100,10,1764044,unknown
Gyaase_Meeting_2nd_July_2024 (116).wav,wav,WAV,PCM_16,2,44100,10,1764044,unknown
Gyaase_Meeting_2nd_July_2024 (1160).wav,wav,WAV,PCM_16,2,44100,10,1764044,unknown
Gyaase_Meeting_2nd_July_2024 (1161).wav,wav,WAV,PCM_16,2,44100,10,1764044,unknown
Gyaase_Meeting_2nd_July_2024 (1162).wav,wav,WAV,PCM_16,2,44100,10,1764044,unknown
Gyaase_Meeting_2nd_July_2024 (1163).wav,wav,WAV,PCM_16,2,44100,10,1764044,unknown
Gyaase_Meeting_2nd_July_2024 (1164).wav,wav,WAV,PCM_16,2,44100,10,1764044,unknown
Gyaase_Meeting_2nd_July_2024 (1165).wav,wav,WAV,PCM_16,2,44100,10,1764044,unknown
Gyaase_Meeting_2nd_July_2024 (1166).wav,wav,WAV,PCM_16,2,44100,10,1764044,unknown
Gyaase_Meeting_2nd_July_2024 (1167).wav,wav,WAV,PCM_16,2,44100,10,1764044,unknown
Gyaase_Meeting_2nd_July_2024 (1168).wav,wav,WAV,PCM_16,2,44100,10,1764044,unknown
Gyaase_Meeting_2nd_July_2024 (1169).wav,wav,WAV,PCM_16,2,44100,10,1764044,unknown
Gyaase_Meeting_2nd_July_2024 (117).wav,wav,WAV,PCM_16,2,44100,10,1764044,unknown
Gyaase_Meeting_2nd_July_2024 (1170).wav,wav,WAV,PCM_16,2,44100,10,1764044,unknown
Gyaase_Meeting_2nd_July_2024 (1171).wav,wav,WAV,PCM_16,2,44100,10,1764044,unknown
Gyaase_Meeting_2nd_July_2024 (1172).wav,wav,WAV,PCM_16,2,44100,10,1764044,unknown
Gyaase_Meeting_2nd_July_2024 (1173).wav,wav,WAV,PCM_16,2,44100,10,1764044,unknown
Gyaase_Meeting_2nd_July_2024 (1174).wav,wav,WAV,PCM_16,2,44100,10,1764044,unknown
Gyaase_Meeting_2nd_July_2024 (1175).wav,wav,WAV,PCM_16,2,44100,10,1764044,unknown
Gyaase_Meeting_2nd_July_2024 (1176).wav,wav,WAV,PCM_16,2,44100,10,1764044,unknown
Gyaase_Meeting_2nd_July_2024 (1177).wav,wav,WAV,PCM_16,2,44100,10,1764044,unknown
Gyaase_Meeting_2nd_July_2024 (1178).wav,wav,WAV,PCM_16,2,44100,10,1764044,unknown
Gyaase_Meeting_2nd_July_2024 (1179).wav,wav,WAV,PCM_16,2,44100,10,1764044,unknown
Gyaase_Meeting_2nd_July_2024 (118).wav,wav,WAV,PCM_16,2,44100,10,1764044,unknown
Gyaase_Meeting_2nd_July_2024 (1180).wav,wav,WAV,PCM_16,2,44100,10,1764044,unknown
Gyaase_Meeting_2nd_July_2024 (1181).wav,wav,WAV,PCM_16,2,44100,10,1764044,unknown
Gyaase_Meeting_2nd_July_2024 (1182).wav,wav,WAV,PCM_16,2,44100,10,1764044,unknown
Gyaase_Meeting_2nd_July_2024 (1183).wav,wav,WAV,PCM_16,2,44100,10,1764044,unknown
Gyaase_Meeting_2nd_July_2024 (1184).wav,wav,WAV,PCM_16,2,44100,10,1764044,unknown
Gyaase_Meeting_2nd_July_2024 (1185).wav,wav,WAV,PCM_16,2,44100,10,1764044,unknown
Gyaase_Meeting_2nd_July_2024 (1186).wav,wav,WAV,PCM_16,2,44100,10,1764044,unknown
Gyaase_Meeting_2nd_July_2024 (1187).wav,wav,WAV,PCM_16,2,44100,10,1764044,unknown
Gyaase_Meeting_2nd_July_2024 (1188).wav,wav,WAV,PCM_16,2,44100,10,1764044,unknown
Gyaase_Meeting_2nd_July_2024 (1189).wav,wav,WAV,PCM_16,2,44100,10,1764044,unknown
Gyaase_Meeting_2nd_July_2024 (119).wav,wav,WAV,PCM_16,2,44100,10,1764044,unknown
Gyaase_Meeting_2nd_July_2024 (1190).wav,wav,WAV,PCM_16,2,44100,10,1764044,unknown
Gyaase_Meeting_2nd_July_2024 (1191).wav,wav,WAV,PCM_16,2,44100,10,1764044,unknown
Gyaase_Meeting_2nd_July_2024 (1192).wav,wav,WAV,PCM_16,2,44100,10,1764044,unknown
Gyaase_Meeting_2nd_July_2024 (1193).wav,wav,WAV,PCM_16,2,44100,10,1764044,unknown
Gyaase_Meeting_2nd_July_2024 (1194).wav,wav,WAV,PCM_16,2,44100,10,1764044,unknown
Gyaase_Meeting_2nd_July_2024 (1195).wav,wav,WAV,PCM_16,2,44100,10,1764044,unknown
Gyaase_Meeting_2nd_July_2024 (1196).wav,wav,WAV,PCM_16,2,44100,10,1764044,unknown
Gyaase_Meeting_2nd_July_2024 (1197).wav,wav,WAV,PCM_16,2,44100,10,1764044,unknown
Gyaase_Meeting_2nd_July_2024 (1198).wav,wav,WAV,PCM_16,2,44100,10,1764044,unknown
Gyaase_Meeting_2nd_July_2024 (1199).wav,wav,WAV,PCM_16,2,44100,10,1764044,unknown
Gyaase_Meeting_2nd_July_2024 (12).wav,wav,WAV,PCM_16,2,44100,10,1764044,unknown
Gyaase_Meeting_2nd_July_2024 (120).wav,wav,WAV,PCM_16,2,44100,10,1764044,unknown
Gyaase_Meeting_2nd_July_2024 (1200).wav,wav,WAV,PCM_16,2,44100,10,1764044,unknown
Gyaase_Meeting_2nd_July_2024 (1201).wav,wav,WAV,PCM_16,2,44100,10,1764044,unknown
Gyaase_Meeting_2nd_July_2024 (1202).wav,wav,WAV,PCM_16,2,44100,10,1764044,unknown
Gyaase_Meeting_2nd_July_2024 (1203).wav,wav,WAV,PCM_16,2,44100,10,1764044,unknown
Gyaase_Meeting_2nd_July_2024 (1204).wav,wav,WAV,PCM_16,2,44100,10,1764044,unknown
Gyaase_Meeting_2nd_July_2024 (1205).wav,wav,WAV,PCM_16,2,44100,10,1764044,unknown
Gyaase_Meeting_2nd_July_2024 (1206).wav,wav,WAV,PCM_16,2,44100,10,1764044,unknown
Gyaase_Meeting_2nd_July_2024 (1207).wav,wav,WAV,PCM_16,2,44100,10,1764044,unknown
Gyaase_Meeting_2nd_July_2024 (1208).wav,wav,WAV,PCM_16,2,44100,10,1764044,unknown
Gyaase_Meeting_2nd_July_2024 (1209).wav,wav,WAV,PCM_16,2,44100,10,1764044,unknown
Gyaase_Meeting_2nd_July_2024 (121).wav,wav,WAV,PCM_16,2,44100,10,1764044,unknown
Gyaase_Meeting_2nd_July_2024 (1210).wav,wav,WAV,PCM_16,2,44100,10,1764044,unknown
Gyaase_Meeting_2nd_July_2024 (1211).wav,wav,WAV,PCM_16,2,44100,10,1764044,unknown
Gyaase_Meeting_2nd_July_2024 (1212).wav,wav,WAV,PCM_16,2,44100,10,1764044,unknown
Gyaase_Meeting_2nd_July_2024 (1213).wav,wav,WAV,PCM_16,2,44100,10,1764044,unknown
Gyaase_Meeting_2nd_July_2024 (1214).wav,wav,WAV,PCM_16,2,44100,10,1764044,unknown
Gyaase_Meeting_2nd_July_2024 (1215).wav,wav,WAV,PCM_16,2,44100,10,1764044,unknown
Gyaase_Meeting_2nd_July_2024 (1216).wav,wav,WAV,PCM_16,2,44100,10,1764044,unknown
Gyaase_Meeting_2nd_July_2024 (1217).wav,wav,WAV,PCM_16,2,44100,10,1764044,unknown
Gyaase_Meeting_2nd_July_2024 (1218).wav,wav,WAV,PCM_16,2,44100,10,1764044,unknown
Gyaase_Meeting_2nd_July_2024 (1219).wav,wav,WAV,PCM_16,2,44100,10,1764044,unknown
Gyaase_Meeting_2nd_July_2024 (122).wav,wav,WAV,PCM_16,2,44100,10,1764044,unknown
Gyaase_Meeting_2nd_July_2024 (1220).wav,wav,WAV,PCM_16,2,44100,10,1764044,unknown
Gyaase_Meeting_2nd_July_2024 (1221).wav,wav,WAV,PCM_16,2,44100,10,1764044,unknown
Gyaase_Meeting_2nd_July_2024 (1222).wav,wav,WAV,PCM_16,2,44100,10,1764044,unknown
Gyaase_Meeting_2nd_July_2024 (1223).wav,wav,WAV,PCM_16,2,44100,10,1764044,unknown
Gyaase_Meeting_2nd_July_2024 (1224).wav,wav,WAV,PCM_16,2,44100,10,1764044,unknown
Gyaase_Meeting_2nd_July_2024 (1225).wav,wav,WAV,PCM_16,2,44100,10,1764044,unknown
Gyaase_Meeting_2nd_July_2024 (1226).wav,wav,WAV,PCM_16,2,44100,10,1764044,unknown
Gyaase_Meeting_2nd_July_2024 (1227).wav,wav,WAV,PCM_16,2,44100,10,1764044,unknown
Gyaase_Meeting_2nd_July_2024 (1228).wav,wav,WAV,PCM_16,2,44100,10,1764044,unknown
Gyaase_Meeting_2nd_July_2024 (1229).wav,wav,WAV,PCM_16,2,44100,10,1764044,unknown
Gyaase_Meeting_2nd_July_2024 (123).wav,wav,WAV,PCM_16,2,44100,10,1764044,unknown
Gyaase_Meeting_2nd_July_2024 (1230).wav,wav,WAV,PCM_16,2,44100,10,1764044,unknown
Gyaase_Meeting_2nd_July_2024 (1231).wav,wav,WAV,PCM_16,2,44100,10,1764044,unknown
Gyaase_Meeting_2nd_July_2024 (1232).wav,wav,WAV,PCM_16,2,44100,10,1764044,unknown
Gyaase_Meeting_2nd_July_2024 (1233).wav,wav,WAV,PCM_16,2,44100,10,1764044,unknown
Gyaase_Meeting_2nd_July_2024 (1234).wav,wav,WAV,PCM_16,2,44100,10,1764044,unknown
Gyaase_Meeting_2nd_July_2024 (1235).wav,wav,WAV,PCM_16,2,44100,10,1764044,unknown
Gyaase_Meeting_2nd_July_2024 (1236).wav,wav,WAV,PCM_16,2,44100,10,1764044,unknown
Gyaase_Meeting_2nd_July_2024 (1237).wav,wav,WAV,PCM_16,2,44100,10,1764044,unknown
Gyaase_Meeting_2nd_July_2024 (1238).wav,wav,WAV,PCM_16,2,44100,10,1764044,unknown
Gyaase_Meeting_2nd_July_2024 (1239).wav,wav,WAV,PCM_16,2,44100,10,1764044,unknown
Gyaase_Meeting_2nd_July_2024 (124).wav,wav,WAV,PCM_16,2,44100,6.484988662,1143996,unknown
Gyaase_Meeting_2nd_July_2024 (1240).wav,wav,WAV,PCM_16,2,44100,10,1764044,unknown
Gyaase_Meeting_2nd_July_2024 (1241).wav,wav,WAV,PCM_16,2,44100,10,1764044,unknown
Gyaase_Meeting_2nd_July_2024 (1242).wav,wav,WAV,PCM_16,2,44100,10,1764044,unknown
Gyaase_Meeting_2nd_July_2024 (1243).wav,wav,WAV,PCM_16,2,44100,10,1764044,unknown
Gyaase_Meeting_2nd_July_2024 (1244).wav,wav,WAV,PCM_16,2,44100,10,1764044,unknown
Gyaase_Meeting_2nd_July_2024 (1245).wav,wav,WAV,PCM_16,2,44100,10,1764044,unknown
Gyaase_Meeting_2nd_July_2024 (1246).wav,wav,WAV,PCM_16,2,44100,10,1764044,unknown
Gyaase_Meeting_2nd_July_2024 (1247).wav,wav,WAV,PCM_16,2,44100,10,1764044,unknown
Gyaase_Meeting_2nd_July_2024 (1248).wav,wav,WAV,PCM_16,2,44100,10,1764044,unknown
Gyaase_Meeting_2nd_July_2024 (1249).wav,wav,WAV,PCM_16,2,44100,10,1764044,unknown
Gyaase_Meeting_2nd_July_2024 (125).wav,wav,WAV,PCM_16,2,44100,10,1764044,unknown
Gyaase_Meeting_2nd_July_2024 (1250).wav,wav,WAV,PCM_16,2,44100,10,1764044,unknown
Gyaase_Meeting_2nd_July_2024 (1251).wav,wav,WAV,PCM_16,2,44100,10,1764044,unknown
Gyaase_Meeting_2nd_July_2024 (1252).wav,wav,WAV,PCM_16,2,44100,10,1764044,unknown
Gyaase_Meeting_2nd_July_2024 (1253).wav,wav,WAV,PCM_16,2,44100,10,1764044,unknown
Gyaase_Meeting_2nd_July_2024 (1254).wav,wav,WAV,PCM_16,2,44100,10,1764044,unknown
Gyaase_Meeting_2nd_July_2024 (1255).wav,wav,WAV,PCM_16,2,44100,10,1764044,unknown
Gyaase_Meeting_2nd_July_2024 (1256).wav,wav,WAV,PCM_16,2,44100,10,1764044,unknown
Gyaase_Meeting_2nd_July_2024 (1257).wav,wav,WAV,PCM_16,2,44100,10,1764044,unknown
Gyaase_Meeting_2nd_July_2024 (1258).wav,wav,WAV,PCM_16,2,44100,10,1764044,unknown
Gyaase_Meeting_2nd_July_2024 (1259).wav,wav,WAV,PCM_16,2,44100,10,1764044,unknown
Gyaase_Meeting_2nd_July_2024 (126).wav,wav,WAV,PCM_16,2,44100,10,1764044,unknown
Gyaase_Meeting_2nd_July_2024 (1260).wav,wav,WAV,PCM_16,2,44100,10,1764044,unknown
Gyaase_Meeting_2nd_July_2024 (1261).wav,wav,WAV,PCM_16,2,44100,10,1764044,unknown
Gyaase_Meeting_2nd_July_2024 (1262).wav,wav,WAV,PCM_16,2,44100,10,1764044,unknown
Gyaase_Meeting_2nd_July_2024 (1263).wav,wav,WAV,PCM_16,2,44100,10,1764044,unknown
Gyaase_Meeting_2nd_July_2024 (1264).wav,wav,WAV,PCM_16,2,44100,10,1764044,unknown
Gyaase_Meeting_2nd_July_2024 (1265).wav,wav,WAV,PCM_16,2,44100,10,1764044,unknown
Gyaase_Meeting_2nd_July_2024 (1266).wav,wav,WAV,PCM_16,2,44100,10,1764044,unknown
Gyaase_Meeting_2nd_July_2024 (1267).wav,wav,WAV,PCM_16,2,44100,10,1764044,unknown
Gyaase_Meeting_2nd_July_2024 (1268).wav,wav,WAV,PCM_16,2,44100,10,1764044,unknown
Gyaase_Meeting_2nd_July_2024 (1269).wav,wav,WAV,PCM_16,2,44100,10,1764044,unknown
Gyaase_Meeting_2nd_July_2024 (127).wav,wav,WAV,PCM_16,2,44100,10,1764044,unknown
Gyaase_Meeting_2nd_July_2024 (1270).wav,wav,WAV,PCM_16,2,44100,10,1764044,unknown
Gyaase_Meeting_2nd_July_2024 (1271).wav,wav,WAV,PCM_16,2,44100,10,1764044,unknown
Gyaase_Meeting_2nd_July_2024 (1272).wav,wav,WAV,PCM_16,2,44100,10,1764044,unknown
Gyaase_Meeting_2nd_July_2024 (1273).wav,wav,WAV,PCM_16,2,44100,10,1764044,unknown
Gyaase_Meeting_2nd_July_2024 (1274).wav,wav,WAV,PCM_16,2,44100,10,1764044,unknown
Gyaase_Meeting_2nd_July_2024 (1275).wav,wav,WAV,PCM_16,2,44100,10,1764044,unknown
Gyaase_Meeting_2nd_July_2024 (1276).wav,wav,WAV,PCM_16,2,44100,10,1764044,unknown
Gyaase_Meeting_2nd_July_2024 (1277).wav,wav,WAV,PCM_16,2,44100,10,1764044,unknown
Gyaase_Meeting_2nd_July_2024 (1278).wav,wav,WAV,PCM_16,2,44100,10,1764044,unknown
Gyaase_Meeting_2nd_July_2024 (1279).wav,wav,WAV,PCM_16,2,44100,10,1764044,unknown
Gyaase_Meeting_2nd_July_2024 (128).wav,wav,WAV,PCM_16,2,44100,10,1764044,unknown
Gyaase_Meeting_2nd_July_2024 (1280).wav,wav,WAV,PCM_16,2,44100,10,1764044,unknown
Gyaase_Meeting_2nd_July_2024 (1281).wav,wav,WAV,PCM_16,2,44100,10,1764044,unknown
Gyaase_Meeting_2nd_July_2024 (1282).wav,wav,WAV,PCM_16,2,44100,10,1764044,unknown
Gyaase_Meeting_2nd_July_2024 (1283).wav,wav,WAV,PCM_16,2,44100,10,1764044,unknown
Gyaase_Meeting_2nd_July_2024 (1284).wav,wav,WAV,PCM_16,2,44100,10,1764044,unknown
Gyaase_Meeting_2nd_July_2024 (1285).wav,wav,WAV,PCM_16,2,44100,10,1764044,unknown
Gyaase_Meeting_2nd_July_2024 (1286).wav,wav,WAV,PCM_16,2,44100,10,1764044,unknown
Gyaase_Meeting_2nd_July_2024 (1287).wav,wav,WAV,PCM_16,2,44100,10,1764044,unknown
Gyaase_Meeting_2nd_July_2024 (1288).wav,wav,WAV,PCM_16,2,44100,10,1764044,unknown
Gyaase_Meeting_2nd_July_2024 (1289).wav,wav,WAV,PCM_16,2,44100,10,1764044,unknown
Gyaase_Meeting_2nd_July_2024 (129).wav,wav,WAV,PCM_16,2,44100,10,1764044,unknown
Gyaase_Meeting_2nd_July_2024 (1290).wav,wav,WAV,PCM_16,2,44100,10,1764044,unknown
Gyaase_Meeting_2nd_July_2024 (1291).wav,wav,WAV,PCM_16,2,44100,10,1764044,unknown
Gyaase_Meeting_2nd_July_2024 (1292).wav,wav,WAV,PCM_16,2,44100,10,1764044,unknown
Gyaase_Meeting_2nd_July_2024 (1293).wav,wav,WAV,PCM_16,2,44100,10,1764044,unknown
Gyaase_Meeting_2nd_July_2024 (1294).wav,wav,WAV,PCM_16,2,44100,10,1764044,unknown
Gyaase_Meeting_2nd_July_2024 (1295).wav,wav,WAV,PCM_16,2,44100,10,1764044,unknown
Gyaase_Meeting_2nd_July_2024 (1296).wav,wav,WAV,PCM_16,2,44100,10,1764044,unknown
Gyaase_Meeting_2nd_July_2024 (1297).wav,wav,WAV,PCM_16,2,44100,10,1764044,unknown
Gyaase_Meeting_2nd_July_2024 (1298).wav,wav,WAV,PCM_16,2,44100,10,1764044,unknown
Gyaase_Meeting_2nd_July_2024 (1299).wav,wav,WAV,PCM_16,2,44100,10,1764044,unknown
Gyaase_Meeting_2nd_July_2024 (13).wav,wav,WAV,PCM_16,2,44100,10,1764044,unknown
Gyaase_Meeting_2nd_July_2024 (130).wav,wav,WAV,PCM_16,2,44100,10,1764044,unknown
Gyaase_Meeting_2nd_July_2024 (1300).wav,wav,WAV,PCM_16,2,44100,10,1764044,unknown
Gyaase_Meeting_2nd_July_2024 (1301).wav,wav,WAV,PCM_16,2,44100,10,1764044,unknown
Gyaase_Meeting_2nd_July_2024 (1302).wav,wav,WAV,PCM_16,2,44100,10,1764044,unknown
Gyaase_Meeting_2nd_July_2024 (1303).wav,wav,WAV,PCM_16,2,44100,10,1764044,unknown
Gyaase_Meeting_2nd_July_2024 (1304).wav,wav,WAV,PCM_16,2,44100,10,1764044,unknown
Gyaase_Meeting_2nd_July_2024 (1305).wav,wav,WAV,PCM_16,2,44100,10,1764044,unknown
Gyaase_Meeting_2nd_July_2024 (1306).wav,wav,WAV,PCM_16,2,44100,10,1764044,unknown
Gyaase_Meeting_2nd_July_2024 (1307).wav,wav,WAV,PCM_16,2,44100,10,1764044,unknown
Gyaase_Meeting_2nd_July_2024 (1308).wav,wav,WAV,PCM_16,2,44100,10,1764044,unknown
Gyaase_Meeting_2nd_July_2024 (1309).wav,wav,WAV,PCM_16,2,44100,10,1764044,unknown
Gyaase_Meeting_2nd_July_2024 (131).wav,wav,WAV,PCM_16,2,44100,10,1764044,unknown
Gyaase_Meeting_2nd_July_2024 (1310).wav,wav,WAV,PCM_16,2,44100,10,1764044,unknown
Gyaase_Meeting_2nd_July_2024 (1311).wav,wav,WAV,PCM_16,2,44100,10,1764044,unknown
Gyaase_Meeting_2nd_July_2024 (1312).wav,wav,WAV,PCM_16,2,44100,10,1764044,unknown
Gyaase_Meeting_2nd_July_2024 (1313).wav,wav,WAV,PCM_16,2,44100,10,1764044,unknown
Gyaase_Meeting_2nd_July_2024 (1314).wav,wav,WAV,PCM_16,2,44100,10,1764044,unknown
Gyaase_Meeting_2nd_July_2024 (1315).wav,wav,WAV,PCM_16,2,44100,10,1764044,unknown
Gyaase_Meeting_2nd_July_2024 (1316).wav,wav,WAV,PCM_16,2,44100,10,1764044,unknown
Gyaase_Meeting_2nd_July_2024 (1317).wav,wav,WAV,PCM_16,2,44100,10,1764044,unknown
Gyaase_Meeting_2nd_July_2024 (1318).wav,wav,WAV,PCM_16,2,44100,10,1764044,unknown
Gyaase_Meeting_2nd_July_2024 (1319).wav,wav,WAV,PCM_16,2,44100,10,1764044,unknown
Gyaase_Meeting_2nd_July_2024 (132).wav,wav,WAV,PCM_16,2,44100,10,1764044,unknown
Gyaase_Meeting_2nd_July_2024 (1320).wav,wav,WAV,PCM_16,2,44100,10,1764044,unknown
Gyaase_Meeting_2nd_July_2024 (1321).wav,wav,WAV,PCM_16,2,44100,10,1764044,unknown
Gyaase_Meeting_2nd_July_2024 (1322).wav,wav,WAV,PCM_16,2,44100,10,1764044,unknown
Gyaase_Meeting_2nd_July_2024 (1323).wav,wav,WAV,PCM_16,2,44100,10,1764044,unknown
Gyaase_Meeting_2nd_July_2024 (1324).wav,wav,WAV,PCM_16,2,44100,10,1764044,unknown
Gyaase_Meeting_2nd_July_2024 (1325).wav,wav,WAV,PCM_16,2,44100,10,1764044,unknown
Gyaase_Meeting_2nd_July_2024 (1326).wav,wav,WAV,PCM_16,2,44100,10,1764044,unknown
Gyaase_Meeting_2nd_July_2024 (1327).wav,wav,WAV,PCM_16,2,44100,10,1764044,unknown
Gyaase_Meeting_2nd_July_2024 (1328).wav,wav,WAV,PCM_16,2,44100,10,1764044,unknown
Gyaase_Meeting_2nd_July_2024 (1329).wav,wav,WAV,PCM_16,2,44100,10,1764044,unknown
Gyaase_Meeting_2nd_July_2024 (133).wav,wav,WAV,PCM_16,2,44100,10,1764044,unknown
Gyaase_Meeting_2nd_July_2024 (1330).wav,wav,WAV,PCM_16,2,44100,10,1764044,unknown
Gyaase_Meeting_2nd_July_2024 (1331).wav,wav,WAV,PCM_16,2,44100,10,1764044,unknown
Gyaase_Meeting_2nd_July_2024 (1332).wav,wav,WAV,PCM_16,2,44100,10,1764044,unknown
Gyaase_Meeting_2nd_July_2024 (1333).wav,wav,WAV,PCM_16,2,44100,10,1764044,unknown
Gyaase_Meeting_2nd_July_2024 (1334).wav,wav,WAV,PCM_16,2,44100,10,1764044,unknown
Gyaase_Meeting_2nd_July_2024 (1335).wav,wav,WAV,PCM_16,2,44100,10,1764044,unknown
Gyaase_Meeting_2nd_July_2024 (1336).wav,wav,WAV,PCM_16,2,44100,10,1764044,unknown
Gyaase_Meeting_2nd_July_2024 (1337).wav,wav,WAV,PCM_16,2,44100,10,1764044,unknown
Gyaase_Meeting_2nd_July_2024 (1338).wav,wav,WAV,PCM_16,2,44100,10,1764044,unknown
Gyaase_Meeting_2nd_July_2024 (1339).wav,wav,WAV,PCM_16,2,44100,10,1764044,unknown
Gyaase_Meeting_2nd_July_2024 (134).wav,wav,WAV,PCM_16,2,44100,10,1764044,unknown
Gyaase_Meeting_2nd_July_2024 (1340).wav,wav,WAV,PCM_16,2,44100,10,1764044,unknown
Gyaase_Meeting_2nd_July_2024 (1341).wav,wav,WAV,PCM_16,2,44100,10,1764044,unknown
Gyaase_Meeting_2nd_July_2024 (1342).wav,wav,WAV,PCM_16,2,44100,10,1764044,unknown
Gyaase_Meeting_2nd_July_2024 (1343).wav,wav,WAV,PCM_16,2,44100,10,1764044,unknown
Gyaase_Meeting_2nd_July_2024 (1344).wav,wav,WAV,PCM_16,2,44100,10,1764044,unknown
Gyaase_Meeting_2nd_July_2024 (1345).wav,wav,WAV,PCM_16,2,44100,10,1764044,unknown
Gyaase_Meeting_2nd_July_2024 (1346).wav,wav,WAV,PCM_16,2,44100,10,1764044,unknown
Gyaase_Meeting_2nd_July_2024 (1347).wav,wav,WAV,PCM_16,2,44100,10,1764044,unknown
Gyaase_Meeting_2nd_July_2024 (1348).wav,wav,WAV,PCM_16,2,44100,10,1764044,unknown
Gyaase_Meeting_2nd_July_2024 (1349).wav,wav,WAV,PCM_16,2,44100,10,1764044,unknown
Gyaase_Meeting_2nd_July_2024 (135).wav,wav,WAV,PCM_16,2,44100,10,1764044,unknown
Gyaase_Meeting_2nd_July_2024 (1350).wav,wav,WAV,PCM_16,2,44100,10,1764044,unknown
Gyaase_Meeting_2nd_July_2024 (1351).wav,wav,WAV,PCM_16,2,44100,10,1764044,unknown
Gyaase_Meeting_2nd_July_2024 (1352).wav,wav,WAV,PCM_16,2,44100,10,1764044,unknown
Gyaase_Meeting_2nd_July_2024 (1353).wav,wav,WAV,PCM_16,2,44100,10,1764044,unknown
Gyaase_Meeting_2nd_July_2024 (1354).wav,wav,WAV,PCM_16,2,44100,10,1764044,unknown
Gyaase_Meeting_2nd_July_2024 (1355).wav,wav,WAV,PCM_16,2,44100,10,1764044,unknown
Gyaase_Meeting_2nd_July_2024 (1356).wav,wav,WAV,PCM_16,2,44100,10,1764044,unknown
Gyaase_Meeting_2nd_July_2024 (1357).wav,wav,WAV,PCM_16,2,44100,10,1764044,unknown
Gyaase_Meeting_2nd_July_2024 (1358).wav,wav,WAV,PCM_16,2,44100,10,1764044,unknown
Gyaase_Meeting_2nd_July_2024 (1359).wav,wav,WAV,PCM_16,2,44100,10,1764044,unknown
Gyaase_Meeting_2nd_July_2024 (136).wav,wav,WAV,PCM_16,2,44100,10,1764044,unknown
Gyaase_Meeting_2nd_July_2024 (1360).wav,wav,WAV,PCM_16,2,44100,10,1764044,unknown
Gyaase_Meeting_2nd_July_2024 (1361).wav,wav,WAV,PCM_16,2,44100,10,1764044,unknown
Gyaase_Meeting_2nd_July_2024 (1362).wav,wav,WAV,PCM_16,2,44100,10,1764044,unknown
Gyaase_Meeting_2nd_July_2024 (1363).wav,wav,WAV,PCM_16,2,44100,10,1764044,unknown
Gyaase_Meeting_2nd_July_2024 (1364).wav,wav,WAV,PCM_16,2,44100,10,1764044,unknown
Gyaase_Meeting_2nd_July_2024 (1365).wav,wav,WAV,PCM_16,2,44100,10,1764044,unknown
Gyaase_Meeting_2nd_July_2024 (1366).wav,wav,WAV,PCM_16,2,44100,10,1764044,unknown
Gyaase_Meeting_2nd_July_2024 (1367).wav,wav,WAV,PCM_16,2,44100,10,1764044,unknown
Gyaase_Meeting_2nd_July_2024 (1368).wav,wav,WAV,PCM_16,2,44100,10,1764044,unknown
Gyaase_Meeting_2nd_July_2024 (1369).wav,wav,WAV,PCM_16,2,44100,10,1764044,unknown
Gyaase_Meeting_2nd_July_2024 (137).wav,wav,WAV,PCM_16,2,44100,10,1764044,unknown
Gyaase_Meeting_2nd_July_2024 (1370).wav,wav,WAV,PCM_16,2,44100,10,1764044,unknown
Gyaase_Meeting_2nd_July_2024 (1371).wav,wav,WAV,PCM_16,2,44100,10,1764044,unknown
Gyaase_Meeting_2nd_July_2024 (1372).wav,wav,WAV,PCM_16,2,44100,10,1764044,unknown
Gyaase_Meeting_2nd_July_2024 (1373).wav,wav,WAV,PCM_16,2,44100,10,1764044,unknown
Gyaase_Meeting_2nd_July_2024 (138).wav,wav,WAV,PCM_16,2,44100,10,1764044,unknown
Gyaase_Meeting_2nd_July_2024 (139).wav,wav,WAV,PCM_16,2,44100,10,1764044,unknown
Gyaase_Meeting_2nd_July_2024 (14).wav,wav,WAV,PCM_16,2,44100,10,1764044,unknown
Gyaase_Meeting_2nd_July_2024 (140).wav,wav,WAV,PCM_16,2,44100,10,1764044,unknown
Gyaase_Meeting_2nd_July_2024 (141).wav,wav,WAV,PCM_16,2,44100,10,1764044,unknown
Gyaase_Meeting_2nd_July_2024 (142).wav,wav,WAV,PCM_16,2,44100,10,1764044,unknown
Gyaase_Meeting_2nd_July_2024 (143).wav,wav,WAV,PCM_16,2,44100,10,1764044,unknown
Gyaase_Meeting_2nd_July_2024 (144).wav,wav,WAV,PCM_16,2,44100,10,1764044,unknown
Gyaase_Meeting_2nd_July_2024 (145).wav,wav,WAV,PCM_16,2,44100,10,1764044,unknown
Gyaase_Meeting_2nd_July_2024 (146).wav,wav,WAV,PCM_16,2,44100,10,1764044,unknown
Gyaase_Meeting_2nd_July_2024 (147).wav,wav,WAV,PCM_16,2,44100,10,1764044,unknown
Gyaase_Meeting_2nd_July_2024 (148).wav,wav,WAV,PCM_16,2,44100,10,1764044,unknown
Gyaase_Meeting_2nd_July_2024 (149).wav,wav,WAV,PCM_16,2,44100,10,1764044,unknown
Gyaase_Meeting_2nd_July_2024 (15).wav,wav,WAV,PCM_16,2,44100,10,1764044,unknown
Gyaase_Meeting_2nd_July_2024 (150).wav,wav,WAV,PCM_16,2,44100,10,1764044,unknown
Gyaase_Meeting_2nd_July_2024 (151).wav,wav,WAV,PCM_16,2,44100,10,1764044,unknown
Gyaase_Meeting_2nd_July_2024 (152).wav,wav,WAV,PCM_16,2,44100,10,1764044,unknown
Gyaase_Meeting_2nd_July_2024 (153).wav,wav,WAV,PCM_16,2,44100,10,1764044,unknown
Gyaase_Meeting_2nd_July_2024 (154).wav,wav,WAV,PCM_16,2,44100,10,1764044,unknown
Gyaase_Meeting_2nd_July_2024 (155).wav,wav,WAV,PCM_16,2,44100,10,1764044,unknown
Gyaase_Meeting_2nd_July_2024 (156).wav,wav,WAV,PCM_16,2,44100,10,1764044,unknown
Gyaase_Meeting_2nd_July_2024 (157).wav,wav,WAV,PCM_16,2,44100,10,1764044,unknown
Gyaase_Meeting_2nd_July_2024 (158).wav,wav,WAV,PCM_16,2,44100,10,1764044,unknown
Gyaase_Meeting_2nd_July_2024 (159).wav,wav,WAV,PCM_16,2,44100,10,1764044,unknown
Gyaase_Meeting_2nd_July_2024 (16).wav,wav,WAV,PCM_16,2,44100,10,1764044,unknown
Gyaase_Meeting_2nd_July_2024 (160).wav,wav,WAV,PCM_16,2,44100,10,1764044,unknown
Gyaase_Meeting_2nd_July_2024 (161).wav,wav,WAV,PCM_16,2,44100,10,1764044,unknown
Gyaase_Meeting_2nd_July_2024 (162).wav,wav,WAV,PCM_16,2,44100,10,1764044,unknown
Gyaase_Meeting_2nd_July_2024 (163).wav,wav,WAV,PCM_16,2,44100,10,1764044,unknown
Gyaase_Meeting_2nd_July_2024 (164).wav,wav,WAV,PCM_16,2,44100,10,1764044,unknown
Gyaase_Meeting_2nd_July_2024 (165).wav,wav,WAV,PCM_16,2,44100,10,1764044,unknown
Gyaase_Meeting_2nd_July_2024 (166).wav,wav,WAV,PCM_16,2,44100,10,1764044,unknown
Gyaase_Meeting_2nd_July_2024 (167).wav,wav,WAV,PCM_16,2,44100,10,1764044,unknown
Gyaase_Meeting_2nd_July_2024 (168).wav,wav,WAV,PCM_16,2,44100,10,1764044,unknown
Gyaase_Meeting_2nd_July_2024 (169).wav,wav,WAV,PCM_16,2,44100,10,1764044,unknown
Gyaase_Meeting_2nd_July_2024 (17).wav,wav,WAV,PCM_16,2,44100,10,1764044,unknown
Gyaase_Meeting_2nd_July_2024 (170).wav,wav,WAV,PCM_16,2,44100,10,1764044,unknown
Gyaase_Meeting_2nd_July_2024 (171).wav,wav,WAV,PCM_16,2,44100,10,1764044,unknown
Gyaase_Meeting_2nd_July_2024 (172).wav,wav,WAV,PCM_16,2,44100,10,1764044,unknown
Gyaase_Meeting_2nd_July_2024 (173).wav,wav,WAV,PCM_16,2,44100,10,1764044,unknown
Gyaase_Meeting_2nd_July_2024 (174).wav,wav,WAV,PCM_16,2,44100,10,1764044,unknown
Gyaase_Meeting_2nd_July_2024 (175).wav,wav,WAV,PCM_16,2,44100,10,1764044,unknown
Gyaase_Meeting_2nd_July_2024 (176).wav,wav,WAV,PCM_16,2,44100,10,1764044,unknown
Gyaase_Meeting_2nd_July_2024 (177).wav,wav,WAV,PCM_16,2,44100,10,1764044,unknown
Gyaase_Meeting_2nd_July_2024 (178).wav,wav,WAV,PCM_16,2,44100,10,1764044,unknown
Gyaase_Meeting_2nd_July_2024 (179).wav,wav,WAV,PCM_16,2,44100,10,1764044,unknown
Gyaase_Meeting_2nd_July_2024 (18).wav,wav,WAV,PCM_16,2,44100,10,1764044,unknown
Gyaase_Meeting_2nd_July_2024 (180).wav,wav,WAV,PCM_16,2,44100,10,1764044,unknown
Gyaase_Meeting_2nd_July_2024 (181).wav,wav,WAV,PCM_16,2,44100,10,1764044,unknown
Gyaase_Meeting_2nd_July_2024 (182).wav,wav,WAV,PCM_16,2,44100,10,1764044,unknown
Gyaase_Meeting_2nd_July_2024 (183).wav,wav,WAV,PCM_16,2,44100,10,1764044,unknown
Gyaase_Meeting_2nd_July_2024 (184).wav,wav,WAV,PCM_16,2,44100,10,1764044,unknown
Gyaase_Meeting_2nd_July_2024 (185).wav,wav,WAV,PCM_16,2,44100,10,1764044,unknown
Gyaase_Meeting_2nd_July_2024 (186).wav,wav,WAV,PCM_16,2,44100,10,1764044,unknown
Gyaase_Meeting_2nd_July_2024 (187).wav,wav,WAV,PCM_16,2,44100,10,1764044,unknown
Gyaase_Meeting_2nd_July_2024 (188).wav,wav,WAV,PCM_16,2,44100,10,1764044,unknown
Gyaase_Meeting_2nd_July_2024 (189).wav,wav,WAV,PCM_16,2,44100,10,1764044,unknown
Gyaase_Meeting_2nd_July_2024 (19).wav,wav,WAV,PCM_16,2,44100,10,1764044,unknown
Gyaase_Meeting_2nd_July_2024 (190).wav,wav,WAV,PCM_16,2,44100,10,1764044,unknown
Gyaase_Meeting_2nd_July_2024 (191).wav,wav,WAV,PCM_16,2,44100,10,1764044,unknown
Gyaase_Meeting_2nd_July_2024 (192).wav,wav,WAV,PCM_16,2,44100,10,1764044,unknown
Gyaase_Meeting_2nd_July_2024 (193).wav,wav,WAV,PCM_16,2,44100,10,1764044,unknown
Gyaase_Meeting_2nd_July_2024 (194).wav,wav,WAV,PCM_16,2,44100,10,1764044,unknown
Gyaase_Meeting_2nd_July_2024 (195).wav,wav,WAV,PCM_16,2,44100,10,1764044,unknown
Gyaase_Meeting_2nd_July_2024 (196).wav,wav,WAV,PCM_16,2,44100,10,1764044,unknown
Gyaase_Meeting_2nd_July_2024 (197).wav,wav,WAV,PCM_16,2,44100,10,1764044,unknown
Gyaase_Meeting_2nd_July_2024 (198).wav,wav,WAV,PCM_16,2,44100,10,1764044,unknown
Gyaase_Meeting_2nd_July_2024 (199).wav,wav,WAV,PCM_16,2,44100,10,1764044,unknown
Gyaase_Meeting_2nd_July_2024 (2).wav,wav,WAV,PCM_16,2,44100,10,1764044,unknown
Gyaase_Meeting_2nd_July_2024 (20).wav,wav,WAV,PCM_16,2,44100,10,1764044,unknown
Gyaase_Meeting_2nd_July_2024 (200).wav,wav,WAV,PCM_16,2,44100,10,1764044,unknown
Gyaase_Meeting_2nd_July_2024 (201).wav,wav,WAV,PCM_16,2,44100,10,1764044,unknown
Gyaase_Meeting_2nd_July_2024 (202).wav,wav,WAV,PCM_16,2,44100,10,1764044,unknown
Gyaase_Meeting_2nd_July_2024 (203).wav,wav,WAV,PCM_16,2,44100,10,1764044,unknown
Gyaase_Meeting_2nd_July_2024 (204).wav,wav,WAV,PCM_16,2,44100,10,1764044,unknown
Gyaase_Meeting_2nd_July_2024 (205).wav,wav,WAV,PCM_16,2,44100,10,1764044,unknown
Gyaase_Meeting_2nd_July_2024 (206).wav,wav,WAV,PCM_16,2,44100,10,1764044,unknown
Gyaase_Meeting_2nd_July_2024 (207).wav,wav,WAV,PCM_16,2,44100,10,1764044,unknown
Gyaase_Meeting_2nd_July_2024 (208).wav,wav,WAV,PCM_16,2,44100,10,1764044,unknown
Gyaase_Meeting_2nd_July_2024 (209).wav,wav,WAV,PCM_16,2,44100,10,1764044,unknown
Gyaase_Meeting_2nd_July_2024 (21).wav,wav,WAV,PCM_16,2,44100,10,1764044,unknown
Gyaase_Meeting_2nd_July_2024 (210).wav,wav,WAV,PCM_16,2,44100,10,1764044,unknown
Gyaase_Meeting_2nd_July_2024 (211).wav,wav,WAV,PCM_16,2,44100,10,1764044,unknown
Gyaase_Meeting_2nd_July_2024 (212).wav,wav,WAV,PCM_16,2,44100,10,1764044,unknown
Gyaase_Meeting_2nd_July_2024 (213).wav,wav,WAV,PCM_16,2,44100,10,1764044,unknown
Gyaase_Meeting_2nd_July_2024 (214).wav,wav,WAV,PCM_16,2,44100,10,1764044,unknown
Gyaase_Meeting_2nd_July_2024 (215).wav,wav,WAV,PCM_16,2,44100,10,1764044,unknown
Gyaase_Meeting_2nd_July_2024 (216).wav,wav,WAV,PCM_16,2,44100,10,1764044,unknown
Gyaase_Meeting_2nd_July_2024 (217).wav,wav,WAV,PCM_16,2,44100,10,1764044,unknown
Gyaase_Meeting_2nd_July_2024 (218).wav,wav,WAV,PCM_16,2,44100,10,1764044,unknown
Gyaase_Meeting_2nd_July_2024 (219).wav,wav,WAV,PCM_16,2,44100,10,1764044,unknown
Gyaase_Meeting_2nd_July_2024 (22).wav,wav,WAV,PCM_16,2,44100,10,1764044,unknown
Gyaase_Meeting_2nd_July_2024 (220).wav,wav,WAV,PCM_16,2,44100,10,1764044,unknown
Gyaase_Meeting_2nd_July_2024 (221).wav,wav,WAV,PCM_16,2,44100,10,1764044,unknown
Gyaase_Meeting_2nd_July_2024 (222).wav,wav,WAV,PCM_16,2,44100,10,1764044,unknown
Gyaase_Meeting_2nd_July_2024 (223).wav,wav,WAV,PCM_16,2,44100,10,1764044,unknown
Gyaase_Meeting_2nd_July_2024 (224).wav,wav,WAV,PCM_16,2,44100,10,1764044,unknown
Gyaase_Meeting_2nd_July_2024 (225).wav,wav,WAV,PCM_16,2,44100,10,1764044,unknown
Gyaase_Meeting_2nd_July_2024 (226).wav,wav,WAV,PCM_16,2,44100,10,1764044,unknown
Gyaase_Meeting_2nd_July_2024 (227).wav,wav,WAV,PCM_16,2,44100,10,1764044,unknown
Gyaase_Meeting_2nd_July_2024 (228).wav,wav,WAV,PCM_16,2,44100,10,1764044,unknown
Gyaase_Meeting_2nd_July_2024 (229).wav,wav,WAV,PCM_16,2,44100,10,1764044,unknown
Gyaase_Meeting_2nd_July_2024 (23).wav,wav,WAV,PCM_16,2,44100,10,1764044,unknown
Gyaase_Meeting_2nd_July_2024 (230).wav,wav,WAV,PCM_16,2,44100,10,1764044,unknown
Gyaase_Meeting_2nd_July_2024 (231).wav,wav,WAV,PCM_16,2,44100,10,1764044,unknown
Gyaase_Meeting_2nd_July_2024 (232).wav,wav,WAV,PCM_16,2,44100,10,1764044,unknown
Gyaase_Meeting_2nd_July_2024 (233).wav,wav,WAV,PCM_16,2,44100,10,1764044,unknown
Gyaase_Meeting_2nd_July_2024 (234).wav,wav,WAV,PCM_16,2,44100,10,1764044,unknown
Gyaase_Meeting_2nd_July_2024 (235).wav,wav,WAV,PCM_16,2,44100,10,1764044,unknown
Gyaase_Meeting_2nd_July_2024 (236).wav,wav,WAV,PCM_16,2,44100,10,1764044,unknown
Gyaase_Meeting_2nd_July_2024 (237).wav,wav,WAV,PCM_16,2,44100,10,1764044,unknown
Gyaase_Meeting_2nd_July_2024 (238).wav,wav,WAV,PCM_16,2,44100,10,1764044,unknown
Gyaase_Meeting_2nd_July_2024 (239).wav,wav,WAV,PCM_16,2,44100,10,1764044,unknown
Gyaase_Meeting_2nd_July_2024 (24).wav,wav,WAV,PCM_16,2,44100,10,1764044,unknown
Gyaase_Meeting_2nd_July_2024 (240).wav,wav,WAV,PCM_16,2,44100,10,1764044,unknown
Gyaase_Meeting_2nd_July_2024 (241).wav,wav,WAV,PCM_16,2,44100,10,1764044,unknown
Gyaase_Meeting_2nd_July_2024 (242).wav,wav,WAV,PCM_16,2,44100,10,1764044,unknown
Gyaase_Meeting_2nd_July_2024 (243).wav,wav,WAV,PCM_16,2,44100,10,1764044,unknown
Gyaase_Meeting_2nd_July_2024 (244).wav,wav,WAV,PCM_16,2,44100,10,1764044,unknown
Gyaase_Meeting_2nd_July_2024 (245).wav,wav,WAV,PCM_16,2,44100,10,1764044,unknown
Gyaase_Meeting_2nd_July_2024 (246).wav,wav,WAV,PCM_16,2,44100,10,1764044,unknown
Gyaase_Meeting_2nd_July_2024 (247).wav,wav,WAV,PCM_16,2,44100,10,1764044,unknown
Gyaase_Meeting_2nd_July_2024 (248).wav,wav,WAV,PCM_16,2,44100,10,1764044,unknown
Gyaase_Meeting_2nd_July_2024 (249).wav,wav,WAV,PCM_16,2,44100,10,1764044,unknown
Gyaase_Meeting_2nd_July_2024 (25).wav,wav,WAV,PCM_16,2,44100,10,1764044,unknown
Gyaase_Meeting_2nd_July_2024 (250).wav,wav,WAV,PCM_16,2,44100,10,1764044,unknown
Gyaase_Meeting_2nd_July_2024 (251).wav,wav,WAV,PCM_16,2,44100,10,1764044,unknown
Gyaase_Meeting_2nd_July_2024 (252).wav,wav,WAV,PCM_16,2,44100,10,1764044,unknown
Gyaase_Meeting_2nd_July_2024 (253).wav,wav,WAV,PCM_16,2,44100,10,1764044,unknown
Gyaase_Meeting_2nd_July_2024 (254).wav,wav,WAV,PCM_16,2,44100,10,1764044,unknown
Gyaase_Meeting_2nd_July_2024 (255).wav,wav,WAV,PCM_16,2,44100,10,1764044,unknown
Gyaase_Meeting_2nd_July_2024 (256).wav,wav,WAV,PCM_16,2,44100,10,1764044,unknown
Gyaase_Meeting_2nd_July_2024 (257).wav,wav,WAV,PCM_16,2,44100,10,1764044,unknown
Gyaase_Meeting_2nd_July_2024 (258).wav,wav,WAV,PCM_16,2,44100,10,1764044,unknown
Gyaase_Meeting_2nd_July_2024 (259).wav,wav,WAV,PCM_16,2,44100,10,1764044,unknown
Gyaase_Meeting_2nd_July_2024 (26).wav,wav,WAV,PCM_16,2,44100,10,1764044,unknown
Gyaase_Meeting_2nd_July_2024 (260).wav,wav,WAV,PCM_16,2,44100,10,1764044,unknown
Gyaase_Meeting_2nd_July_2024 (261).wav,wav,WAV,PCM_16,2,44100,10,1764044,unknown
Gyaase_Meeting_2nd_July_2024 (262).wav,wav,WAV,PCM_16,2,44100,10,1764044,unknown
Gyaase_Meeting_2nd_July_2024 (263).wav,wav,WAV,PCM_16,2,44100,10,1764044,unknown
Gyaase_Meeting_2nd_July_2024 (264).wav,wav,WAV,PCM_16,2,44100,10,1764044,unknown
Gyaase_Meeting_2nd_July_2024 (265).wav,wav,WAV,PCM_16,2,44100,10,1764044,unknown
Gyaase_Meeting_2nd_July_2024 (266).wav,wav,WAV,PCM_16,2,44100,10,1764044,unknown
Gyaase_Meeting_2nd_July_2024 (267).wav,wav,WAV,PCM_16,2,44100,10,1764044,unknown
Gyaase_Meeting_2nd_July_2024 (268).wav,wav,WAV,PCM_16,2,44100,10,1764044,unknown
Gyaase_Meeting_2nd_July_2024 (269).wav,wav,WAV,PCM_16,2,44100,10,1764044,unknown
Gyaase_Meeting_2nd_July_2024 (27).wav,wav,WAV,PCM_16,2,44100,10,1764044,unknown
Gyaase_Meeting_2nd_July_2024 (270).wav,wav,WAV,PCM_16,2,44100,10,1764044,unknown
Gyaase_Meeting_2nd_July_2024 (271).wav,wav,WAV,PCM_16,2,44100,10,1764044,unknown
Gyaase_Meeting_2nd_July_2024 (272).wav,wav,WAV,PCM_16,2,44100,10,1764044,unknown
Gyaase_Meeting_2nd_July_2024 (273).wav,wav,WAV,PCM_16,2,44100,10,1764044,unknown
Gyaase_Meeting_2nd_July_2024 (274).wav,wav,WAV,PCM_16,2,44100,10,1764044,unknown
Gyaase_Meeting_2nd_July_2024 (275).wav,wav,WAV,PCM_16,2,44100,10,1764044,unknown
Gyaase_Meeting_2nd_July_2024 (276).wav,wav,WAV,PCM_16,2,44100,10,1764044,unknown
Gyaase_Meeting_2nd_July_2024 (277).wav,wav,WAV,PCM_16,2,44100,10,1764044,unknown
Gyaase_Meeting_2nd_July_2024 (278).wav,wav,WAV,PCM_16,2,44100,10,1764044,unknown
Gyaase_Meeting_2nd_July_2024 (279).wav,wav,WAV,PCM_16,2,44100,10,1764044,unknown
Gyaase_Meeting_2nd_July_2024 (28).wav,wav,WAV,PCM_16,2,44100,10,1764044,unknown
Gyaase_Meeting_2nd_July_2024 (280).wav,wav,WAV,PCM_16,2,44100,10,1764044,unknown
Gyaase_Meeting_2nd_July_2024 (281).wav,wav,WAV,PCM_16,2,44100,10,1764044,unknown
Gyaase_Meeting_2nd_July_2024 (282).wav,wav,WAV,PCM_16,2,44100,10,1764044,unknown
Gyaase_Meeting_2nd_July_2024 (283).wav,wav,WAV,PCM_16,2,44100,10,1764044,unknown
Gyaase_Meeting_2nd_July_2024 (284).wav,wav,WAV,PCM_16,2,44100,10,1764044,unknown
Gyaase_Meeting_2nd_July_2024 (285).wav,wav,WAV,PCM_16,2,44100,10,1764044,unknown
Gyaase_Meeting_2nd_July_2024 (286).wav,wav,WAV,PCM_16,2,44100,10,1764044,unknown
Gyaase_Meeting_2nd_July_2024 (287).wav,wav,WAV,PCM_16,2,44100,10,1764044,unknown
Gyaase_Meeting_2nd_July_2024 (288).wav,wav,WAV,PCM_16,2,44100,10,1764044,unknown
Gyaase_Meeting_2nd_July_2024 (289).wav,wav,WAV,PCM_16,2,44100,10,1764044,unknown
Gyaase_Meeting_2nd_July_2024 (29).wav,wav,WAV,PCM_16,2,44100,10,1764044,unknown
Gyaase_Meeting_2nd_July_2024 (290).wav,wav,WAV,PCM_16,2,44100,10,1764044,unknown
Gyaase_Meeting_2nd_July_2024 (291).wav,wav,WAV,PCM_16,2,44100,10,1764044,unknown
Gyaase_Meeting_2nd_July_2024 (292).wav,wav,WAV,PCM_16,2,44100,10,1764044,unknown
Gyaase_Meeting_2nd_July_2024 (293).wav,wav,WAV,PCM_16,2,44100,10,1764044,unknown
Gyaase_Meeting_2nd_July_2024 (294).wav,wav,WAV,PCM_16,2,44100,10,1764044,unknown
Gyaase_Meeting_2nd_July_2024 (295).wav,wav,WAV,PCM_16,2,44100,10,1764044,unknown
Gyaase_Meeting_2nd_July_2024 (296).wav,wav,WAV,PCM_16,2,44100,10,1764044,unknown
Gyaase_Meeting_2nd_July_2024 (297).wav,wav,WAV,PCM_16,2,44100,10,1764044,unknown
Gyaase_Meeting_2nd_July_2024 (298).wav,wav,WAV,PCM_16,2,44100,10,1764044,unknown
Gyaase_Meeting_2nd_July_2024 (299).wav,wav,WAV,PCM_16,2,44100,10,1764044,unknown
Gyaase_Meeting_2nd_July_2024 (3).wav,wav,WAV,PCM_16,2,44100,10,1764044,unknown
Gyaase_Meeting_2nd_July_2024 (30).wav,wav,WAV,PCM_16,2,44100,10,1764044,unknown
Gyaase_Meeting_2nd_July_2024 (300).wav,wav,WAV,PCM_16,2,44100,10,1764044,unknown
Gyaase_Meeting_2nd_July_2024 (301).wav,wav,WAV,PCM_16,2,44100,10,1764044,unknown
Gyaase_Meeting_2nd_July_2024 (302).wav,wav,WAV,PCM_16,2,44100,10,1764044,unknown
Gyaase_Meeting_2nd_July_2024 (303).wav,wav,WAV,PCM_16,2,44100,10,1764044,unknown
Gyaase_Meeting_2nd_July_2024 (304).wav,wav,WAV,PCM_16,2,44100,10,1764044,unknown
Gyaase_Meeting_2nd_July_2024 (305).wav,wav,WAV,PCM_16,2,44100,10,1764044,unknown
Gyaase_Meeting_2nd_July_2024 (306).wav,wav,WAV,PCM_16,2,44100,10,1764044,unknown
Gyaase_Meeting_2nd_July_2024 (307).wav,wav,WAV,PCM_16,2,44100,10,1764044,unknown
Gyaase_Meeting_2nd_July_2024 (308).wav,wav,WAV,PCM_16,2,44100,10,1764044,unknown
Gyaase_Meeting_2nd_July_2024 (309).wav,wav,WAV,PCM_16,2,44100,10,1764044,unknown
Gyaase_Meeting_2nd_July_2024 (31).wav,wav,WAV,PCM_16,2,44100,10,1764044,unknown
Gyaase_Meeting_2nd_July_2024 (310).wav,wav,WAV,PCM_16,2,44100,10,1764044,unknown
Gyaase_Meeting_2nd_July_2024 (311).wav,wav,WAV,PCM_16,2,44100,10,1764044,unknown
Gyaase_Meeting_2nd_July_2024 (312).wav,wav,WAV,PCM_16,2,44100,10,1764044,unknown
Gyaase_Meeting_2nd_July_2024 (313).wav,wav,WAV,PCM_16,2,44100,10,1764044,unknown
Gyaase_Meeting_2nd_July_2024 (314).wav,wav,WAV,PCM_16,2,44100,10,1764044,unknown
Gyaase_Meeting_2nd_July_2024 (315).wav,wav,WAV,PCM_16,2,44100,10,1764044,unknown
Gyaase_Meeting_2nd_July_2024 (316).wav,wav,WAV,PCM_16,2,44100,10,1764044,unknown
Gyaase_Meeting_2nd_July_2024 (317).wav,wav,WAV,PCM_16,2,44100,10,1764044,unknown
Gyaase_Meeting_2nd_July_2024 (318).wav,wav,WAV,PCM_16,2,44100,10,1764044,unknown
Gyaase_Meeting_2nd_July_2024 (319).wav,wav,WAV,PCM_16,2,44100,10,1764044,unknown
Gyaase_Meeting_2nd_July_2024 (32).wav,wav,WAV,PCM_16,2,44100,10,1764044,unknown
Gyaase_Meeting_2nd_July_2024 (320).wav,wav,WAV,PCM_16,2,44100,10,1764044,unknown
Gyaase_Meeting_2nd_July_2024 (321).wav,wav,WAV,PCM_16,2,44100,10,1764044,unknown
Gyaase_Meeting_2nd_July_2024 (322).wav,wav,WAV,PCM_16,2,44100,10,1764044,unknown
Gyaase_Meeting_2nd_July_2024 (323).wav,wav,WAV,PCM_16,2,44100,10,1764044,unknown
Gyaase_Meeting_2nd_July_2024 (324).wav,wav,WAV,PCM_16,2,44100,10,1764044,unknown
Gyaase_Meeting_2nd_July_2024 (325).wav,wav,WAV,PCM_16,2,44100,10,1764044,unknown
Gyaase_Meeting_2nd_July_2024 (326).wav,wav,WAV,PCM_16,2,44100,10,1764044,unknown
Gyaase_Meeting_2nd_July_2024 (327).wav,wav,WAV,PCM_16,2,44100,10,1764044,unknown
Gyaase_Meeting_2nd_July_2024 (328).wav,wav,WAV,PCM_16,2,44100,10,1764044,unknown
Gyaase_Meeting_2nd_July_2024 (329).wav,wav,WAV,PCM_16,2,44100,10,1764044,unknown
Gyaase_Meeting_2nd_July_2024 (33).wav,wav,WAV,PCM_16,2,44100,10,1764044,unknown
Gyaase_Meeting_2nd_July_2024 (330).wav,wav,WAV,PCM_16,2,44100,10,1764044,unknown
Gyaase_Meeting_2nd_July_2024 (331).wav,wav,WAV,PCM_16,2,44100,10,1764044,unknown
Gyaase_Meeting_2nd_July_2024 (332).wav,wav,WAV,PCM_16,2,44100,10,1764044,unknown
Gyaase_Meeting_2nd_July_2024 (333).wav,wav,WAV,PCM_16,2,44100,10,1764044,unknown
Gyaase_Meeting_2nd_July_2024 (334).wav,wav,WAV,PCM_16,2,44100,10,1764044,unknown
Gyaase_Meeting_2nd_July_2024 (335).wav,wav,WAV,PCM_16,2,44100,10,1764044,unknown
Gyaase_Meeting_2nd_July_2024 (336).wav,wav,WAV,PCM_16,2,44100,10,1764044,unknown
Gyaase_Meeting_2nd_July_2024 (337).wav,wav,WAV,PCM_16,2,44100,10,1764044,unknown
Gyaase_Meeting_2nd_July_2024 (338).wav,wav,WAV,PCM_16,2,44100,10,1764044,unknown
Gyaase_Meeting_2nd_July_2024 (339).wav,wav,WAV,PCM_16,2,44100,10,1764044,unknown
Gyaase_Meeting_2nd_July_2024 (34).wav,wav,WAV,PCM_16,2,44100,10,1764044,unknown
Gyaase_Meeting_2nd_July_2024 (340).wav,wav,WAV,PCM_16,2,44100,10,1764044,unknown
Gyaase_Meeting_2nd_July_2024 (341).wav,wav,WAV,PCM_16,2,44100,10,1764044,unknown
Gyaase_Meeting_2nd_July_2024 (342).wav,wav,WAV,PCM_16,2,44100,10,1764044,unknown
Gyaase_Meeting_2nd_July_2024 (343).wav,wav,WAV,PCM_16,2,44100,10,1764044,unknown
Gyaase_Meeting_2nd_July_2024 (344).wav,wav,WAV,PCM_16,2,44100,10,1764044,unknown
Gyaase_Meeting_2nd_July_2024 (345).wav,wav,WAV,PCM_16,2,44100,10,1764044,unknown
Gyaase_Meeting_2nd_July_2024 (346).wav,wav,WAV,PCM_16,2,44100,10,1764044,unknown
Gyaase_Meeting_2nd_July_2024 (347).wav,wav,WAV,PCM_16,2,44100,10,1764044,unknown
Gyaase_Meeting_2nd_July_2024 (348).wav,wav,WAV,PCM_16,2,44100,10,1764044,unknown
Gyaase_Meeting_2nd_July_2024 (349).wav,wav,WAV,PCM_16,2,44100,10,1764044,unknown
Gyaase_Meeting_2nd_July_2024 (35).wav,wav,WAV,PCM_16,2,44100,10,1764044,unknown
Gyaase_Meeting_2nd_July_2024 (350).wav,wav,WAV,PCM_16,2,44100,10,1764044,unknown
Gyaase_Meeting_2nd_July_2024 (351).wav,wav,WAV,PCM_16,2,44100,10,1764044,unknown
Gyaase_Meeting_2nd_July_2024 (352).wav,wav,WAV,PCM_16,2,44100,10,1764044,unknown
Gyaase_Meeting_2nd_July_2024 (353).wav,wav,WAV,PCM_16,2,44100,10,1764044,unknown
Gyaase_Meeting_2nd_July_2024 (354).wav,wav,WAV,PCM_16,2,44100,10,1764044,unknown
Gyaase_Meeting_2nd_July_2024 (355).wav,wav,WAV,PCM_16,2,44100,10,1764044,unknown
Gyaase_Meeting_2nd_July_2024 (356).wav,wav,WAV,PCM_16,2,44100,10,1764044,unknown
Gyaase_Meeting_2nd_July_2024 (357).wav,wav,WAV,PCM_16,2,44100,10,1764044,unknown
Gyaase_Meeting_2nd_July_2024 (358).wav,wav,WAV,PCM_16,2,44100,10,1764044,unknown
Gyaase_Meeting_2nd_July_2024 (359).wav,wav,WAV,PCM_16,2,44100,10,1764044,unknown
Gyaase_Meeting_2nd_July_2024 (36).wav,wav,WAV,PCM_16,2,44100,10,1764044,unknown
Gyaase_Meeting_2nd_July_2024 (360).wav,wav,WAV,PCM_16,2,44100,10,1764044,unknown
Gyaase_Meeting_2nd_July_2024 (361).wav,wav,WAV,PCM_16,2,44100,10,1764044,unknown
Gyaase_Meeting_2nd_July_2024 (362).wav,wav,WAV,PCM_16,2,44100,10,1764044,unknown
Gyaase_Meeting_2nd_July_2024 (363).wav,wav,WAV,PCM_16,2,44100,10,1764044,unknown
Gyaase_Meeting_2nd_July_2024 (364).wav,wav,WAV,PCM_16,2,44100,10,1764044,unknown
Gyaase_Meeting_2nd_July_2024 (365).wav,wav,WAV,PCM_16,2,44100,10,1764044,unknown
Gyaase_Meeting_2nd_July_2024 (366).wav,wav,WAV,PCM_16,2,44100,10,1764044,unknown
Gyaase_Meeting_2nd_July_2024 (367).wav,wav,WAV,PCM_16,2,44100,10,1764044,unknown
Gyaase_Meeting_2nd_July_2024 (368).wav,wav,WAV,PCM_16,2,44100,10,1764044,unknown
Gyaase_Meeting_2nd_July_2024 (369).wav,wav,WAV,PCM_16,2,44100,10,1764044,unknown
Gyaase_Meeting_2nd_July_2024 (37).wav,wav,WAV,PCM_16,2,44100,10,1764044,unknown
Gyaase_Meeting_2nd_July_2024 (370).wav,wav,WAV,PCM_16,2,44100,10,1764044,unknown
Gyaase_Meeting_2nd_July_2024 (371).wav,wav,WAV,PCM_16,2,44100,10,1764044,unknown
Gyaase_Meeting_2nd_July_2024 (372).wav,wav,WAV,PCM_16,2,44100,10,1764044,unknown
Gyaase_Meeting_2nd_July_2024 (373).wav,wav,WAV,PCM_16,2,44100,10,1764044,unknown
Gyaase_Meeting_2nd_July_2024 (374).wav,wav,WAV,PCM_16,2,44100,10,1764044,unknown
Gyaase_Meeting_2nd_July_2024 (375).wav,wav,WAV,PCM_16,2,44100,10,1764044,unknown
Gyaase_Meeting_2nd_July_2024 (376).wav,wav,WAV,PCM_16,2,44100,10,1764044,unknown
Gyaase_Meeting_2nd_July_2024 (377).wav,wav,WAV,PCM_16,2,44100,10,1764044,unknown
Gyaase_Meeting_2nd_July_2024 (378).wav,wav,WAV,PCM_16,2,44100,10,1764044,unknown
Gyaase_Meeting_2nd_July_2024 (379).wav,wav,WAV,PCM_16,2,44100,10,1764044,unknown
Gyaase_Meeting_2nd_July_2024 (38).wav,wav,WAV,PCM_16,2,44100,10,1764044,unknown
Gyaase_Meeting_2nd_July_2024 (380).wav,wav,WAV,PCM_16,2,44100,10,1764044,unknown
Gyaase_Meeting_2nd_July_2024 (381).wav,wav,WAV,PCM_16,2,44100,10,1764044,unknown
Gyaase_Meeting_2nd_July_2024 (382).wav,wav,WAV,PCM_16,2,44100,10,1764044,unknown
Gyaase_Meeting_2nd_July_2024 (383).wav,wav,WAV,PCM_16,2,44100,10,1764044,unknown
Gyaase_Meeting_2nd_July_2024 (384).wav,wav,WAV,PCM_16,2,44100,10,1764044,unknown
Gyaase_Meeting_2nd_July_2024 (385).wav,wav,WAV,PCM_16,2,44100,10,1764044,unknown
Gyaase_Meeting_2nd_July_2024 (386).wav,wav,WAV,PCM_16,2,44100,10,1764044,unknown
Gyaase_Meeting_2nd_July_2024 (387).wav,wav,WAV,PCM_16,2,44100,10,1764044,unknown
Gyaase_Meeting_2nd_July_2024 (388).wav,wav,WAV,PCM_16,2,44100,10,1764044,unknown
Gyaase_Meeting_2nd_July_2024 (389).wav,wav,WAV,PCM_16,2,44100,10,1764044,unknown
Gyaase_Meeting_2nd_July_2024 (39).wav,wav,WAV,PCM_16,2,44100,10,1764044,unknown
Gyaase_Meeting_2nd_July_2024 (390).wav,wav,WAV,PCM_16,2,44100,10,1764044,unknown
Gyaase_Meeting_2nd_July_2024 (391).wav,wav,WAV,PCM_16,2,44100,10,1764044,unknown
Gyaase_Meeting_2nd_July_2024 (392).wav,wav,WAV,PCM_16,2,44100,10,1764044,unknown
Gyaase_Meeting_2nd_July_2024 (393).wav,wav,WAV,PCM_16,2,44100,10,1764044,unknown
Gyaase_Meeting_2nd_July_2024 (394).wav,wav,WAV,PCM_16,2,44100,10,1764044,unknown
Gyaase_Meeting_2nd_July_2024 (395).wav,wav,WAV,PCM_16,2,44100,10,1764044,unknown
Gyaase_Meeting_2nd_July_2024 (396).wav,wav,WAV,PCM_16,2,44100,10,1764044,unknown
Gyaase_Meeting_2nd_July_2024 (397).wav,wav,WAV,PCM_16,2,44100,10,1764044,unknown
Gyaase_Meeting_2nd_July_2024 (398).wav,wav,WAV,PCM_16,2,44100,10,1764044,unknown
Gyaase_Meeting_2nd_July_2024 (399).wav,wav,WAV,PCM_16,2,44100,10,1764044,unknown
Gyaase_Meeting_2nd_July_2024 (4).wav,wav,WAV,PCM_16,2,44100,10,1764044,unknown
Gyaase_Meeting_2nd_July_2024 (40).wav,wav,WAV,PCM_16,2,44100,10,1764044,unknown
Gyaase_Meeting_2nd_July_2024 (400).wav,wav,WAV,PCM_16,2,44100,10,1764044,unknown
Gyaase_Meeting_2nd_July_2024 (401).wav,wav,WAV,PCM_16,2,44100,10,1764044,unknown
Gyaase_Meeting_2nd_July_2024 (402).wav,wav,WAV,PCM_16,2,44100,10,1764044,unknown
Gyaase_Meeting_2nd_July_2024 (403).wav,wav,WAV,PCM_16,2,44100,10,1764044,unknown
Gyaase_Meeting_2nd_July_2024 (404).wav,wav,WAV,PCM_16,2,44100,10,1764044,unknown
Gyaase_Meeting_2nd_July_2024 (405).wav,wav,WAV,PCM_16,2,44100,10,1764044,unknown
Gyaase_Meeting_2nd_July_2024 (406).wav,wav,WAV,PCM_16,2,44100,10,1764044,unknown
Gyaase_Meeting_2nd_July_2024 (407).wav,wav,WAV,PCM_16,2,44100,10,1764044,unknown
Gyaase_Meeting_2nd_July_2024 (408).wav,wav,WAV,PCM_16,2,44100,10,1764044,unknown
Gyaase_Meeting_2nd_July_2024 (409).wav,wav,WAV,PCM_16,2,44100,10,1764044,unknown
Gyaase_Meeting_2nd_July_2024 (41).wav,wav,WAV,PCM_16,2,44100,10,1764044,unknown
Gyaase_Meeting_2nd_July_2024 (410).wav,wav,WAV,PCM_16,2,44100,10,1764044,unknown
Gyaase_Meeting_2nd_July_2024 (411).wav,wav,WAV,PCM_16,2,44100,10,1764044,unknown
Gyaase_Meeting_2nd_July_2024 (412).wav,wav,WAV,PCM_16,2,44100,10,1764044,unknown
Gyaase_Meeting_2nd_July_2024 (413).wav,wav,WAV,PCM_16,2,44100,10,1764044,unknown
Gyaase_Meeting_2nd_July_2024 (414).wav,wav,WAV,PCM_16,2,44100,10,1764044,unknown
Gyaase_Meeting_2nd_July_2024 (415).wav,wav,WAV,PCM_16,2,44100,10,1764044,unknown
Gyaase_Meeting_2nd_July_2024 (416).wav,wav,WAV,PCM_16,2,44100,10,1764044,unknown
Gyaase_Meeting_2nd_July_2024 (417).wav,wav,WAV,PCM_16,2,44100,10,1764044,unknown
Gyaase_Meeting_2nd_July_2024 (418).wav,wav,WAV,PCM_16,2,44100,10,1764044,unknown
Gyaase_Meeting_2nd_July_2024 (419).wav,wav,WAV,PCM_16,2,44100,10,1764044,unknown
Gyaase_Meeting_2nd_July_2024 (42).wav,wav,WAV,PCM_16,2,44100,10,1764044,unknown
Gyaase_Meeting_2nd_July_2024 (420).wav,wav,WAV,PCM_16,2,44100,10,1764044,unknown
Gyaase_Meeting_2nd_July_2024 (421).wav,wav,WAV,PCM_16,2,44100,10,1764044,unknown
Gyaase_Meeting_2nd_July_2024 (422).wav,wav,WAV,PCM_16,2,44100,10,1764044,unknown
Gyaase_Meeting_2nd_July_2024 (423).wav,wav,WAV,PCM_16,2,44100,10,1764044,unknown
Gyaase_Meeting_2nd_July_2024 (424).wav,wav,WAV,PCM_16,2,44100,10,1764044,unknown
Gyaase_Meeting_2nd_July_2024 (425).wav,wav,WAV,PCM_16,2,44100,10,1764044,unknown
Gyaase_Meeting_2nd_July_2024 (426).wav,wav,WAV,PCM_16,2,44100,10,1764044,unknown
Gyaase_Meeting_2nd_July_2024 (427).wav,wav,WAV,PCM_16,2,44100,10,1764044,unknown
Gyaase_Meeting_2nd_July_2024 (428).wav,wav,WAV,PCM_16,2,44100,10,1764044,unknown
Gyaase_Meeting_2nd_July_2024 (429).wav,wav,WAV,PCM_16,2,44100,10,1764044,unknown
Gyaase_Meeting_2nd_July_2024 (43).wav,wav,WAV,PCM_16,2,44100,10,1764044,unknown
Gyaase_Meeting_2nd_July_2024 (430).wav,wav,WAV,PCM_16,2,44100,10,1764044,unknown
Gyaase_Meeting_2nd_July_2024 (431).wav,wav,WAV,PCM_16,2,44100,10,1764044,unknown
Gyaase_Meeting_2nd_July_2024 (432).wav,wav,WAV,PCM_16,2,44100,10,1764044,unknown
Gyaase_Meeting_2nd_July_2024 (433).wav,wav,WAV,PCM_16,2,44100,10,1764044,unknown
Gyaase_Meeting_2nd_July_2024 (434).wav,wav,WAV,PCM_16,2,44100,10,1764044,unknown
Gyaase_Meeting_2nd_July_2024 (435).wav,wav,WAV,PCM_16,2,44100,10,1764044,unknown
Gyaase_Meeting_2nd_July_2024 (436).wav,wav,WAV,PCM_16,2,44100,10,1764044,unknown
Gyaase_Meeting_2nd_July_2024 (437).wav,wav,WAV,PCM_16,2,44100,10,1764044,unknown
Gyaase_Meeting_2nd_July_2024 (438).wav,wav,WAV,PCM_16,2,44100,10,1764044,unknown
Gyaase_Meeting_2nd_July_2024 (439).wav,wav,WAV,PCM_16,2,44100,10,1764044,unknown
Gyaase_Meeting_2nd_July_2024 (44).wav,wav,WAV,PCM_16,2,44100,10,1764044,unknown
Gyaase_Meeting_2nd_July_2024 (440).wav,wav,WAV,PCM_16,2,44100,10,1764044,unknown
Gyaase_Meeting_2nd_July_2024 (441).wav,wav,WAV,PCM_16,2,44100,10,1764044,unknown
Gyaase_Meeting_2nd_July_2024 (442).wav,wav,WAV,PCM_16,2,44100,10,1764044,unknown
Gyaase_Meeting_2nd_July_2024 (443).wav,wav,WAV,PCM_16,2,44100,10,1764044,unknown
Gyaase_Meeting_2nd_July_2024 (444).wav,wav,WAV,PCM_16,2,44100,10,1764044,unknown
Gyaase_Meeting_2nd_July_2024 (445).wav,wav,WAV,PCM_16,2,44100,10,1764044,unknown
Gyaase_Meeting_2nd_July_2024 (446).wav,wav,WAV,PCM_16,2,44100,10,1764044,unknown
Gyaase_Meeting_2nd_July_2024 (447).wav,wav,WAV,PCM_16,2,44100,10,1764044,unknown
Gyaase_Meeting_2nd_July_2024 (448).wav,wav,WAV,PCM_16,2,44100,10,1764044,unknown
Gyaase_Meeting_2nd_July_2024 (449).wav,wav,WAV,PCM_16,2,44100,10,1764044,unknown
Gyaase_Meeting_2nd_July_2024 (45).wav,wav,WAV,PCM_16,2,44100,10,1764044,unknown
Gyaase_Meeting_2nd_July_2024 (450).wav,wav,WAV,PCM_16,2,44100,10,1764044,unknown
Gyaase_Meeting_2nd_July_2024 (451).wav,wav,WAV,PCM_16,2,44100,10,1764044,unknown
Gyaase_Meeting_2nd_July_2024 (452).wav,wav,WAV,PCM_16,2,44100,10,1764044,unknown
Gyaase_Meeting_2nd_July_2024 (453).wav,wav,WAV,PCM_16,2,44100,10,1764044,unknown
Gyaase_Meeting_2nd_July_2024 (454).wav,wav,WAV,PCM_16,2,44100,10,1764044,unknown
Gyaase_Meeting_2nd_July_2024 (455).wav,wav,WAV,PCM_16,2,44100,10,1764044,unknown
Gyaase_Meeting_2nd_July_2024 (456).wav,wav,WAV,PCM_16,2,44100,10,1764044,unknown
Gyaase_Meeting_2nd_July_2024 (457).wav,wav,WAV,PCM_16,2,44100,10,1764044,unknown
Gyaase_Meeting_2nd_July_2024 (458).wav,wav,WAV,PCM_16,2,44100,10,1764044,unknown
Gyaase_Meeting_2nd_July_2024 (459).wav,wav,WAV,PCM_16,2,44100,10,1764044,unknown
Gyaase_Meeting_2nd_July_2024 (46).wav,wav,WAV,PCM_16,2,44100,10,1764044,unknown
Gyaase_Meeting_2nd_July_2024 (460).wav,wav,WAV,PCM_16,2,44100,10,1764044,unknown
Gyaase_Meeting_2nd_July_2024 (461).wav,wav,WAV,PCM_16,2,44100,10,1764044,unknown
Gyaase_Meeting_2nd_July_2024 (462).wav,wav,WAV,PCM_16,2,44100,10,1764044,unknown
Gyaase_Meeting_2nd_July_2024 (463).wav,wav,WAV,PCM_16,2,44100,10,1764044,unknown
Gyaase_Meeting_2nd_July_2024 (464).wav,wav,WAV,PCM_16,2,44100,10,1764044,unknown
Gyaase_Meeting_2nd_July_2024 (465).wav,wav,WAV,PCM_16,2,44100,10,1764044,unknown
Gyaase_Meeting_2nd_July_2024 (466).wav,wav,WAV,PCM_16,2,44100,10,1764044,unknown
Gyaase_Meeting_2nd_July_2024 (467).wav,wav,WAV,PCM_16,2,44100,10,1764044,unknown
Gyaase_Meeting_2nd_July_2024 (468).wav,wav,WAV,PCM_16,2,44100,10,1764044,unknown
Gyaase_Meeting_2nd_July_2024 (469).wav,wav,WAV,PCM_16,2,44100,10,1764044,unknown
Gyaase_Meeting_2nd_July_2024 (47).wav,wav,WAV,PCM_16,2,44100,10,1764044,unknown
Gyaase_Meeting_2nd_July_2024 (470).wav,wav,WAV,PCM_16,2,44100,10,1764044,unknown
Gyaase_Meeting_2nd_July_2024 (471).wav,wav,WAV,PCM_16,2,44100,10,1764044,unknown
Gyaase_Meeting_2nd_July_2024 (472).wav,wav,WAV,PCM_16,2,44100,10,1764044,unknown
Gyaase_Meeting_2nd_July_2024 (473).wav,wav,WAV,PCM_16,2,44100,10,1764044,unknown
Gyaase_Meeting_2nd_July_2024 (474).wav,wav,WAV,PCM_16,2,44100,10,1764044,unknown
Gyaase_Meeting_2nd_July_2024 (475).wav,wav,WAV,PCM_16,2,44100,10,1764044,unknown
Gyaase_Meeting_2nd_July_2024 (476).wav,wav,WAV,PCM_16,2,44100,10,1764044,unknown
Gyaase_Meeting_2nd_July_2024 (477).wav,wav,WAV,PCM_16,2,44100,10,1764044,unknown
Gyaase_Meeting_2nd_July_2024 (478).wav,wav,WAV,PCM_16,2,44100,10,1764044,unknown
Gyaase_Meeting_2nd_July_2024 (479).wav,wav,WAV,PCM_16,2,44100,10,1764044,unknown
Gyaase_Meeting_2nd_July_2024 (48).wav,wav,WAV,PCM_16,2,44100,10,1764044,unknown
Gyaase_Meeting_2nd_July_2024 (480).wav,wav,WAV,PCM_16,2,44100,10,1764044,unknown
Gyaase_Meeting_2nd_July_2024 (481).wav,wav,WAV,PCM_16,2,44100,10,1764044,unknown
Gyaase_Meeting_2nd_July_2024 (482).wav,wav,WAV,PCM_16,2,44100,10,1764044,unknown
Gyaase_Meeting_2nd_July_2024 (483).wav,wav,WAV,PCM_16,2,44100,10,1764044,unknown
Gyaase_Meeting_2nd_July_2024 (484).wav,wav,WAV,PCM_16,2,44100,10,1764044,unknown
Gyaase_Meeting_2nd_July_2024 (485).wav,wav,WAV,PCM_16,2,44100,10,1764044,unknown
Gyaase_Meeting_2nd_July_2024 (486).wav,wav,WAV,PCM_16,2,44100,10,1764044,unknown
Gyaase_Meeting_2nd_July_2024 (487).wav,wav,WAV,PCM_16,2,44100,10,1764044,unknown
Gyaase_Meeting_2nd_July_2024 (488).wav,wav,WAV,PCM_16,2,44100,10,1764044,unknown
Gyaase_Meeting_2nd_July_2024 (489).wav,wav,WAV,PCM_16,2,44100,10,1764044,unknown
Gyaase_Meeting_2nd_July_2024 (49).wav,wav,WAV,PCM_16,2,44100,10,1764044,unknown
Gyaase_Meeting_2nd_July_2024 (490).wav,wav,WAV,PCM_16,2,44100,10,1764044,unknown
Gyaase_Meeting_2nd_July_2024 (491).wav,wav,WAV,PCM_16,2,44100,10,1764044,unknown
Gyaase_Meeting_2nd_July_2024 (492).wav,wav,WAV,PCM_16,2,44100,10,1764044,unknown
Gyaase_Meeting_2nd_July_2024 (493).wav,wav,WAV,PCM_16,2,44100,10,1764044,unknown
Gyaase_Meeting_2nd_July_2024 (494).wav,wav,WAV,PCM_16,2,44100,10,1764044,unknown
Gyaase_Meeting_2nd_July_2024 (495).wav,wav,WAV,PCM_16,2,44100,10,1764044,unknown
Gyaase_Meeting_2nd_July_2024 (496).wav,wav,WAV,PCM_16,2,44100,10,1764044,unknown
Gyaase_Meeting_2nd_July_2024 (497).wav,wav,WAV,PCM_16,2,44100,10,1764044,unknown
Gyaase_Meeting_2nd_July_2024 (498).wav,wav,WAV,PCM_16,2,44100,10,1764044,unknown
Gyaase_Meeting_2nd_July_2024 (499).wav,wav,WAV,PCM_16,2,44100,10,1764044,unknown
Gyaase_Meeting_2nd_July_2024 (5).wav,wav,WAV,PCM_16,2,44100,10,1764044,unknown
Gyaase_Meeting_2nd_July_2024 (50).wav,wav,WAV,PCM_16,2,44100,10,1764044,unknown
Gyaase_Meeting_2nd_July_2024 (500).wav,wav,WAV,PCM_16,2,44100,10,1764044,unknown
Gyaase_Meeting_2nd_July_2024 (501).wav,wav,WAV,PCM_16,2,44100,10,1764044,unknown
Gyaase_Meeting_2nd_July_2024 (502).wav,wav,WAV,PCM_16,2,44100,10,1764044,unknown
Gyaase_Meeting_2nd_July_2024 (503).wav,wav,WAV,PCM_16,2,44100,10,1764044,unknown
Gyaase_Meeting_2nd_July_2024 (504).wav,wav,WAV,PCM_16,2,44100,10,1764044,unknown
Gyaase_Meeting_2nd_July_2024 (505).wav,wav,WAV,PCM_16,2,44100,10,1764044,unknown
Gyaase_Meeting_2nd_July_2024 (506).wav,wav,WAV,PCM_16,2,44100,10,1764044,unknown
Gyaase_Meeting_2nd_July_2024 (507).wav,wav,WAV,PCM_16,2,44100,10,1764044,unknown
Gyaase_Meeting_2nd_July_2024 (508).wav,wav,WAV,PCM_16,2,44100,10,1764044,unknown
Gyaase_Meeting_2nd_July_2024 (509).wav,wav,WAV,PCM_16,2,44100,10,1764044,unknown
Gyaase_Meeting_2nd_July_2024 (51).wav,wav,WAV,PCM_16,2,44100,10,1764044,unknown
Gyaase_Meeting_2nd_July_2024 (510).wav,wav,WAV,PCM_16,2,44100,10,1764044,unknown
Gyaase_Meeting_2nd_July_2024 (511).wav,wav,WAV,PCM_16,2,44100,10,1764044,unknown
Gyaase_Meeting_2nd_July_2024 (512).wav,wav,WAV,PCM_16,2,44100,10,1764044,unknown
Gyaase_Meeting_2nd_July_2024 (513).wav,wav,WAV,PCM_16,2,44100,10,1764044,unknown
Gyaase_Meeting_2nd_July_2024 (514).wav,wav,WAV,PCM_16,2,44100,10,1764044,unknown
Gyaase_Meeting_2nd_July_2024 (515).wav,wav,WAV,PCM_16,2,44100,10,1764044,unknown
Gyaase_Meeting_2nd_July_2024 (516).wav,wav,WAV,PCM_16,2,44100,10,1764044,unknown
Gyaase_Meeting_2nd_July_2024 (517).wav,wav,WAV,PCM_16,2,44100,10,1764044,unknown
Gyaase_Meeting_2nd_July_2024 (518).wav,wav,WAV,PCM_16,2,44100,10,1764044,unknown
Gyaase_Meeting_2nd_July_2024 (519).wav,wav,WAV,PCM_16,2,44100,10,1764044,unknown
Gyaase_Meeting_2nd_July_2024 (52).wav,wav,WAV,PCM_16,2,44100,10,1764044,unknown
Gyaase_Meeting_2nd_July_2024 (520).wav,wav,WAV,PCM_16,2,44100,10,1764044,unknown
Gyaase_Meeting_2nd_July_2024 (521).wav,wav,WAV,PCM_16,2,44100,10,1764044,unknown
Gyaase_Meeting_2nd_July_2024 (522).wav,wav,WAV,PCM_16,2,44100,10,1764044,unknown
Gyaase_Meeting_2nd_July_2024 (523).wav,wav,WAV,PCM_16,2,44100,10,1764044,unknown
Gyaase_Meeting_2nd_July_2024 (524).wav,wav,WAV,PCM_16,2,44100,10,1764044,unknown
Gyaase_Meeting_2nd_July_2024 (525).wav,wav,WAV,PCM_16,2,44100,10,1764044,unknown
Gyaase_Meeting_2nd_July_2024 (526).wav,wav,WAV,PCM_16,2,44100,10,1764044,unknown
Gyaase_Meeting_2nd_July_2024 (527).wav,wav,WAV,PCM_16,2,44100,10,1764044,unknown
Gyaase_Meeting_2nd_July_2024 (528).wav,wav,WAV,PCM_16,2,44100,10,1764044,unknown
Gyaase_Meeting_2nd_July_2024 (529).wav,wav,WAV,PCM_16,2,44100,10,1764044,unknown
Gyaase_Meeting_2nd_July_2024 (53).wav,wav,WAV,PCM_16,2,44100,10,1764044,unknown
Gyaase_Meeting_2nd_July_2024 (530).wav,wav,WAV,PCM_16,2,44100,10,1764044,unknown
Gyaase_Meeting_2nd_July_2024 (531).wav,wav,WAV,PCM_16,2,44100,10,1764044,unknown
Gyaase_Meeting_2nd_July_2024 (532).wav,wav,WAV,PCM_16,2,44100,10,1764044,unknown
Gyaase_Meeting_2nd_July_2024 (533).wav,wav,WAV,PCM_16,2,44100,10,1764044,unknown
Gyaase_Meeting_2nd_July_2024 (534).wav,wav,WAV,PCM_16,2,44100,10,1764044,unknown
Gyaase_Meeting_2nd_July_2024 (535).wav,wav,WAV,PCM_16,2,44100,10,1764044,unknown
Gyaase_Meeting_2nd_July_2024 (536).wav,wav,WAV,PCM_16,2,44100,10,1764044,unknown
Gyaase_Meeting_2nd_July_2024 (537).wav,wav,WAV,PCM_16,2,44100,10,1764044,unknown
Gyaase_Meeting_2nd_July_2024 (538).wav,wav,WAV,PCM_16,2,44100,10,1764044,unknown
Gyaase_Meeting_2nd_July_2024 (539).wav,wav,WAV,PCM_16,2,44100,10,1764044,unknown
Gyaase_Meeting_2nd_July_2024 (54).wav,wav,WAV,PCM_16,2,44100,10,1764044,unknown
Gyaase_Meeting_2nd_July_2024 (540).wav,wav,WAV,PCM_16,2,44100,10,1764044,unknown
Gyaase_Meeting_2nd_July_2024 (541).wav,wav,WAV,PCM_16,2,44100,10,1764044,unknown
Gyaase_Meeting_2nd_July_2024 (542).wav,wav,WAV,PCM_16,2,44100,10,1764044,unknown
Gyaase_Meeting_2nd_July_2024 (543).wav,wav,WAV,PCM_16,2,44100,10,1764044,unknown
Gyaase_Meeting_2nd_July_2024 (544).wav,wav,WAV,PCM_16,2,44100,10,1764044,unknown
Gyaase_Meeting_2nd_July_2024 (545).wav,wav,WAV,PCM_16,2,44100,10,1764044,unknown
Gyaase_Meeting_2nd_July_2024 (546).wav,wav,WAV,PCM_16,2,44100,10,1764044,unknown
Gyaase_Meeting_2nd_July_2024 (547).wav,wav,WAV,PCM_16,2,44100,10,1764044,unknown
Gyaase_Meeting_2nd_July_2024 (548).wav,wav,WAV,PCM_16,2,44100,10,1764044,unknown
Gyaase_Meeting_2nd_July_2024 (549).wav,wav,WAV,PCM_16,2,44100,10,1764044,unknown
Gyaase_Meeting_2nd_July_2024 (55).wav,wav,WAV,PCM_16,2,44100,10,1764044,unknown
Gyaase_Meeting_2nd_July_2024 (550).wav,wav,WAV,PCM_16,2,44100,10,1764044,unknown
Gyaase_Meeting_2nd_July_2024 (551).wav,wav,WAV,PCM_16,2,44100,10,1764044,unknown
Gyaase_Meeting_2nd_July_2024 (552).wav,wav,WAV,PCM_16,2,44100,10,1764044,unknown
Gyaase_Meeting_2nd_July_2024 (553).wav,wav,WAV,PCM_16,2,44100,10,1764044,unknown
Gyaase_Meeting_2nd_July_2024 (554).wav,wav,WAV,PCM_16,2,44100,10,1764044,unknown
Gyaase_Meeting_2nd_July_2024 (555).wav,wav,WAV,PCM_16,2,44100,10,1764044,unknown
Gyaase_Meeting_2nd_July_2024 (556).wav,wav,WAV,PCM_16,2,44100,10,1764044,unknown
Gyaase_Meeting_2nd_July_2024 (557).wav,wav,WAV,PCM_16,2,44100,10,1764044,unknown
Gyaase_Meeting_2nd_July_2024 (558).wav,wav,WAV,PCM_16,2,44100,10,1764044,unknown
Gyaase_Meeting_2nd_July_2024 (559).wav,wav,WAV,PCM_16,2,44100,10,1764044,unknown
Gyaase_Meeting_2nd_July_2024 (56).wav,wav,WAV,PCM_16,2,44100,10,1764044,unknown
Gyaase_Meeting_2nd_July_2024 (560).wav,wav,WAV,PCM_16,2,44100,10,1764044,unknown
Gyaase_Meeting_2nd_July_2024 (561).wav,wav,WAV,PCM_16,2,44100,10,1764044,unknown
Gyaase_Meeting_2nd_July_2024 (562).wav,wav,WAV,PCM_16,2,44100,10,1764044,unknown
Gyaase_Meeting_2nd_July_2024 (563).wav,wav,WAV,PCM_16,2,44100,10,1764044,unknown
Gyaase_Meeting_2nd_July_2024 (564).wav,wav,WAV,PCM_16,2,44100,10,1764044,unknown
Gyaase_Meeting_2nd_July_2024 (565).wav,wav,WAV,PCM_16,2,44100,10,1764044,unknown
Gyaase_Meeting_2nd_July_2024 (566).wav,wav,WAV,PCM_16,2,44100,10,1764044,unknown
Gyaase_Meeting_2nd_July_2024 (567).wav,wav,WAV,PCM_16,2,44100,10,1764044,unknown
Gyaase_Meeting_2nd_July_2024 (568).wav,wav,WAV,PCM_16,2,44100,10,1764044,unknown
Gyaase_Meeting_2nd_July_2024 (569).wav,wav,WAV,PCM_16,2,44100,10,1764044,unknown
Gyaase_Meeting_2nd_July_2024 (57).wav,wav,WAV,PCM_16,2,44100,10,1764044,unknown
Gyaase_Meeting_2nd_July_2024 (570).wav,wav,WAV,PCM_16,2,44100,10,1764044,unknown
Gyaase_Meeting_2nd_July_2024 (571).wav,wav,WAV,PCM_16,2,44100,10,1764044,unknown
Gyaase_Meeting_2nd_July_2024 (572).wav,wav,WAV,PCM_16,2,44100,10,1764044,unknown
Gyaase_Meeting_2nd_July_2024 (573).wav,wav,WAV,PCM_16,2,44100,10,1764044,unknown
Gyaase_Meeting_2nd_July_2024 (574).wav,wav,WAV,PCM_16,2,44100,10,1764044,unknown
Gyaase_Meeting_2nd_July_2024 (575).wav,wav,WAV,PCM_16,2,44100,10,1764044,unknown
Gyaase_Meeting_2nd_July_2024 (576).wav,wav,WAV,PCM_16,2,44100,10,1764044,unknown
Gyaase_Meeting_2nd_July_2024 (577).wav,wav,WAV,PCM_16,2,44100,10,1764044,unknown
Gyaase_Meeting_2nd_July_2024 (578).wav,wav,WAV,PCM_16,2,44100,10,1764044,unknown
Gyaase_Meeting_2nd_July_2024 (579).wav,wav,WAV,PCM_16,2,44100,10,1764044,unknown
Gyaase_Meeting_2nd_July_2024 (58).wav,wav,WAV,PCM_16,2,44100,10,1764044,unknown
Gyaase_Meeting_2nd_July_2024 (580).wav,wav,WAV,PCM_16,2,44100,10,1764044,unknown
Gyaase_Meeting_2nd_July_2024 (581).wav,wav,WAV,PCM_16,2,44100,10,1764044,unknown
Gyaase_Meeting_2nd_July_2024 (582).wav,wav,WAV,PCM_16,2,44100,10,1764044,unknown
Gyaase_Meeting_2nd_July_2024 (583).wav,wav,WAV,PCM_16,2,44100,10,1764044,unknown
Gyaase_Meeting_2nd_July_2024 (584).wav,wav,WAV,PCM_16,2,44100,10,1764044,unknown
Gyaase_Meeting_2nd_July_2024 (585).wav,wav,WAV,PCM_16,2,44100,10,1764044,unknown
Gyaase_Meeting_2nd_July_2024 (586).wav,wav,WAV,PCM_16,2,44100,10,1764044,unknown
Gyaase_Meeting_2nd_July_2024 (587).wav,wav,WAV,PCM_16,2,44100,10,1764044,unknown
Gyaase_Meeting_2nd_July_2024 (588).wav,wav,WAV,PCM_16,2,44100,10,1764044,unknown
Gyaase_Meeting_2nd_July_2024 (589).wav,wav,WAV,PCM_16,2,44100,10,1764044,unknown
Gyaase_Meeting_2nd_July_2024 (59).wav,wav,WAV,PCM_16,2,44100,10,1764044,unknown
Gyaase_Meeting_2nd_July_2024 (590).wav,wav,WAV,PCM_16,2,44100,10,1764044,unknown
Gyaase_Meeting_2nd_July_2024 (591).wav,wav,WAV,PCM_16,2,44100,10,1764044,unknown
Gyaase_Meeting_2nd_July_2024 (592).wav,wav,WAV,PCM_16,2,44100,10,1764044,unknown
Gyaase_Meeting_2nd_July_2024 (593).wav,wav,WAV,PCM_16,2,44100,10,1764044,unknown
Gyaase_Meeting_2nd_July_2024 (594).wav,wav,WAV,PCM_16,2,44100,10,1764044,unknown
Gyaase_Meeting_2nd_July_2024 (595).wav,wav,WAV,PCM_16,2,44100,10,1764044,unknown
Gyaase_Meeting_2nd_July_2024 (596).wav,wav,WAV,PCM_16,2,44100,10,1764044,unknown
Gyaase_Meeting_2nd_July_2024 (597).wav,wav,WAV,PCM_16,2,44100,10,1764044,unknown
Gyaase_Meeting_2nd_July_2024 (598).wav,wav,WAV,PCM_16,2,44100,10,1764044,unknown
Gyaase_Meeting_2nd_July_2024 (599).wav,wav,WAV,PCM_16,2,44100,10,1764044,unknown
Gyaase_Meeting_2nd_July_2024 (6).wav,wav,WAV,PCM_16,2,44100,10,1764044,unknown
Gyaase_Meeting_2nd_July_2024 (60).wav,wav,WAV,PCM_16,2,44100,10,1764044,unknown
Gyaase_Meeting_2nd_July_2024 (600).wav,wav,WAV,PCM_16,2,44100,10,1764044,unknown
Gyaase_Meeting_2nd_July_2024 (601).wav,wav,WAV,PCM_16,2,44100,10,1764044,unknown
Gyaase_Meeting_2nd_July_2024 (602).wav,wav,WAV,PCM_16,2,44100,10,1764044,unknown
Gyaase_Meeting_2nd_July_2024 (603).wav,wav,WAV,PCM_16,2,44100,10,1764044,unknown
Gyaase_Meeting_2nd_July_2024 (604).wav,wav,WAV,PCM_16,2,44100,10,1764044,unknown
Gyaase_Meeting_2nd_July_2024 (605).wav,wav,WAV,PCM_16,2,44100,10,1764044,unknown
Gyaase_Meeting_2nd_July_2024 (606).wav,wav,WAV,PCM_16,2,44100,10,1764044,unknown
Gyaase_Meeting_2nd_July_2024 (607).wav,wav,WAV,PCM_16,2,44100,10,1764044,unknown
Gyaase_Meeting_2nd_July_2024 (608).wav,wav,WAV,PCM_16,2,44100,10,1764044,unknown
Gyaase_Meeting_2nd_July_2024 (609).wav,wav,WAV,PCM_16,2,44100,10,1764044,unknown
Gyaase_Meeting_2nd_July_2024 (61).wav,wav,WAV,PCM_16,2,44100,10,1764044,unknown
Gyaase_Meeting_2nd_July_2024 (610).wav,wav,WAV,PCM_16,2,44100,10,1764044,unknown
Gyaase_Meeting_2nd_July_2024 (611).wav,wav,WAV,PCM_16,2,44100,10,1764044,unknown
Gyaase_Meeting_2nd_July_2024 (612).wav,wav,WAV,PCM_16,2,44100,10,1764044,unknown
Gyaase_Meeting_2nd_July_2024 (613).wav,wav,WAV,PCM_16,2,44100,10,1764044,unknown
Gyaase_Meeting_2nd_July_2024 (614).wav,wav,WAV,PCM_16,2,44100,10,1764044,unknown
Gyaase_Meeting_2nd_July_2024 (615).wav,wav,WAV,PCM_16,2,44100,10,1764044,unknown
Gyaase_Meeting_2nd_July_2024 (616).wav,wav,WAV,PCM_16,2,44100,10,1764044,unknown
Gyaase_Meeting_2nd_July_2024 (617).wav,wav,WAV,PCM_16,2,44100,10,1764044,unknown
Gyaase_Meeting_2nd_July_2024 (618).wav,wav,WAV,PCM_16,2,44100,10,1764044,unknown
Gyaase_Meeting_2nd_July_2024 (619).wav,wav,WAV,PCM_16,2,44100,10,1764044,unknown
Gyaase_Meeting_2nd_July_2024 (62).wav,wav,WAV,PCM_16,2,44100,10,1764044,unknown
Gyaase_Meeting_2nd_July_2024 (620).wav,wav,WAV,PCM_16,2,44100,10,1764044,unknown
Gyaase_Meeting_2nd_July_2024 (621).wav,wav,WAV,PCM_16,2,44100,10,1764044,unknown
Gyaase_Meeting_2nd_July_2024 (622).wav,wav,WAV,PCM_16,2,44100,10,1764044,unknown
Gyaase_Meeting_2nd_July_2024 (623).wav,wav,WAV,PCM_16,2,44100,10,1764044,unknown
Gyaase_Meeting_2nd_July_2024 (624).wav,wav,WAV,PCM_16,2,44100,10,1764044,unknown
Gyaase_Meeting_2nd_July_2024 (625).wav,wav,WAV,PCM_16,2,44100,10,1764044,unknown
Gyaase_Meeting_2nd_July_2024 (626).wav,wav,WAV,PCM_16,2,44100,10,1764044,unknown
Gyaase_Meeting_2nd_July_2024 (627).wav,wav,WAV,PCM_16,2,44100,10,1764044,unknown
Gyaase_Meeting_2nd_July_2024 (628).wav,wav,WAV,PCM_16,2,44100,10,1764044,unknown
Gyaase_Meeting_2nd_July_2024 (629).wav,wav,WAV,PCM_16,2,44100,10,1764044,unknown
Gyaase_Meeting_2nd_July_2024 (63).wav,wav,WAV,PCM_16,2,44100,10,1764044,unknown
Gyaase_Meeting_2nd_July_2024 (630).wav,wav,WAV,PCM_16,2,44100,10,1764044,unknown
Gyaase_Meeting_2nd_July_2024 (631).wav,wav,WAV,PCM_16,2,44100,10,1764044,unknown
Gyaase_Meeting_2nd_July_2024 (632).wav,wav,WAV,PCM_16,2,44100,10,1764044,unknown
Gyaase_Meeting_2nd_July_2024 (633).wav,wav,WAV,PCM_16,2,44100,10,1764044,unknown
Gyaase_Meeting_2nd_July_2024 (634).wav,wav,WAV,PCM_16,2,44100,10,1764044,unknown
Gyaase_Meeting_2nd_July_2024 (635).wav,wav,WAV,PCM_16,2,44100,10,1764044,unknown
Gyaase_Meeting_2nd_July_2024 (636).wav,wav,WAV,PCM_16,2,44100,10,1764044,unknown
Gyaase_Meeting_2nd_July_2024 (637).wav,wav,WAV,PCM_16,2,44100,10,1764044,unknown
Gyaase_Meeting_2nd_July_2024 (638).wav,wav,WAV,PCM_16,2,44100,10,1764044,unknown
Gyaase_Meeting_2nd_July_2024 (639).wav,wav,WAV,PCM_16,2,44100,10,1764044,unknown
Gyaase_Meeting_2nd_July_2024 (64).wav,wav,WAV,PCM_16,2,44100,10,1764044,unknown
Gyaase_Meeting_2nd_July_2024 (640).wav,wav,WAV,PCM_16,2,44100,10,1764044,unknown
Gyaase_Meeting_2nd_July_2024 (641).wav,wav,WAV,PCM_16,2,44100,10,1764044,unknown
Gyaase_Meeting_2nd_July_2024 (642).wav,wav,WAV,PCM_16,2,44100,10,1764044,unknown
Gyaase_Meeting_2nd_July_2024 (643).wav,wav,WAV,PCM_16,2,44100,10,1764044,unknown
Gyaase_Meeting_2nd_July_2024 (644).wav,wav,WAV,PCM_16,2,44100,10,1764044,unknown
Gyaase_Meeting_2nd_July_2024 (645).wav,wav,WAV,PCM_16,2,44100,10,1764044,unknown
Gyaase_Meeting_2nd_July_2024 (646).wav,wav,WAV,PCM_16,2,44100,10,1764044,unknown
Gyaase_Meeting_2nd_July_2024 (647).wav,wav,WAV,PCM_16,2,44100,10,1764044,unknown
Gyaase_Meeting_2nd_July_2024 (648).wav,wav,WAV,PCM_16,2,44100,10,1764044,unknown
Gyaase_Meeting_2nd_July_2024 (649).wav,wav,WAV,PCM_16,2,44100,10,1764044,unknown
Gyaase_Meeting_2nd_July_2024 (65).wav,wav,WAV,PCM_16,2,44100,10,1764044,unknown
Gyaase_Meeting_2nd_July_2024 (650).wav,wav,WAV,PCM_16,2,44100,10,1764044,unknown
Gyaase_Meeting_2nd_July_2024 (651).wav,wav,WAV,PCM_16,2,44100,10,1764044,unknown
Gyaase_Meeting_2nd_July_2024 (652).wav,wav,WAV,PCM_16,2,44100,10,1764044,unknown
Gyaase_Meeting_2nd_July_2024 (653).wav,wav,WAV,PCM_16,2,44100,10,1764044,unknown
Gyaase_Meeting_2nd_July_2024 (654).wav,wav,WAV,PCM_16,2,44100,10,1764044,unknown
Gyaase_Meeting_2nd_July_2024 (655).wav,wav,WAV,PCM_16,2,44100,10,1764044,unknown
Gyaase_Meeting_2nd_July_2024 (656).wav,wav,WAV,PCM_16,2,44100,10,1764044,unknown
Gyaase_Meeting_2nd_July_2024 (657).wav,wav,WAV,PCM_16,2,44100,10,1764044,unknown
Gyaase_Meeting_2nd_July_2024 (658).wav,wav,WAV,PCM_16,2,44100,10,1764044,unknown
Gyaase_Meeting_2nd_July_2024 (659).wav,wav,WAV,PCM_16,2,44100,10,1764044,unknown
Gyaase_Meeting_2nd_July_2024 (66).wav,wav,WAV,PCM_16,2,44100,10,1764044,unknown
Gyaase_Meeting_2nd_July_2024 (660).wav,wav,WAV,PCM_16,2,44100,10,1764044,unknown
Gyaase_Meeting_2nd_July_2024 (661).wav,wav,WAV,PCM_16,2,44100,10,1764044,unknown
Gyaase_Meeting_2nd_July_2024 (662).wav,wav,WAV,PCM_16,2,44100,10,1764044,unknown
Gyaase_Meeting_2nd_July_2024 (663).wav,wav,WAV,PCM_16,2,44100,10,1764044,unknown
Gyaase_Meeting_2nd_July_2024 (664).wav,wav,WAV,PCM_16,2,44100,10,1764044,unknown
Gyaase_Meeting_2nd_July_2024 (665).wav,wav,WAV,PCM_16,2,44100,10,1764044,unknown
Gyaase_Meeting_2nd_July_2024 (666).wav,wav,WAV,PCM_16,2,44100,10,1764044,unknown
Gyaase_Meeting_2nd_July_2024 (667).wav,wav,WAV,PCM_16,2,44100,10,1764044,unknown
Gyaase_Meeting_2nd_July_2024 (668).wav,wav,WAV,PCM_16,2,44100,10,1764044,unknown
Gyaase_Meeting_2nd_July_2024 (669).wav,wav,WAV,PCM_16,2,44100,10,1764044,unknown
Gyaase_Meeting_2nd_July_2024 (67).wav,wav,WAV,PCM_16,2,44100,10,1764044,unknown
Gyaase_Meeting_2nd_July_2024 (670).wav,wav,WAV,PCM_16,2,44100,10,1764044,unknown
Gyaase_Meeting_2nd_July_2024 (671).wav,wav,WAV,PCM_16,2,44100,10,1764044,unknown
Gyaase_Meeting_2nd_July_2024 (672).wav,wav,WAV,PCM_16,2,44100,10,1764044,unknown
Gyaase_Meeting_2nd_July_2024 (673).wav,wav,WAV,PCM_16,2,44100,10,1764044,unknown
Gyaase_Meeting_2nd_July_2024 (674).wav,wav,WAV,PCM_16,2,44100,10,1764044,unknown
Gyaase_Meeting_2nd_July_2024 (675).wav,wav,WAV,PCM_16,2,44100,10,1764044,unknown
Gyaase_Meeting_2nd_July_2024 (676).wav,wav,WAV,PCM_16,2,44100,10,1764044,unknown
Gyaase_Meeting_2nd_July_2024 (677).wav,wav,WAV,PCM_16,2,44100,10,1764044,unknown
Gyaase_Meeting_2nd_July_2024 (678).wav,wav,WAV,PCM_16,2,44100,10,1764044,unknown
Gyaase_Meeting_2nd_July_2024 (679).wav,wav,WAV,PCM_16,2,44100,10,1764044,unknown
Gyaase_Meeting_2nd_July_2024 (68).wav,wav,WAV,PCM_16,2,44100,10,1764044,unknown
Gyaase_Meeting_2nd_July_2024 (680).wav,wav,WAV,PCM_16,2,44100,10,1764044,unknown
Gyaase_Meeting_2nd_July_2024 (681).wav,wav,WAV,PCM_16,2,44100,10,1764044,unknown
Gyaase_Meeting_2nd_July_2024 (682).wav,wav,WAV,PCM_16,2,44100,10,1764044,unknown
Gyaase_Meeting_2nd_July_2024 (683).wav,wav,WAV,PCM_16,2,44100,10,1764044,unknown
Gyaase_Meeting_2nd_July_2024 (684).wav,wav,WAV,PCM_16,2,44100,10,1764044,unknown
Gyaase_Meeting_2nd_July_2024 (685).wav,wav,WAV,PCM_16,2,44100,10,1764044,unknown
Gyaase_Meeting_2nd_July_2024 (686).wav,wav,WAV,PCM_16,2,44100,10,1764044,unknown
Gyaase_Meeting_2nd_July_2024 (687).wav,wav,WAV,PCM_16,2,44100,10,1764044,unknown
Gyaase_Meeting_2nd_July_2024 (688).wav,wav,WAV,PCM_16,2,44100,10,1764044,unknown
Gyaase_Meeting_2nd_July_2024 (689).wav,wav,WAV,PCM_16,2,44100,10,1764044,unknown
Gyaase_Meeting_2nd_July_2024 (69).wav,wav,WAV,PCM_16,2,44100,10,1764044,unknown
Gyaase_Meeting_2nd_July_2024 (690).wav,wav,WAV,PCM_16,2,44100,10,1764044,unknown
Gyaase_Meeting_2nd_July_2024 (691).wav,wav,WAV,PCM_16,2,44100,10,1764044,unknown
Gyaase_Meeting_2nd_July_2024 (692).wav,wav,WAV,PCM_16,2,44100,10,1764044,unknown
Gyaase_Meeting_2nd_July_2024 (693).wav,wav,WAV,PCM_16,2,44100,10,1764044,unknown
Gyaase_Meeting_2nd_July_2024 (694).wav,wav,WAV,PCM_16,2,44100,10,1764044,unknown
Gyaase_Meeting_2nd_July_2024 (695).wav,wav,WAV,PCM_16,2,44100,10,1764044,unknown
Gyaase_Meeting_2nd_July_2024 (696).wav,wav,WAV,PCM_16,2,44100,10,1764044,unknown
Gyaase_Meeting_2nd_July_2024 (697).wav,wav,WAV,PCM_16,2,44100,10,1764044,unknown
Gyaase_Meeting_2nd_July_2024 (698).wav,wav,WAV,PCM_16,2,44100,10,1764044,unknown
Gyaase_Meeting_2nd_July_2024 (699).wav,wav,WAV,PCM_16,2,44100,10,1764044,unknown
Gyaase_Meeting_2nd_July_2024 (7).wav,wav,WAV,PCM_16,2,44100,10,1764044,unknown
Gyaase_Meeting_2nd_July_2024 (70).wav,wav,WAV,PCM_16,2,44100,10,1764044,unknown
Gyaase_Meeting_2nd_July_2024 (700).wav,wav,WAV,PCM_16,2,44100,10,1764044,unknown
Gyaase_Meeting_2nd_July_2024 (701).wav,wav,WAV,PCM_16,2,44100,10,1764044,unknown
Gyaase_Meeting_2nd_July_2024 (702).wav,wav,WAV,PCM_16,2,44100,10,1764044,unknown
Gyaase_Meeting_2nd_July_2024 (703).wav,wav,WAV,PCM_16,2,44100,10,1764044,unknown
Gyaase_Meeting_2nd_July_2024 (704).wav,wav,WAV,PCM_16,2,44100,10,1764044,unknown
Gyaase_Meeting_2nd_July_2024 (705).wav,wav,WAV,PCM_16,2,44100,10,1764044,unknown
Gyaase_Meeting_2nd_July_2024 (706).wav,wav,WAV,PCM_16,2,44100,10,1764044,unknown
Gyaase_Meeting_2nd_July_2024 (707).wav,wav,WAV,PCM_16,2,44100,10,1764044,unknown
Gyaase_Meeting_2nd_July_2024 (708).wav,wav,WAV,PCM_16,2,44100,10,1764044,unknown
Gyaase_Meeting_2nd_July_2024 (709).wav,wav,WAV,PCM_16,2,44100,10,1764044,unknown
Gyaase_Meeting_2nd_July_2024 (71).wav,wav,WAV,PCM_16,2,44100,10,1764044,unknown
Gyaase_Meeting_2nd_July_2024 (710).wav,wav,WAV,PCM_16,2,44100,10,1764044,unknown
Gyaase_Meeting_2nd_July_2024 (711).wav,wav,WAV,PCM_16,2,44100,10,1764044,unknown
Gyaase_Meeting_2nd_July_2024 (712).wav,wav,WAV,PCM_16,2,44100,10,1764044,unknown
Gyaase_Meeting_2nd_July_2024 (713).wav,wav,WAV,PCM_16,2,44100,10,1764044,unknown
Gyaase_Meeting_2nd_July_2024 (714).wav,wav,WAV,PCM_16,2,44100,10,1764044,unknown
Gyaase_Meeting_2nd_July_2024 (715).wav,wav,WAV,PCM_16,2,44100,10,1764044,unknown
Gyaase_Meeting_2nd_July_2024 (716).wav,wav,WAV,PCM_16,2,44100,10,1764044,unknown
Gyaase_Meeting_2nd_July_2024 (717).wav,wav,WAV,PCM_16,2,44100,10,1764044,unknown
Gyaase_Meeting_2nd_July_2024 (718).wav,wav,WAV,PCM_16,2,44100,10,1764044,unknown
Gyaase_Meeting_2nd_July_2024 (719).wav,wav,WAV,PCM_16,2,44100,10,1764044,unknown
Gyaase_Meeting_2nd_July_2024 (72).wav,wav,WAV,PCM_16,2,44100,10,1764044,unknown
Gyaase_Meeting_2nd_July_2024 (720).wav,wav,WAV,PCM_16,2,44100,10,1764044,unknown
Gyaase_Meeting_2nd_July_2024 (721).wav,wav,WAV,PCM_16,2,44100,10,1764044,unknown
Gyaase_Meeting_2nd_July_2024 (722).wav,wav,WAV,PCM_16,2,44100,10,1764044,unknown
Gyaase_Meeting_2nd_July_2024 (723).wav,wav,WAV,PCM_16,2,44100,10,1764044,unknown
Gyaase_Meeting_2nd_July_2024 (724).wav,wav,WAV,PCM_16,2,44100,10,1764044,unknown
Gyaase_Meeting_2nd_July_2024 (725).wav,wav,WAV,PCM_16,2,44100,10,1764044,unknown
Gyaase_Meeting_2nd_July_2024 (726).wav,wav,WAV,PCM_16,2,44100,10,1764044,unknown
Gyaase_Meeting_2nd_July_2024 (727).wav,wav,WAV,PCM_16,2,44100,10,1764044,unknown
Gyaase_Meeting_2nd_July_2024 (728).wav,wav,WAV,PCM_16,2,44100,10,1764044,unknown
Gyaase_Meeting_2nd_July_2024 (729).wav,wav,WAV,PCM_16,2,44100,10,1764044,unknown
Gyaase_Meeting_2nd_July_2024 (73).wav,wav,WAV,PCM_16,2,44100,10,1764044,unknown
Gyaase_Meeting_2nd_July_2024 (730).wav,wav,WAV,PCM_16,2,44100,10,1764044,unknown
Gyaase_Meeting_2nd_July_2024 (731).wav,wav,WAV,PCM_16,2,44100,10,1764044,unknown
Gyaase_Meeting_2nd_July_2024 (732).wav,wav,WAV,PCM_16,2,44100,10,1764044,unknown
Gyaase_Meeting_2nd_July_2024 (733).wav,wav,WAV,PCM_16,2,44100,10,1764044,unknown
Gyaase_Meeting_2nd_July_2024 (734).wav,wav,WAV,PCM_16,2,44100,10,1764044,unknown
Gyaase_Meeting_2nd_July_2024 (735).wav,wav,WAV,PCM_16,2,44100,10,1764044,unknown
Gyaase_Meeting_2nd_July_2024 (736).wav,wav,WAV,PCM_16,2,44100,10,1764044,unknown
Gyaase_Meeting_2nd_July_2024 (737).wav,wav,WAV,PCM_16,2,44100,10,1764044,unknown
Gyaase_Meeting_2nd_July_2024 (738).wav,wav,WAV,PCM_16,2,44100,10,1764044,unknown
Gyaase_Meeting_2nd_July_2024 (739).wav,wav,WAV,PCM_16,2,44100,10,1764044,unknown
Gyaase_Meeting_2nd_July_2024 (74).wav,wav,WAV,PCM_16,2,44100,10,1764044,unknown
Gyaase_Meeting_2nd_July_2024 (740).wav,wav,WAV,PCM_16,2,44100,10,1764044,unknown
Gyaase_Meeting_2nd_July_2024 (741).wav,wav,WAV,PCM_16,2,44100,10,1764044,unknown
Gyaase_Meeting_2nd_July_2024 (742).wav,wav,WAV,PCM_16,2,44100,10,1764044,unknown
Gyaase_Meeting_2nd_July_2024 (743).wav,wav,WAV,PCM_16,2,44100,10,1764044,unknown
Gyaase_Meeting_2nd_July_2024 (744).wav,wav,WAV,PCM_16,2,44100,10,1764044,unknown
Gyaase_Meeting_2nd_July_2024 (745).wav,wav,WAV,PCM_16,2,44100,10,1764044,unknown
Gyaase_Meeting_2nd_July_2024 (746).wav,wav,WAV,PCM_16,2,44100,10,1764044,unknown
Gyaase_Meeting_2nd_July_2024 (747).wav,wav,WAV,PCM_16,2,44100,10,1764044,unknown
Gyaase_Meeting_2nd_July_2024 (748).wav,wav,WAV,PCM_16,2,44100,10,1764044,unknown
Gyaase_Meeting_2nd_July_2024 (749).wav,wav,WAV,PCM_16,2,44100,10,1764044,unknown
Gyaase_Meeting_2nd_July_2024 (75).wav,wav,WAV,PCM_16,2,44100,10,1764044,unknown
Gyaase_Meeting_2nd_July_2024 (750).wav,wav,WAV,PCM_16,2,44100,10,1764044,unknown
Gyaase_Meeting_2nd_July_2024 (751).wav,wav,WAV,PCM_16,2,44100,10,1764044,unknown
Gyaase_Meeting_2nd_July_2024 (752).wav,wav,WAV,PCM_16,2,44100,10,1764044,unknown
Gyaase_Meeting_2nd_July_2024 (753).wav,wav,WAV,PCM_16,2,44100,10,1764044,unknown
Gyaase_Meeting_2nd_July_2024 (754).wav,wav,WAV,PCM_16,2,44100,10,1764044,unknown
Gyaase_Meeting_2nd_July_2024 (755).wav,wav,WAV,PCM_16,2,44100,10,1764044,unknown
Gyaase_Meeting_2nd_July_2024 (756).wav,wav,WAV,PCM_16,2,44100,10,1764044,unknown
Gyaase_Meeting_2nd_July_2024 (757).wav,wav,WAV,PCM_16,2,44100,10,1764044,unknown
Gyaase_Meeting_2nd_July_2024 (758).wav,wav,WAV,PCM_16,2,44100,10,1764044,unknown
Gyaase_Meeting_2nd_July_2024 (759).wav,wav,WAV,PCM_16,2,44100,10,1764044,unknown
Gyaase_Meeting_2nd_July_2024 (76).wav,wav,WAV,PCM_16,2,44100,10,1764044,unknown
Gyaase_Meeting_2nd_July_2024 (760).wav,wav,WAV,PCM_16,2,44100,10,1764044,unknown
Gyaase_Meeting_2nd_July_2024 (761).wav,wav,WAV,PCM_16,2,44100,10,1764044,unknown
Gyaase_Meeting_2nd_July_2024 (762).wav,wav,WAV,PCM_16,2,44100,10,1764044,unknown
Gyaase_Meeting_2nd_July_2024 (763).wav,wav,WAV,PCM_16,2,44100,10,1764044,unknown
Gyaase_Meeting_2nd_July_2024 (764).wav,wav,WAV,PCM_16,2,44100,10,1764044,unknown
Gyaase_Meeting_2nd_July_2024 (765).wav,wav,WAV,PCM_16,2,44100,10,1764044,unknown
Gyaase_Meeting_2nd_July_2024 (766).wav,wav,WAV,PCM_16,2,44100,10,1764044,unknown
Gyaase_Meeting_2nd_July_2024 (767).wav,wav,WAV,PCM_16,2,44100,10,1764044,unknown
Gyaase_Meeting_2nd_July_2024 (768).wav,wav,WAV,PCM_16,2,44100,10,1764044,unknown
Gyaase_Meeting_2nd_July_2024 (769).wav,wav,WAV,PCM_16,2,44100,10,1764044,unknown
Gyaase_Meeting_2nd_July_2024 (77).wav,wav,WAV,PCM_16,2,44100,10,1764044,unknown
Gyaase_Meeting_2nd_July_2024 (770).wav,wav,WAV,PCM_16,2,44100,10,1764044,unknown
Gyaase_Meeting_2nd_July_2024 (771).wav,wav,WAV,PCM_16,2,44100,10,1764044,unknown
Gyaase_Meeting_2nd_July_2024 (772).wav,wav,WAV,PCM_16,2,44100,10,1764044,unknown
Gyaase_Meeting_2nd_July_2024 (773).wav,wav,WAV,PCM_16,2,44100,10,1764044,unknown
Gyaase_Meeting_2nd_July_2024 (774).wav,wav,WAV,PCM_16,2,44100,10,1764044,unknown
Gyaase_Meeting_2nd_July_2024 (775).wav,wav,WAV,PCM_16,2,44100,10,1764044,unknown
Gyaase_Meeting_2nd_July_2024 (776).wav,wav,WAV,PCM_16,2,44100,10,1764044,unknown
Gyaase_Meeting_2nd_July_2024 (777).wav,wav,WAV,PCM_16,2,44100,10,1764044,unknown
Gyaase_Meeting_2nd_July_2024 (778).wav,wav,WAV,PCM_16,2,44100,10,1764044,unknown
Gyaase_Meeting_2nd_July_2024 (779).wav,wav,WAV,PCM_16,2,44100,10,1764044,unknown
Gyaase_Meeting_2nd_July_2024 (78).wav,wav,WAV,PCM_16,2,44100,10,1764044,unknown
Gyaase_Meeting_2nd_July_2024 (780).wav,wav,WAV,PCM_16,2,44100,10,1764044,unknown
Gyaase_Meeting_2nd_July_2024 (781).wav,wav,WAV,PCM_16,2,44100,10,1764044,unknown
Gyaase_Meeting_2nd_July_2024 (782).wav,wav,WAV,PCM_16,2,44100,10,1764044,unknown
Gyaase_Meeting_2nd_July_2024 (783).wav,wav,WAV,PCM_16,2,44100,10,1764044,unknown
Gyaase_Meeting_2nd_July_2024 (784).wav,wav,WAV,PCM_16,2,44100,10,1764044,unknown
Gyaase_Meeting_2nd_July_2024 (785).wav,wav,WAV,PCM_16,2,44100,10,1764044,unknown
Gyaase_Meeting_2nd_July_2024 (786).wav,wav,WAV,PCM_16,2,44100,10,1764044,unknown
Gyaase_Meeting_2nd_July_2024 (787).wav,wav,WAV,PCM_16,2,44100,10,1764044,unknown
Gyaase_Meeting_2nd_July_2024 (788).wav,wav,WAV,PCM_16,2,44100,10,1764044,unknown
Gyaase_Meeting_2nd_July_2024 (789).wav,wav,WAV,PCM_16,2,44100,10,1764044,unknown
Gyaase_Meeting_2nd_July_2024 (79).wav,wav,WAV,PCM_16,2,44100,10,1764044,unknown
Gyaase_Meeting_2nd_July_2024 (790).wav,wav,WAV,PCM_16,2,44100,10,1764044,unknown
Gyaase_Meeting_2nd_July_2024 (791).wav,wav,WAV,PCM_16,2,44100,10,1764044,unknown
Gyaase_Meeting_2nd_July_2024 (792).wav,wav,WAV,PCM_16,2,44100,10,1764044,unknown
Gyaase_Meeting_2nd_July_2024 (793).wav,wav,WAV,PCM_16,2,44100,10,1764044,unknown
Gyaase_Meeting_2nd_July_2024 (794).wav,wav,WAV,PCM_16,2,44100,10,1764044,unknown
Gyaase_Meeting_2nd_July_2024 (795).wav,wav,WAV,PCM_16,2,44100,10,1764044,unknown
Gyaase_Meeting_2nd_July_2024 (796).wav,wav,WAV,PCM_16,2,44100,10,1764044,unknown
Gyaase_Meeting_2nd_July_2024 (797).wav,wav,WAV,PCM_16,2,44100,10,1764044,unknown
Gyaase_Meeting_2nd_July_2024 (798).wav,wav,WAV,PCM_16,2,44100,10,1764044,unknown
Gyaase_Meeting_2nd_July_2024 (799).wav,wav,WAV,PCM_16,2,44100,10,1764044,unknown
Gyaase_Meeting_2nd_July_2024 (8).wav,wav,WAV,PCM_16,2,44100,10,1764044,unknown
Gyaase_Meeting_2nd_July_2024 (80).wav,wav,WAV,PCM_16,2,44100,10,1764044,unknown
Gyaase_Meeting_2nd_July_2024 (800).wav,wav,WAV,PCM_16,2,44100,10,1764044,unknown
Gyaase_Meeting_2nd_July_2024 (801).wav,wav,WAV,PCM_16,2,44100,10,1764044,unknown
Gyaase_Meeting_2nd_July_2024 (802).wav,wav,WAV,PCM_16,2,44100,10,1764044,unknown
Gyaase_Meeting_2nd_July_2024 (803).wav,wav,WAV,PCM_16,2,44100,10,1764044,unknown
Gyaase_Meeting_2nd_July_2024 (804).wav,wav,WAV,PCM_16,2,44100,10,1764044,unknown
Gyaase_Meeting_2nd_July_2024 (805).wav,wav,WAV,PCM_16,2,44100,10,1764044,unknown
Gyaase_Meeting_2nd_July_2024 (806).wav,wav,WAV,PCM_16,2,44100,10,1764044,unknown
Gyaase_Meeting_2nd_July_2024 (807).wav,wav,WAV,PCM_16,2,44100,10,1764044,unknown
Gyaase_Meeting_2nd_July_2024 (808).wav,wav,WAV,PCM_16,2,44100,10,1764044,unknown
Gyaase_Meeting_2nd_July_2024 (809).wav,wav,WAV,PCM_16,2,44100,10,1764044,unknown
Gyaase_Meeting_2nd_July_2024 (81).wav,wav,WAV,PCM_16,2,44100,10,1764044,unknown
Gyaase_Meeting_2nd_July_2024 (810).wav,wav,WAV,PCM_16,2,44100,10,1764044,unknown
Gyaase_Meeting_2nd_July_2024 (811).wav,wav,WAV,PCM_16,2,44100,10,1764044,unknown
Gyaase_Meeting_2nd_July_2024 (812).wav,wav,WAV,PCM_16,2,44100,10,1764044,unknown
Gyaase_Meeting_2nd_July_2024 (813).wav,wav,WAV,PCM_16,2,44100,10,1764044,unknown
Gyaase_Meeting_2nd_July_2024 (814).wav,wav,WAV,PCM_16,2,44100,10,1764044,unknown
Gyaase_Meeting_2nd_July_2024 (815).wav,wav,WAV,PCM_16,2,44100,10,1764044,unknown
Gyaase_Meeting_2nd_July_2024 (816).wav,wav,WAV,PCM_16,2,44100,10,1764044,unknown
Gyaase_Meeting_2nd_July_2024 (817).wav,wav,WAV,PCM_16,2,44100,10,1764044,unknown
Gyaase_Meeting_2nd_July_2024 (818).wav,wav,WAV,PCM_16,2,44100,10,1764044,unknown
Gyaase_Meeting_2nd_July_2024 (819).wav,wav,WAV,PCM_16,2,44100,10,1764044,unknown
Gyaase_Meeting_2nd_July_2024 (82).wav,wav,WAV,PCM_16,2,44100,10,1764044,unknown
Gyaase_Meeting_2nd_July_2024 (820).wav,wav,WAV,PCM_16,2,44100,10,1764044,unknown
Gyaase_Meeting_2nd_July_2024 (821).wav,wav,WAV,PCM_16,2,44100,10,1764044,unknown
Gyaase_Meeting_2nd_July_2024 (822).wav,wav,WAV,PCM_16,2,44100,10,1764044,unknown
Gyaase_Meeting_2nd_July_2024 (823).wav,wav,WAV,PCM_16,2,44100,10,1764044,unknown
Gyaase_Meeting_2nd_July_2024 (824).wav,wav,WAV,PCM_16,2,44100,10,1764044,unknown
Gyaase_Meeting_2nd_July_2024 (825).wav,wav,WAV,PCM_16,2,44100,10,1764044,unknown
Gyaase_Meeting_2nd_July_2024 (826).wav,wav,WAV,PCM_16,2,44100,10,1764044,unknown
Gyaase_Meeting_2nd_July_2024 (827).wav,wav,WAV,PCM_16,2,44100,10,1764044,unknown
Gyaase_Meeting_2nd_July_2024 (828).wav,wav,WAV,PCM_16,2,44100,10,1764044,unknown
Gyaase_Meeting_2nd_July_2024 (829).wav,wav,WAV,PCM_16,2,44100,10,1764044,unknown
Gyaase_Meeting_2nd_July_2024 (83).wav,wav,WAV,PCM_16,2,44100,10,1764044,unknown
Gyaase_Meeting_2nd_July_2024 (830).wav,wav,WAV,PCM_16,2,44100,10,1764044,unknown
Gyaase_Meeting_2nd_July_2024 (831).wav,wav,WAV,PCM_16,2,44100,10,1764044,unknown
Gyaase_Meeting_2nd_July_2024 (832).wav,wav,WAV,PCM_16,2,44100,10,1764044,unknown
Gyaase_Meeting_2nd_July_2024 (833).wav,wav,WAV,PCM_16,2,44100,10,1764044,unknown
Gyaase_Meeting_2nd_July_2024 (834).wav,wav,WAV,PCM_16,2,44100,10,1764044,unknown
Gyaase_Meeting_2nd_July_2024 (835).wav,wav,WAV,PCM_16,2,44100,10,1764044,unknown
Gyaase_Meeting_2nd_July_2024 (836).wav,wav,WAV,PCM_16,2,44100,10,1764044,unknown
Gyaase_Meeting_2nd_July_2024 (837).wav,wav,WAV,PCM_16,2,44100,10,1764044,unknown
Gyaase_Meeting_2nd_July_2024 (838).wav,wav,WAV,PCM_16,2,44100,10,1764044,unknown
Gyaase_Meeting_2nd_July_2024 (839).wav,wav,WAV,PCM_16,2,44100,10,1764044,unknown
Gyaase_Meeting_2nd_July_2024 (84).wav,wav,WAV,PCM_16,2,44100,10,1764044,unknown
Gyaase_Meeting_2nd_July_2024 (840).wav,wav,WAV,PCM_16,2,44100,10,1764044,unknown
Gyaase_Meeting_2nd_July_2024 (841).wav,wav,WAV,PCM_16,2,44100,10,1764044,unknown
Gyaase_Meeting_2nd_July_2024 (842).wav,wav,WAV,PCM_16,2,44100,10,1764044,unknown
Gyaase_Meeting_2nd_July_2024 (843).wav,wav,WAV,PCM_16,2,44100,10,1764044,unknown
Gyaase_Meeting_2nd_July_2024 (844).wav,wav,WAV,PCM_16,2,44100,10,1764044,unknown
Gyaase_Meeting_2nd_July_2024 (845).wav,wav,WAV,PCM_16,2,44100,10,1764044,unknown
Gyaase_Meeting_2nd_July_2024 (846).wav,wav,WAV,PCM_16,2,44100,10,1764044,unknown
Gyaase_Meeting_2nd_July_2024 (847).wav,wav,WAV,PCM_16,2,44100,10,1764044,unknown
Gyaase_Meeting_2nd_July_2024 (848).wav,wav,WAV,PCM_16,2,44100,10,1764044,unknown
Gyaase_Meeting_2nd_July_2024 (849).wav,wav,WAV,PCM_16,2,44100,10,1764044,unknown
Gyaase_Meeting_2nd_July_2024 (85).wav,wav,WAV,PCM_16,2,44100,10,1764044,unknown
Gyaase_Meeting_2nd_July_2024 (850).wav,wav,WAV,PCM_16,2,44100,10,1764044,unknown
Gyaase_Meeting_2nd_July_2024 (851).wav,wav,WAV,PCM_16,2,44100,10,1764044,unknown
Gyaase_Meeting_2nd_July_2024 (852).wav,wav,WAV,PCM_16,2,44100,10,1764044,unknown
Gyaase_Meeting_2nd_July_2024 (853).wav,wav,WAV,PCM_16,2,44100,10,1764044,unknown
Gyaase_Meeting_2nd_July_2024 (854).wav,wav,WAV,PCM_16,2,44100,10,1764044,unknown
Gyaase_Meeting_2nd_July_2024 (855).wav,wav,WAV,PCM_16,2,44100,10,1764044,unknown
Gyaase_Meeting_2nd_July_2024 (856).wav,wav,WAV,PCM_16,2,44100,10,1764044,unknown
Gyaase_Meeting_2nd_July_2024 (857).wav,wav,WAV,PCM_16,2,44100,10,1764044,unknown
Gyaase_Meeting_2nd_July_2024 (858).wav,wav,WAV,PCM_16,2,44100,10,1764044,unknown
Gyaase_Meeting_2nd_July_2024 (859).wav,wav,WAV,PCM_16,2,44100,10,1764044,unknown
Gyaase_Meeting_2nd_July_2024 (86).wav,wav,WAV,PCM_16,2,44100,10,1764044,unknown
Gyaase_Meeting_2nd_July_2024 (860).wav,wav,WAV,PCM_16,2,44100,10,1764044,unknown
Gyaase_Meeting_2nd_July_2024 (861).wav,wav,WAV,PCM_16,2,44100,10,1764044,unknown
Gyaase_Meeting_2nd_July_2024 (862).wav,wav,WAV,PCM_16,2,44100,10,1764044,unknown
Gyaase_Meeting_2nd_July_2024 (863).wav,wav,WAV,PCM_16,2,44100,10,1764044,unknown
Gyaase_Meeting_2nd_July_2024 (864).wav,wav,WAV,PCM_16,2,44100,10,1764044,unknown
Gyaase_Meeting_2nd_July_2024 (865).wav,wav,WAV,PCM_16,2,44100,10,1764044,unknown
Gyaase_Meeting_2nd_July_2024 (866).wav,wav,WAV,PCM_16,2,44100,10,1764044,unknown
Gyaase_Meeting_2nd_July_2024 (867).wav,wav,WAV,PCM_16,2,44100,10,1764044,unknown
Gyaase_Meeting_2nd_July_2024 (868).wav,wav,WAV,PCM_16,2,44100,10,1764044,unknown
Gyaase_Meeting_2nd_July_2024 (869).wav,wav,WAV,PCM_16,2,44100,10,1764044,unknown
Gyaase_Meeting_2nd_July_2024 (87).wav,wav,WAV,PCM_16,2,44100,10,1764044,unknown
Gyaase_Meeting_2nd_July_2024 (870).wav,wav,WAV,PCM_16,2,44100,10,1764044,unknown
Gyaase_Meeting_2nd_July_2024 (871).wav,wav,WAV,PCM_16,2,44100,10,1764044,unknown
Gyaase_Meeting_2nd_July_2024 (872).wav,wav,WAV,PCM_16,2,44100,10,1764044,unknown
Gyaase_Meeting_2nd_July_2024 (873).wav,wav,WAV,PCM_16,2,44100,10,1764044,unknown
Gyaase_Meeting_2nd_July_2024 (874).wav,wav,WAV,PCM_16,2,44100,10,1764044,unknown
Gyaase_Meeting_2nd_July_2024 (875).wav,wav,WAV,PCM_16,2,44100,10,1764044,unknown
Gyaase_Meeting_2nd_July_2024 (876).wav,wav,WAV,PCM_16,2,44100,10,1764044,unknown
Gyaase_Meeting_2nd_July_2024 (877).wav,wav,WAV,PCM_16,2,44100,10,1764044,unknown
Gyaase_Meeting_2nd_July_2024 (878).wav,wav,WAV,PCM_16,2,44100,10,1764044,unknown
Gyaase_Meeting_2nd_July_2024 (879).wav,wav,WAV,PCM_16,2,44100,10,1764044,unknown
Gyaase_Meeting_2nd_July_2024 (88).wav,wav,WAV,PCM_16,2,44100,10,1764044,unknown
Gyaase_Meeting_2nd_July_2024 (880).wav,wav,WAV,PCM_16,2,44100,10,1764044,unknown
Gyaase_Meeting_2nd_July_2024 (881).wav,wav,WAV,PCM_16,2,44100,10,1764044,unknown
Gyaase_Meeting_2nd_July_2024 (882).wav,wav,WAV,PCM_16,2,44100,10,1764044,unknown
Gyaase_Meeting_2nd_July_2024 (883).wav,wav,WAV,PCM_16,2,44100,10,1764044,unknown
Gyaase_Meeting_2nd_July_2024 (884).wav,wav,WAV,PCM_16,2,44100,10,1764044,unknown
Gyaase_Meeting_2nd_July_2024 (885).wav,wav,WAV,PCM_16,2,44100,10,1764044,unknown
Gyaase_Meeting_2nd_July_2024 (886).wav,wav,WAV,PCM_16,2,44100,10,1764044,unknown
Gyaase_Meeting_2nd_July_2024 (887).wav,wav,WAV,PCM_16,2,44100,10,1764044,unknown
Gyaase_Meeting_2nd_July_2024 (888).wav,wav,WAV,PCM_16,2,44100,10,1764044,unknown
Gyaase_Meeting_2nd_July_2024 (889).wav,wav,WAV,PCM_16,2,44100,10,1764044,unknown
Gyaase_Meeting_2nd_July_2024 (89).wav,wav,WAV,PCM_16,2,44100,10,1764044,unknown
Gyaase_Meeting_2nd_July_2024 (890).wav,wav,WAV,PCM_16,2,44100,10,1764044,unknown
Gyaase_Meeting_2nd_July_2024 (891).wav,wav,WAV,PCM_16,2,44100,10,1764044,unknown
Gyaase_Meeting_2nd_July_2024 (892).wav,wav,WAV,PCM_16,2,44100,10,1764044,unknown
Gyaase_Meeting_2nd_July_2024 (893).wav,wav,WAV,PCM_16,2,44100,10,1764044,unknown
Gyaase_Meeting_2nd_July_2024 (894).wav,wav,WAV,PCM_16,2,44100,10,1764044,unknown
Gyaase_Meeting_2nd_July_2024 (895).wav,wav,WAV,PCM_16,2,44100,10,1764044,unknown
Gyaase_Meeting_2nd_July_2024 (896).wav,wav,WAV,PCM_16,2,44100,10,1764044,unknown
Gyaase_Meeting_2nd_July_2024 (897).wav,wav,WAV,PCM_16,2,44100,10,1764044,unknown
Gyaase_Meeting_2nd_July_2024 (898).wav,wav,WAV,PCM_16,2,44100,10,1764044,unknown
Gyaase_Meeting_2nd_July_2024 (899).wav,wav,WAV,PCM_16,2,44100,10,1764044,unknown
Gyaase_Meeting_2nd_July_2024 (9).wav,wav,WAV,PCM_16,2,44100,10,1764044,unknown
Gyaase_Meeting_2nd_July_2024 (90).wav,wav,WAV,PCM_16,2,44100,10,1764044,unknown
Gyaase_Meeting_2nd_July_2024 (900).wav,wav,WAV,PCM_16,2,44100,10,1764044,unknown
Gyaase_Meeting_2nd_July_2024 (901).wav,wav,WAV,PCM_16,2,44100,10,1764044,unknown
Gyaase_Meeting_2nd_July_2024 (902).wav,wav,WAV,PCM_16,2,44100,10,1764044,unknown
Gyaase_Meeting_2nd_July_2024 (903).wav,wav,WAV,PCM_16,2,44100,10,1764044,unknown
Gyaase_Meeting_2nd_July_2024 (904).wav,wav,WAV,PCM_16,2,44100,10,1764044,unknown
Gyaase_Meeting_2nd_July_2024 (905).wav,wav,WAV,PCM_16,2,44100,10,1764044,unknown
Gyaase_Meeting_2nd_July_2024 (906).wav,wav,WAV,PCM_16,2,44100,10,1764044,unknown
Gyaase_Meeting_2nd_July_2024 (907).wav,wav,WAV,PCM_16,2,44100,10,1764044,unknown
Gyaase_Meeting_2nd_July_2024 (908).wav,wav,WAV,PCM_16,2,44100,10,1764044,unknown
Gyaase_Meeting_2nd_July_2024 (909).wav,wav,WAV,PCM_16,2,44100,10,1764044,unknown
Gyaase_Meeting_2nd_July_2024 (91).wav,wav,WAV,PCM_16,2,44100,10,1764044,unknown
Gyaase_Meeting_2nd_July_2024 (910).wav,wav,WAV,PCM_16,2,44100,10,1764044,unknown
Gyaase_Meeting_2nd_July_2024 (911).wav,wav,WAV,PCM_16,2,44100,10,1764044,unknown
Gyaase_Meeting_2nd_July_2024 (912).wav,wav,WAV,PCM_16,2,44100,10,1764044,unknown
Gyaase_Meeting_2nd_July_2024 (913).wav,wav,WAV,PCM_16,2,44100,10,1764044,unknown
Gyaase_Meeting_2nd_July_2024 (914).wav,wav,WAV,PCM_16,2,44100,10,1764044,unknown
Gyaase_Meeting_2nd_July_2024 (915).wav,wav,WAV,PCM_16,2,44100,10,1764044,unknown
Gyaase_Meeting_2nd_July_2024 (916).wav,wav,WAV,PCM_16,2,44100,10,1764044,unknown
Gyaase_Meeting_2nd_July_2024 (917).wav,wav,WAV,PCM_16,2,44100,10,1764044,unknown
Gyaase_Meeting_2nd_July_2024 (918).wav,wav,WAV,PCM_16,2,44100,10,1764044,unknown
Gyaase_Meeting_2nd_July_2024 (919).wav,wav,WAV,PCM_16,2,44100,10,1764044,unknown
Gyaase_Meeting_2nd_July_2024 (92).wav,wav,WAV,PCM_16,2,44100,10,1764044,unknown
Gyaase_Meeting_2nd_July_2024 (920).wav,wav,WAV,PCM_16,2,44100,10,1764044,unknown
Gyaase_Meeting_2nd_July_2024 (921).wav,wav,WAV,PCM_16,2,44100,10,1764044,unknown
Gyaase_Meeting_2nd_July_2024 (922).wav,wav,WAV,PCM_16,2,44100,10,1764044,unknown
Gyaase_Meeting_2nd_July_2024 (923).wav,wav,WAV,PCM_16,2,44100,10,1764044,unknown
Gyaase_Meeting_2nd_July_2024 (924).wav,wav,WAV,PCM_16,2,44100,10,1764044,unknown
Gyaase_Meeting_2nd_July_2024 (925).wav,wav,WAV,PCM_16,2,44100,10,1764044,unknown
Gyaase_Meeting_2nd_July_2024 (926).wav,wav,WAV,PCM_16,2,44100,10,1764044,unknown
Gyaase_Meeting_2nd_July_2024 (927).wav,wav,WAV,PCM_16,2,44100,10,1764044,unknown
Gyaase_Meeting_2nd_July_2024 (928).wav,wav,WAV,PCM_16,2,44100,10,1764044,unknown
Gyaase_Meeting_2nd_July_2024 (929).wav,wav,WAV,PCM_16,2,44100,10,1764044,unknown
Gyaase_Meeting_2nd_July_2024 (93).wav,wav,WAV,PCM_16,2,44100,10,1764044,unknown
Gyaase_Meeting_2nd_July_2024 (930).wav,wav,WAV,PCM_16,2,44100,10,1764044,unknown
Gyaase_Meeting_2nd_July_2024 (931).wav,wav,WAV,PCM_16,2,44100,10,1764044,unknown
Gyaase_Meeting_2nd_July_2024 (932).wav,wav,WAV,PCM_16,2,44100,10,1764044,unknown
Gyaase_Meeting_2nd_July_2024 (933).wav,wav,WAV,PCM_16,2,44100,10,1764044,unknown
Gyaase_Meeting_2nd_July_2024 (934).wav,wav,WAV,PCM_16,2,44100,10,1764044,unknown
Gyaase_Meeting_2nd_July_2024 (935).wav,wav,WAV,PCM_16,2,44100,10,1764044,unknown
Gyaase_Meeting_2nd_July_2024 (936).wav,wav,WAV,PCM_16,2,44100,10,1764044,unknown
Gyaase_Meeting_2nd_July_2024 (937).wav,wav,WAV,PCM_16,2,44100,10,1764044,unknown
Gyaase_Meeting_2nd_July_2024 (938).wav,wav,WAV,PCM_16,2,44100,10,1764044,unknown
Gyaase_Meeting_2nd_July_2024 (939).wav,wav,WAV,PCM_16,2,44100,10,1764044,unknown
Gyaase_Meeting_2nd_July_2024 (94).wav,wav,WAV,PCM_16,2,44100,10,1764044,unknown
Gyaase_Meeting_2nd_July_2024 (940).wav,wav,WAV,PCM_16,2,44100,10,1764044,unknown
Gyaase_Meeting_2nd_July_2024 (941).wav,wav,WAV,PCM_16,2,44100,10,1764044,unknown
Gyaase_Meeting_2nd_July_2024 (942).wav,wav,WAV,PCM_16,2,44100,10,1764044,unknown
Gyaase_Meeting_2nd_July_2024 (943).wav,wav,WAV,PCM_16,2,44100,10,1764044,unknown
Gyaase_Meeting_2nd_July_2024 (944).wav,wav,WAV,PCM_16,2,44100,10,1764044,unknown
Gyaase_Meeting_2nd_July_2024 (945).wav,wav,WAV,PCM_16,2,44100,10,1764044,unknown
Gyaase_Meeting_2nd_July_2024 (946).wav,wav,WAV,PCM_16,2,44100,10,1764044,unknown
Gyaase_Meeting_2nd_July_2024 (947).wav,wav,WAV,PCM_16,2,44100,10,1764044,unknown
Gyaase_Meeting_2nd_July_2024 (948).wav,wav,WAV,PCM_16,2,44100,10,1764044,unknown
Gyaase_Meeting_2nd_July_2024 (949).wav,wav,WAV,PCM_16,2,44100,10,1764044,unknown
Gyaase_Meeting_2nd_July_2024 (95).wav,wav,WAV,PCM_16,2,44100,10,1764044,unknown
Gyaase_Meeting_2nd_July_2024 (950).wav,wav,WAV,PCM_16,2,44100,10,1764044,unknown
Gyaase_Meeting_2nd_July_2024 (951).wav,wav,WAV,PCM_16,2,44100,10,1764044,unknown
Gyaase_Meeting_2nd_July_2024 (952).wav,wav,WAV,PCM_16,2,44100,10,1764044,unknown
Gyaase_Meeting_2nd_July_2024 (953).wav,wav,WAV,PCM_16,2,44100,10,1764044,unknown
Gyaase_Meeting_2nd_July_2024 (954).wav,wav,WAV,PCM_16,2,44100,10,1764044,unknown
Gyaase_Meeting_2nd_July_2024 (955).wav,wav,WAV,PCM_16,2,44100,10,1764044,unknown
Gyaase_Meeting_2nd_July_2024 (956).wav,wav,WAV,PCM_16,2,44100,10,1764044,unknown
Gyaase_Meeting_2nd_July_2024 (957).wav,wav,WAV,PCM_16,2,44100,10,1764044,unknown
Gyaase_Meeting_2nd_July_2024 (958).wav,wav,WAV,PCM_16,2,44100,10,1764044,unknown
Gyaase_Meeting_2nd_July_2024 (959).wav,wav,WAV,PCM_16,2,44100,10,1764044,unknown
Gyaase_Meeting_2nd_July_2024 (96).wav,wav,WAV,PCM_16,2,44100,10,1764044,unknown
Gyaase_Meeting_2nd_July_2024 (960).wav,wav,WAV,PCM_16,2,44100,10,1764044,unknown
Gyaase_Meeting_2nd_July_2024 (961).wav,wav,WAV,PCM_16,2,44100,10,1764044,unknown
Gyaase_Meeting_2nd_July_2024 (962).wav,wav,WAV,PCM_16,2,44100,10,1764044,unknown
Gyaase_Meeting_2nd_July_2024 (963).wav,wav,WAV,PCM_16,2,44100,10,1764044,unknown
Gyaase_Meeting_2nd_July_2024 (964).wav,wav,WAV,PCM_16,2,44100,10,1764044,unknown
Gyaase_Meeting_2nd_July_2024 (965).wav,wav,WAV,PCM_16,2,44100,10,1764044,unknown
Gyaase_Meeting_2nd_July_2024 (966).wav,wav,WAV,PCM_16,2,44100,10,1764044,unknown
Gyaase_Meeting_2nd_July_2024 (967).wav,wav,WAV,PCM_16,2,44100,10,1764044,unknown
Gyaase_Meeting_2nd_July_2024 (968).wav,wav,WAV,PCM_16,2,44100,10,1764044,unknown
Gyaase_Meeting_2nd_July_2024 (969).wav,wav,WAV,PCM_16,2,44100,10,1764044,unknown
Gyaase_Meeting_2nd_July_2024 (97).wav,wav,WAV,PCM_16,2,44100,10,1764044,unknown
Gyaase_Meeting_2nd_July_2024 (970).wav,wav,WAV,PCM_16,2,44100,10,1764044,unknown
Gyaase_Meeting_2nd_July_2024 (971).wav,wav,WAV,PCM_16,2,44100,10,1764044,unknown
Gyaase_Meeting_2nd_July_2024 (972).wav,wav,WAV,PCM_16,2,44100,10,1764044,unknown
Gyaase_Meeting_2nd_July_2024 (973).wav,wav,WAV,PCM_16,2,44100,10,1764044,unknown
Gyaase_Meeting_2nd_July_2024 (974).wav,wav,WAV,PCM_16,2,44100,10,1764044,unknown
Gyaase_Meeting_2nd_July_2024 (975).wav,wav,WAV,PCM_16,2,44100,10,1764044,unknown
Gyaase_Meeting_2nd_July_2024 (976).wav,wav,WAV,PCM_16,2,44100,10,1764044,unknown
Gyaase_Meeting_2nd_July_2024 (977).wav,wav,WAV,PCM_16,2,44100,10,1764044,unknown
Gyaase_Meeting_2nd_July_2024 (978).wav,wav,WAV,PCM_16,2,44100,10,1764044,unknown
Gyaase_Meeting_2nd_July_2024 (979).wav,wav,WAV,PCM_16,2,44100,10,1764044,unknown
Gyaase_Meeting_2nd_July_2024 (98).wav,wav,WAV,PCM_16,2,44100,10,1764044,unknown
Gyaase_Meeting_2nd_July_2024 (980).wav,wav,WAV,PCM_16,2,44100,10,1764044,unknown
Gyaase_Meeting_2nd_July_2024 (981).wav,wav,WAV,PCM_16,2,44100,10,1764044,unknown
Gyaase_Meeting_2nd_July_2024 (982).wav,wav,WAV,PCM_16,2,44100,10,1764044,unknown
Gyaase_Meeting_2nd_July_2024 (983).wav,wav,WAV,PCM_16,2,44100,10,1764044,unknown
Gyaase_Meeting_2nd_July_2024 (984).wav,wav,WAV,PCM_16,2,44100,10,1764044,unknown
Gyaase_Meeting_2nd_July_2024 (985).wav,wav,WAV,PCM_16,2,44100,10,1764044,unknown
Gyaase_Meeting_2nd_July_2024 (986).wav,wav,WAV,PCM_16,2,44100,10,1764044,unknown
Gyaase_Meeting_2nd_July_2024 (987).wav,wav,WAV,PCM_16,2,44100,10,1764044,unknown
Gyaase_Meeting_2nd_July_2024 (988).wav,wav,WAV,PCM_16,2,44100,10,1764044,unknown
Gyaase_Meeting_2nd_July_2024 (989).wav,wav,WAV,PCM_16,2,44100,10,1764044,unknown
Gyaase_Meeting_2nd_July_2024 (99).wav,wav,WAV,PCM_16,2,44100,10,1764044,unknown
Gyaase_Meeting_2nd_July_2024 (990).wav,wav,WAV,PCM_16,2,44100,10,1764044,unknown
Gyaase_Meeting_2nd_July_2024 (991).wav,wav,WAV,PCM_16,2,44100,10,1764044,unknown
Gyaase_Meeting_2nd_July_2024 (992).wav,wav,WAV,PCM_16,2,44100,10,1764044,unknown
Gyaase_Meeting_2nd_July_2024 (993).wav,wav,WAV,PCM_16,2,44100,10,1764044,unknown
Gyaase_Meeting_2nd_July_2024 (994).wav,wav,WAV,PCM_16,2,44100,10,1764044,unknown
Gyaase_Meeting_2nd_July_2024 (995).wav,wav,WAV,PCM_16,2,44100,10,1764044,unknown
Gyaase_Meeting_2nd_July_2024 (996).wav,wav,WAV,PCM_16,2,44100,10,1764044,unknown
Gyaase_Meeting_2nd_July_2024 (997).wav,wav,WAV,PCM_16,2,44100,10,1764044,unknown
Gyaase_Meeting_2nd_July_2024 (998).wav,wav,WAV,PCM_16,2,44100,10,1764044,unknown
Gyaase_Meeting_2nd_July_2024 (999).wav,wav,WAV,PCM_16,2,44100,10,1764044,unknown
Gyaase_Meeting_5th_November_2024 (1).wav,wav,WAV,PCM_16,2,44100,10,1764044,unknown
Gyaase_Meeting_5th_November_2024 (10).wav,wav,WAV,PCM_16,2,44100,10,1764044,unknown
Gyaase_Meeting_5th_November_2024 (100).wav,wav,WAV,PCM_16,2,44100,10,1764044,unknown
Gyaase_Meeting_5th_November_2024 (101).wav,wav,WAV,PCM_16,2,44100,10,1764044,unknown
Gyaase_Meeting_5th_November_2024 (102).wav,wav,WAV,PCM_16,2,44100,10,1764044,unknown
Gyaase_Meeting_5th_November_2024 (103).wav,wav,WAV,PCM_16,2,44100,10,1764044,unknown
Gyaase_Meeting_5th_November_2024 (104).wav,wav,WAV,PCM_16,2,44100,10,1764044,unknown
Gyaase_Meeting_5th_November_2024 (105).wav,wav,WAV,PCM_16,2,44100,10,1764044,unknown
Gyaase_Meeting_5th_November_2024 (106).wav,wav,WAV,PCM_16,2,44100,10,1764044,unknown
Gyaase_Meeting_5th_November_2024 (107).wav,wav,WAV,PCM_16,2,44100,10,1764044,unknown
Gyaase_Meeting_5th_November_2024 (108).wav,wav,WAV,PCM_16,2,44100,10,1764044,unknown
Gyaase_Meeting_5th_November_2024 (109).wav,wav,WAV,PCM_16,2,44100,10,1764044,unknown
Gyaase_Meeting_5th_November_2024 (11).wav,wav,WAV,PCM_16,2,44100,10,1764044,unknown
Gyaase_Meeting_5th_November_2024 (110).wav,wav,WAV,PCM_16,2,44100,10,1764044,unknown
Gyaase_Meeting_5th_November_2024 (111).wav,wav,WAV,PCM_16,2,44100,10,1764044,unknown
Gyaase_Meeting_5th_November_2024 (112).wav,wav,WAV,PCM_16,2,44100,10,1764044,unknown
Gyaase_Meeting_5th_November_2024 (113).wav,wav,WAV,PCM_16,2,44100,10,1764044,unknown
Gyaase_Meeting_5th_November_2024 (114).wav,wav,WAV,PCM_16,2,44100,10,1764044,unknown
Gyaase_Meeting_5th_November_2024 (115).wav,wav,WAV,PCM_16,2,44100,10,1764044,unknown
Gyaase_Meeting_5th_November_2024 (116).wav,wav,WAV,PCM_16,2,44100,10,1764044,unknown
Gyaase_Meeting_5th_November_2024 (117).wav,wav,WAV,PCM_16,2,44100,10,1764044,unknown
Gyaase_Meeting_5th_November_2024 (118).wav,wav,WAV,PCM_16,2,44100,10,1764044,unknown
Gyaase_Meeting_5th_November_2024 (119).wav,wav,WAV,PCM_16,2,44100,10,1764044,unknown
Gyaase_Meeting_5th_November_2024 (12).wav,wav,WAV,PCM_16,2,44100,10,1764044,unknown
Gyaase_Meeting_5th_November_2024 (120).wav,wav,WAV,PCM_16,2,44100,10,1764044,unknown
Gyaase_Meeting_5th_November_2024 (121).wav,wav,WAV,PCM_16,2,44100,10,1764044,unknown
Gyaase_Meeting_5th_November_2024 (122).wav,wav,WAV,PCM_16,2,44100,10,1764044,unknown
Gyaase_Meeting_5th_November_2024 (123).wav,wav,WAV,PCM_16,2,44100,10,1764044,unknown
Gyaase_Meeting_5th_November_2024 (124).wav,wav,WAV,PCM_16,2,44100,10,1764044,unknown
Gyaase_Meeting_5th_November_2024 (125).wav,wav,WAV,PCM_16,2,44100,10,1764044,unknown
Gyaase_Meeting_5th_November_2024 (126).wav,wav,WAV,PCM_16,2,44100,10,1764044,unknown
Gyaase_Meeting_5th_November_2024 (127).wav,wav,WAV,PCM_16,2,44100,10,1764044,unknown
Gyaase_Meeting_5th_November_2024 (128).wav,wav,WAV,PCM_16,2,44100,10,1764044,unknown
Gyaase_Meeting_5th_November_2024 (129).wav,wav,WAV,PCM_16,2,44100,10,1764044,unknown
Gyaase_Meeting_5th_November_2024 (13).wav,wav,WAV,PCM_16,2,44100,10,1764044,unknown
Gyaase_Meeting_5th_November_2024 (130).wav,wav,WAV,PCM_16,2,44100,10,1764044,unknown
Gyaase_Meeting_5th_November_2024 (131).wav,wav,WAV,PCM_16,2,44100,10,1764044,unknown
Gyaase_Meeting_5th_November_2024 (132).wav,wav,WAV,PCM_16,2,44100,10,1764044,unknown
Gyaase_Meeting_5th_November_2024 (133).wav,wav,WAV,PCM_16,2,44100,10,1764044,unknown
Gyaase_Meeting_5th_November_2024 (134).wav,wav,WAV,PCM_16,2,44100,10,1764044,unknown
Gyaase_Meeting_5th_November_2024 (135).wav,wav,WAV,PCM_16,2,44100,10,1764044,unknown
Gyaase_Meeting_5th_November_2024 (136).wav,wav,WAV,PCM_16,2,44100,10,1764044,unknown
Gyaase_Meeting_5th_November_2024 (137).wav,wav,WAV,PCM_16,2,44100,10,1764044,unknown
Gyaase_Meeting_5th_November_2024 (138).wav,wav,WAV,PCM_16,2,44100,10,1764044,unknown
Gyaase_Meeting_5th_November_2024 (139).wav,wav,WAV,PCM_16,2,44100,8.270997732,1459048,unknown
Gyaase_Meeting_5th_November_2024 (14).wav,wav,WAV,PCM_16,2,44100,10,1764044,unknown
Gyaase_Meeting_5th_November_2024 (140).wav,wav,WAV,PCM_16,2,44100,10,1764044,unknown
Gyaase_Meeting_5th_November_2024 (141).wav,wav,WAV,PCM_16,2,44100,10,1764044,unknown
Gyaase_Meeting_5th_November_2024 (142).wav,wav,WAV,PCM_16,2,44100,10,1764044,unknown
Gyaase_Meeting_5th_November_2024 (143).wav,wav,WAV,PCM_16,2,44100,10,1764044,unknown
Gyaase_Meeting_5th_November_2024 (144).wav,wav,WAV,PCM_16,2,44100,10,1764044,unknown
Gyaase_Meeting_5th_November_2024 (145).wav,wav,WAV,PCM_16,2,44100,10,1764044,unknown
Gyaase_Meeting_5th_November_2024 (146).wav,wav,WAV,PCM_16,2,44100,10,1764044,unknown
Gyaase_Meeting_5th_November_2024 (147).wav,wav,WAV,PCM_16,2,44100,10,1764044,unknown
Gyaase_Meeting_5th_November_2024 (148).wav,wav,WAV,PCM_16,2,44100,10,1764044,unknown
Gyaase_Meeting_5th_November_2024 (149).wav,wav,WAV,PCM_16,2,44100,10,1764044,unknown
Gyaase_Meeting_5th_November_2024 (15).wav,wav,WAV,PCM_16,2,44100,10,1764044,unknown
Gyaase_Meeting_5th_November_2024 (150).wav,wav,WAV,PCM_16,2,44100,10,1764044,unknown
Gyaase_Meeting_5th_November_2024 (151).wav,wav,WAV,PCM_16,2,44100,10,1764044,unknown
Gyaase_Meeting_5th_November_2024 (152).wav,wav,WAV,PCM_16,2,44100,10,1764044,unknown
Gyaase_Meeting_5th_November_2024 (153).wav,wav,WAV,PCM_16,2,44100,10,1764044,unknown
Gyaase_Meeting_5th_November_2024 (154).wav,wav,WAV,PCM_16,2,44100,10,1764044,unknown
Gyaase_Meeting_5th_November_2024 (155).wav,wav,WAV,PCM_16,2,44100,10,1764044,unknown
Gyaase_Meeting_5th_November_2024 (156).wav,wav,WAV,PCM_16,2,44100,10,1764044,unknown
Gyaase_Meeting_5th_November_2024 (157).wav,wav,WAV,PCM_16,2,44100,10,1764044,unknown
Gyaase_Meeting_5th_November_2024 (158).wav,wav,WAV,PCM_16,2,44100,10,1764044,unknown
Gyaase_Meeting_5th_November_2024 (159).wav,wav,WAV,PCM_16,2,44100,10,1764044,unknown
Gyaase_Meeting_5th_November_2024 (16).wav,wav,WAV,PCM_16,2,44100,10,1764044,unknown
Gyaase_Meeting_5th_November_2024 (160).wav,wav,WAV,PCM_16,2,44100,10,1764044,unknown
Gyaase_Meeting_5th_November_2024 (161).wav,wav,WAV,PCM_16,2,44100,10,1764044,unknown
Gyaase_Meeting_5th_November_2024 (162).wav,wav,WAV,PCM_16,2,44100,10,1764044,unknown
Gyaase_Meeting_5th_November_2024 (163).wav,wav,WAV,PCM_16,2,44100,10,1764044,unknown
Gyaase_Meeting_5th_November_2024 (164).wav,wav,WAV,PCM_16,2,44100,10,1764044,unknown
Gyaase_Meeting_5th_November_2024 (165).wav,wav,WAV,PCM_16,2,44100,10,1764044,unknown
Gyaase_Meeting_5th_November_2024 (166).wav,wav,WAV,PCM_16,2,44100,10,1764044,unknown
Gyaase_Meeting_5th_November_2024 (167).wav,wav,WAV,PCM_16,2,44100,10,1764044,unknown
Gyaase_Meeting_5th_November_2024 (168).wav,wav,WAV,PCM_16,2,44100,10,1764044,unknown
Gyaase_Meeting_5th_November_2024 (169).wav,wav,WAV,PCM_16,2,44100,10,1764044,unknown
Gyaase_Meeting_5th_November_2024 (17).wav,wav,WAV,PCM_16,2,44100,10,1764044,unknown
Gyaase_Meeting_5th_November_2024 (170).wav,wav,WAV,PCM_16,2,44100,10,1764044,unknown
Gyaase_Meeting_5th_November_2024 (171).wav,wav,WAV,PCM_16,2,44100,10,1764044,unknown
Gyaase_Meeting_5th_November_2024 (172).wav,wav,WAV,PCM_16,2,44100,10,1764044,unknown
Gyaase_Meeting_5th_November_2024 (173).wav,wav,WAV,PCM_16,2,44100,10,1764044,unknown
Gyaase_Meeting_5th_November_2024 (174).wav,wav,WAV,PCM_16,2,44100,10,1764044,unknown
Gyaase_Meeting_5th_November_2024 (175).wav,wav,WAV,PCM_16,2,44100,10,1764044,unknown
Gyaase_Meeting_5th_November_2024 (176).wav,wav,WAV,PCM_16,2,44100,10,1764044,unknown
Gyaase_Meeting_5th_November_2024 (177).wav,wav,WAV,PCM_16,2,44100,10,1764044,unknown
Gyaase_Meeting_5th_November_2024 (178).wav,wav,WAV,PCM_16,2,44100,10,1764044,unknown
Gyaase_Meeting_5th_November_2024 (179).wav,wav,WAV,PCM_16,2,44100,10,1764044,unknown
Gyaase_Meeting_5th_November_2024 (18).wav,wav,WAV,PCM_16,2,44100,10,1764044,unknown
Gyaase_Meeting_5th_November_2024 (180).wav,wav,WAV,PCM_16,2,44100,10,1764044,unknown
Gyaase_Meeting_5th_November_2024 (181).wav,wav,WAV,PCM_16,2,44100,10,1764044,unknown
Gyaase_Meeting_5th_November_2024 (182).wav,wav,WAV,PCM_16,2,44100,10,1764044,unknown
Gyaase_Meeting_5th_November_2024 (183).wav,wav,WAV,PCM_16,2,44100,10,1764044,unknown
Gyaase_Meeting_5th_November_2024 (184).wav,wav,WAV,PCM_16,2,44100,10,1764044,unknown
Gyaase_Meeting_5th_November_2024 (185).wav,wav,WAV,PCM_16,2,44100,10,1764044,unknown
Gyaase_Meeting_5th_November_2024 (186).wav,wav,WAV,PCM_16,2,44100,10,1764044,unknown
Gyaase_Meeting_5th_November_2024 (187).wav,wav,WAV,PCM_16,2,44100,10,1764044,unknown
Gyaase_Meeting_5th_November_2024 (188).wav,wav,WAV,PCM_16,2,44100,10,1764044,unknown
Gyaase_Meeting_5th_November_2024 (189).wav,wav,WAV,PCM_16,2,44100,10,1764044,unknown
Gyaase_Meeting_5th_November_2024 (19).wav,wav,WAV,PCM_16,2,44100,10,1764044,unknown
Gyaase_Meeting_5th_November_2024 (190).wav,wav,WAV,PCM_16,2,44100,10,1764044,unknown
Gyaase_Meeting_5th_November_2024 (191).wav,wav,WAV,PCM_16,2,44100,10,1764044,unknown
Gyaase_Meeting_5th_November_2024 (192).wav,wav,WAV,PCM_16,2,44100,10,1764044,unknown
Gyaase_Meeting_5th_November_2024 (193).wav,wav,WAV,PCM_16,2,44100,10,1764044,unknown
Gyaase_Meeting_5th_November_2024 (194).wav,wav,WAV,PCM_16,2,44100,10,1764044,unknown
Gyaase_Meeting_5th_November_2024 (195).wav,wav,WAV,PCM_16,2,44100,10,1764044,unknown
Gyaase_Meeting_5th_November_2024 (196).wav,wav,WAV,PCM_16,2,44100,10,1764044,unknown
Gyaase_Meeting_5th_November_2024 (197).wav,wav,WAV,PCM_16,2,44100,10,1764044,unknown
Gyaase_Meeting_5th_November_2024 (198).wav,wav,WAV,PCM_16,2,44100,10,1764044,unknown
Gyaase_Meeting_5th_November_2024 (199).wav,wav,WAV,PCM_16,2,44100,10,1764044,unknown
Gyaase_Meeting_5th_November_2024 (2).wav,wav,WAV,PCM_16,2,44100,10,1764044,unknown
Gyaase_Meeting_5th_November_2024 (20).wav,wav,WAV,PCM_16,2,44100,10,1764044,unknown
Gyaase_Meeting_5th_November_2024 (200).wav,wav,WAV,PCM_16,2,44100,10,1764044,unknown
Gyaase_Meeting_5th_November_2024 (201).wav,wav,WAV,PCM_16,2,44100,10,1764044,unknown
Gyaase_Meeting_5th_November_2024 (202).wav,wav,WAV,PCM_16,2,44100,10,1764044,unknown
Gyaase_Meeting_5th_November_2024 (203).wav,wav,WAV,PCM_16,2,44100,10,1764044,unknown
Gyaase_Meeting_5th_November_2024 (204).wav,wav,WAV,PCM_16,2,44100,10,1764044,unknown
Gyaase_Meeting_5th_November_2024 (205).wav,wav,WAV,PCM_16,2,44100,10,1764044,unknown
Gyaase_Meeting_5th_November_2024 (206).wav,wav,WAV,PCM_16,2,44100,10,1764044,unknown
Gyaase_Meeting_5th_November_2024 (207).wav,wav,WAV,PCM_16,2,44100,10,1764044,unknown
Gyaase_Meeting_5th_November_2024 (208).wav,wav,WAV,PCM_16,2,44100,10,1764044,unknown
Gyaase_Meeting_5th_November_2024 (209).wav,wav,WAV,PCM_16,2,44100,10,1764044,unknown
Gyaase_Meeting_5th_November_2024 (21).wav,wav,WAV,PCM_16,2,44100,10,1764044,unknown
Gyaase_Meeting_5th_November_2024 (210).wav,wav,WAV,PCM_16,2,44100,10,1764044,unknown
Gyaase_Meeting_5th_November_2024 (211).wav,wav,WAV,PCM_16,2,44100,10,1764044,unknown
Gyaase_Meeting_5th_November_2024 (212).wav,wav,WAV,PCM_16,2,44100,10,1764044,unknown
Gyaase_Meeting_5th_November_2024 (213).wav,wav,WAV,PCM_16,2,44100,10,1764044,unknown
Gyaase_Meeting_5th_November_2024 (214).wav,wav,WAV,PCM_16,2,44100,10,1764044,unknown
Gyaase_Meeting_5th_November_2024 (215).wav,wav,WAV,PCM_16,2,44100,10,1764044,unknown
Gyaase_Meeting_5th_November_2024 (216).wav,wav,WAV,PCM_16,2,44100,10,1764044,unknown
Gyaase_Meeting_5th_November_2024 (217).wav,wav,WAV,PCM_16,2,44100,10,1764044,unknown
Gyaase_Meeting_5th_November_2024 (218).wav,wav,WAV,PCM_16,2,44100,10,1764044,unknown
Gyaase_Meeting_5th_November_2024 (219).wav,wav,WAV,PCM_16,2,44100,10,1764044,unknown
Gyaase_Meeting_5th_November_2024 (22).wav,wav,WAV,PCM_16,2,44100,10,1764044,unknown
Gyaase_Meeting_5th_November_2024 (220).wav,wav,WAV,PCM_16,2,44100,10,1764044,unknown
Gyaase_Meeting_5th_November_2024 (221).wav,wav,WAV,PCM_16,2,44100,10,1764044,unknown
Gyaase_Meeting_5th_November_2024 (222).wav,wav,WAV,PCM_16,2,44100,10,1764044,unknown
Gyaase_Meeting_5th_November_2024 (223).wav,wav,WAV,PCM_16,2,44100,10,1764044,unknown
Gyaase_Meeting_5th_November_2024 (224).wav,wav,WAV,PCM_16,2,44100,10,1764044,unknown
Gyaase_Meeting_5th_November_2024 (225).wav,wav,WAV,PCM_16,2,44100,10,1764044,unknown
Gyaase_Meeting_5th_November_2024 (226).wav,wav,WAV,PCM_16,2,44100,10,1764044,unknown
Gyaase_Meeting_5th_November_2024 (227).wav,wav,WAV,PCM_16,2,44100,10,1764044,unknown
Gyaase_Meeting_5th_November_2024 (228).wav,wav,WAV,PCM_16,2,44100,10,1764044,unknown
Gyaase_Meeting_5th_November_2024 (229).wav,wav,WAV,PCM_16,2,44100,10,1764044,unknown
Gyaase_Meeting_5th_November_2024 (23).wav,wav,WAV,PCM_16,2,44100,10,1764044,unknown
Gyaase_Meeting_5th_November_2024 (230).wav,wav,WAV,PCM_16,2,44100,10,1764044,unknown
Gyaase_Meeting_5th_November_2024 (231).wav,wav,WAV,PCM_16,2,44100,10,1764044,unknown
Gyaase_Meeting_5th_November_2024 (232).wav,wav,WAV,PCM_16,2,44100,10,1764044,unknown
Gyaase_Meeting_5th_November_2024 (233).wav,wav,WAV,PCM_16,2,44100,10,1764044,unknown
Gyaase_Meeting_5th_November_2024 (234).wav,wav,WAV,PCM_16,2,44100,10,1764044,unknown
Gyaase_Meeting_5th_November_2024 (235).wav,wav,WAV,PCM_16,2,44100,10,1764044,unknown
Gyaase_Meeting_5th_November_2024 (236).wav,wav,WAV,PCM_16,2,44100,10,1764044,unknown
Gyaase_Meeting_5th_November_2024 (237).wav,wav,WAV,PCM_16,2,44100,10,1764044,unknown
Gyaase_Meeting_5th_November_2024 (238).wav,wav,WAV,PCM_16,2,44100,10,1764044,unknown
Gyaase_Meeting_5th_November_2024 (239).wav,wav,WAV,PCM_16,2,44100,10,1764044,unknown
Gyaase_Meeting_5th_November_2024 (24).wav,wav,WAV,PCM_16,2,44100,10,1764044,unknown
Gyaase_Meeting_5th_November_2024 (240).wav,wav,WAV,PCM_16,2,44100,10,1764044,unknown
Gyaase_Meeting_5th_November_2024 (241).wav,wav,WAV,PCM_16,2,44100,10,1764044,unknown
Gyaase_Meeting_5th_November_2024 (242).wav,wav,WAV,PCM_16,2,44100,10,1764044,unknown
Gyaase_Meeting_5th_November_2024 (243).wav,wav,WAV,PCM_16,2,44100,10,1764044,unknown
Gyaase_Meeting_5th_November_2024 (244).wav,wav,WAV,PCM_16,2,44100,10,1764044,unknown
Gyaase_Meeting_5th_November_2024 (245).wav,wav,WAV,PCM_16,2,44100,10,1764044,unknown
Gyaase_Meeting_5th_November_2024 (246).wav,wav,WAV,PCM_16,2,44100,10,1764044,unknown
Gyaase_Meeting_5th_November_2024 (247).wav,wav,WAV,PCM_16,2,44100,10,1764044,unknown
Gyaase_Meeting_5th_November_2024 (248).wav,wav,WAV,PCM_16,2,44100,10,1764044,unknown
Gyaase_Meeting_5th_November_2024 (249).wav,wav,WAV,PCM_16,2,44100,10,1764044,unknown
Gyaase_Meeting_5th_November_2024 (25).wav,wav,WAV,PCM_16,2,44100,10,1764044,unknown
Gyaase_Meeting_5th_November_2024 (250).wav,wav,WAV,PCM_16,2,44100,10,1764044,unknown
Gyaase_Meeting_5th_November_2024 (251).wav,wav,WAV,PCM_16,2,44100,10,1764044,unknown
Gyaase_Meeting_5th_November_2024 (252).wav,wav,WAV,PCM_16,2,44100,10,1764044,unknown
Gyaase_Meeting_5th_November_2024 (253).wav,wav,WAV,PCM_16,2,44100,10,1764044,unknown
Gyaase_Meeting_5th_November_2024 (254).wav,wav,WAV,PCM_16,2,44100,10,1764044,unknown
Gyaase_Meeting_5th_November_2024 (255).wav,wav,WAV,PCM_16,2,44100,10,1764044,unknown
Gyaase_Meeting_5th_November_2024 (256).wav,wav,WAV,PCM_16,2,44100,10,1764044,unknown
Gyaase_Meeting_5th_November_2024 (257).wav,wav,WAV,PCM_16,2,44100,10,1764044,unknown
Gyaase_Meeting_5th_November_2024 (258).wav,wav,WAV,PCM_16,2,44100,10,1764044,unknown
Gyaase_Meeting_5th_November_2024 (259).wav,wav,WAV,PCM_16,2,44100,10,1764044,unknown
Gyaase_Meeting_5th_November_2024 (26).wav,wav,WAV,PCM_16,2,44100,10,1764044,unknown
Gyaase_Meeting_5th_November_2024 (260).wav,wav,WAV,PCM_16,2,44100,10,1764044,unknown
Gyaase_Meeting_5th_November_2024 (261).wav,wav,WAV,PCM_16,2,44100,10,1764044,unknown
Gyaase_Meeting_5th_November_2024 (262).wav,wav,WAV,PCM_16,2,44100,10,1764044,unknown
Gyaase_Meeting_5th_November_2024 (263).wav,wav,WAV,PCM_16,2,44100,10,1764044,unknown
Gyaase_Meeting_5th_November_2024 (264).wav,wav,WAV,PCM_16,2,44100,10,1764044,unknown
Gyaase_Meeting_5th_November_2024 (265).wav,wav,WAV,PCM_16,2,44100,10,1764044,unknown
Gyaase_Meeting_5th_November_2024 (266).wav,wav,WAV,PCM_16,2,44100,10,1764044,unknown
Gyaase_Meeting_5th_November_2024 (267).wav,wav,WAV,PCM_16,2,44100,10,1764044,unknown
Gyaase_Meeting_5th_November_2024 (268).wav,wav,WAV,PCM_16,2,44100,10,1764044,unknown
Gyaase_Meeting_5th_November_2024 (269).wav,wav,WAV,PCM_16,2,44100,10,1764044,unknown
Gyaase_Meeting_5th_November_2024 (27).wav,wav,WAV,PCM_16,2,44100,10,1764044,unknown
Gyaase_Meeting_5th_November_2024 (270).wav,wav,WAV,PCM_16,2,44100,10,1764044,unknown
Gyaase_Meeting_5th_November_2024 (271).wav,wav,WAV,PCM_16,2,44100,10,1764044,unknown
Gyaase_Meeting_5th_November_2024 (28).wav,wav,WAV,PCM_16,2,44100,10,1764044,unknown
Gyaase_Meeting_5th_November_2024 (29).wav,wav,WAV,PCM_16,2,44100,10,1764044,unknown
Gyaase_Meeting_5th_November_2024 (3).wav,wav,WAV,PCM_16,2,44100,10,1764044,unknown
Gyaase_Meeting_5th_November_2024 (30).wav,wav,WAV,PCM_16,2,44100,10,1764044,unknown
Gyaase_Meeting_5th_November_2024 (31).wav,wav,WAV,PCM_16,2,44100,10,1764044,unknown
Gyaase_Meeting_5th_November_2024 (32).wav,wav,WAV,PCM_16,2,44100,10,1764044,unknown
Gyaase_Meeting_5th_November_2024 (33).wav,wav,WAV,PCM_16,2,44100,10,1764044,unknown
Gyaase_Meeting_5th_November_2024 (34).wav,wav,WAV,PCM_16,2,44100,10,1764044,unknown
Gyaase_Meeting_5th_November_2024 (35).wav,wav,WAV,PCM_16,2,44100,10,1764044,unknown
Gyaase_Meeting_5th_November_2024 (36).wav,wav,WAV,PCM_16,2,44100,10,1764044,unknown
Gyaase_Meeting_5th_November_2024 (37).wav,wav,WAV,PCM_16,2,44100,10,1764044,unknown
Gyaase_Meeting_5th_November_2024 (38).wav,wav,WAV,PCM_16,2,44100,10,1764044,unknown
Gyaase_Meeting_5th_November_2024 (39).wav,wav,WAV,PCM_16,2,44100,10,1764044,unknown
Gyaase_Meeting_5th_November_2024 (4).wav,wav,WAV,PCM_16,2,44100,10,1764044,unknown
Gyaase_Meeting_5th_November_2024 (40).wav,wav,WAV,PCM_16,2,44100,10,1764044,unknown
Gyaase_Meeting_5th_November_2024 (41).wav,wav,WAV,PCM_16,2,44100,10,1764044,unknown
Gyaase_Meeting_5th_November_2024 (42).wav,wav,WAV,PCM_16,2,44100,10,1764044,unknown
Gyaase_Meeting_5th_November_2024 (43).wav,wav,WAV,PCM_16,2,44100,10,1764044,unknown
Gyaase_Meeting_5th_November_2024 (44).wav,wav,WAV,PCM_16,2,44100,10,1764044,unknown
Gyaase_Meeting_5th_November_2024 (45).wav,wav,WAV,PCM_16,2,44100,10,1764044,unknown
Gyaase_Meeting_5th_November_2024 (46).wav,wav,WAV,PCM_16,2,44100,10,1764044,unknown
Gyaase_Meeting_5th_November_2024 (47).wav,wav,WAV,PCM_16,2,44100,10,1764044,unknown
Gyaase_Meeting_5th_November_2024 (48).wav,wav,WAV,PCM_16,2,44100,10,1764044,unknown
Gyaase_Meeting_5th_November_2024 (49).wav,wav,WAV,PCM_16,2,44100,10,1764044,unknown
Gyaase_Meeting_5th_November_2024 (5).wav,wav,WAV,PCM_16,2,44100,10,1764044,unknown
Gyaase_Meeting_5th_November_2024 (50).wav,wav,WAV,PCM_16,2,44100,10,1764044,unknown
Gyaase_Meeting_5th_November_2024 (51).wav,wav,WAV,PCM_16,2,44100,10,1764044,unknown
Gyaase_Meeting_5th_November_2024 (52).wav,wav,WAV,PCM_16,2,44100,10,1764044,unknown
Gyaase_Meeting_5th_November_2024 (53).wav,wav,WAV,PCM_16,2,44100,10,1764044,unknown
Gyaase_Meeting_5th_November_2024 (54).wav,wav,WAV,PCM_16,2,44100,10,1764044,unknown
Gyaase_Meeting_5th_November_2024 (55).wav,wav,WAV,PCM_16,2,44100,10,1764044,unknown
Gyaase_Meeting_5th_November_2024 (56).wav,wav,WAV,PCM_16,2,44100,10,1764044,unknown
Gyaase_Meeting_5th_November_2024 (57).wav,wav,WAV,PCM_16,2,44100,10,1764044,unknown
Gyaase_Meeting_5th_November_2024 (58).wav,wav,WAV,PCM_16,2,44100,10,1764044,unknown
Gyaase_Meeting_5th_November_2024 (59).wav,wav,WAV,PCM_16,2,44100,10,1764044,unknown
Gyaase_Meeting_5th_November_2024 (6).wav,wav,WAV,PCM_16,2,44100,10,1764044,unknown
Gyaase_Meeting_5th_November_2024 (60).wav,wav,WAV,PCM_16,2,44100,10,1764044,unknown
Gyaase_Meeting_5th_November_2024 (61).wav,wav,WAV,PCM_16,2,44100,10,1764044,unknown
Gyaase_Meeting_5th_November_2024 (62).wav,wav,WAV,PCM_16,2,44100,10,1764044,unknown
Gyaase_Meeting_5th_November_2024 (63).wav,wav,WAV,PCM_16,2,44100,10,1764044,unknown
Gyaase_Meeting_5th_November_2024 (64).wav,wav,WAV,PCM_16,2,44100,10,1764044,unknown
Gyaase_Meeting_5th_November_2024 (65).wav,wav,WAV,PCM_16,2,44100,10,1764044,unknown
Gyaase_Meeting_5th_November_2024 (66).wav,wav,WAV,PCM_16,2,44100,10,1764044,unknown
Gyaase_Meeting_5th_November_2024 (67).wav,wav,WAV,PCM_16,2,44100,10,1764044,unknown
Gyaase_Meeting_5th_November_2024 (68).wav,wav,WAV,PCM_16,2,44100,10,1764044,unknown
Gyaase_Meeting_5th_November_2024 (69).wav,wav,WAV,PCM_16,2,44100,10,1764044,unknown
Gyaase_Meeting_5th_November_2024 (7).wav,wav,WAV,PCM_16,2,44100,10,1764044,unknown
Gyaase_Meeting_5th_November_2024 (70).wav,wav,WAV,PCM_16,2,44100,10,1764044,unknown
Gyaase_Meeting_5th_November_2024 (71).wav,wav,WAV,PCM_16,2,44100,10,1764044,unknown
Gyaase_Meeting_5th_November_2024 (72).wav,wav,WAV,PCM_16,2,44100,10,1764044,unknown
Gyaase_Meeting_5th_November_2024 (73).wav,wav,WAV,PCM_16,2,44100,10,1764044,unknown
Gyaase_Meeting_5th_November_2024 (74).wav,wav,WAV,PCM_16,2,44100,10,1764044,unknown
Gyaase_Meeting_5th_November_2024 (75).wav,wav,WAV,PCM_16,2,44100,10,1764044,unknown
Gyaase_Meeting_5th_November_2024 (76).wav,wav,WAV,PCM_16,2,44100,10,1764044,unknown
Gyaase_Meeting_5th_November_2024 (77).wav,wav,WAV,PCM_16,2,44100,10,1764044,unknown
Gyaase_Meeting_5th_November_2024 (78).wav,wav,WAV,PCM_16,2,44100,10,1764044,unknown
Gyaase_Meeting_5th_November_2024 (79).wav,wav,WAV,PCM_16,2,44100,10,1764044,unknown
Gyaase_Meeting_5th_November_2024 (8).wav,wav,WAV,PCM_16,2,44100,10,1764044,unknown
Gyaase_Meeting_5th_November_2024 (80).wav,wav,WAV,PCM_16,2,44100,10,1764044,unknown
Gyaase_Meeting_5th_November_2024 (81).wav,wav,WAV,PCM_16,2,44100,10,1764044,unknown
Gyaase_Meeting_5th_November_2024 (82).wav,wav,WAV,PCM_16,2,44100,10,1764044,unknown
Gyaase_Meeting_5th_November_2024 (83).wav,wav,WAV,PCM_16,2,44100,10,1764044,unknown
Gyaase_Meeting_5th_November_2024 (84).wav,wav,WAV,PCM_16,2,44100,10,1764044,unknown
Gyaase_Meeting_5th_November_2024 (85).wav,wav,WAV,PCM_16,2,44100,10,1764044,unknown
Gyaase_Meeting_5th_November_2024 (86).wav,wav,WAV,PCM_16,2,44100,10,1764044,unknown
Gyaase_Meeting_5th_November_2024 (87).wav,wav,WAV,PCM_16,2,44100,10,1764044,unknown
Gyaase_Meeting_5th_November_2024 (88).wav,wav,WAV,PCM_16,2,44100,10,1764044,unknown
Gyaase_Meeting_5th_November_2024 (89).wav,wav,WAV,PCM_16,2,44100,10,1764044,unknown
Gyaase_Meeting_5th_November_2024 (9).wav,wav,WAV,PCM_16,2,44100,10,1764044,unknown
Gyaase_Meeting_5th_November_2024 (90).wav,wav,WAV,PCM_16,2,44100,10,1764044,unknown
Gyaase_Meeting_5th_November_2024 (91).wav,wav,WAV,PCM_16,2,44100,10,1764044,unknown
Gyaase_Meeting_5th_November_2024 (92).wav,wav,WAV,PCM_16,2,44100,10,1764044,unknown
Gyaase_Meeting_5th_November_2024 (93).wav,wav,WAV,PCM_16,2,44100,10,1764044,unknown
Gyaase_Meeting_5th_November_2024 (94).wav,wav,WAV,PCM_16,2,44100,10,1764044,unknown
Gyaase_Meeting_5th_November_2024 (95).wav,wav,WAV,PCM_16,2,44100,10,1764044,unknown
Gyaase_Meeting_5th_November_2024 (96).wav,wav,WAV,PCM_16,2,44100,10,1764044,unknown
Gyaase_Meeting_5th_November_2024 (97).wav,wav,WAV,PCM_16,2,44100,10,1764044,unknown
Gyaase_Meeting_5th_November_2024 (98).wav,wav,WAV,PCM_16,2,44100,10,1764044,unknown
Gyaase_Meeting_5th_November_2024 (99).wav,wav,WAV,PCM_16,2,44100,10,1764044,unknown
Mpentuase_vs_Bomso (1).wav,wav,WAV,PCM_16,2,48000,10,1920044,unknown
Mpentuase_vs_Bomso (10).wav,wav,WAV,PCM_16,2,48000,10,1920044,unknown
Mpentuase_vs_Bomso (100).wav,wav,WAV,PCM_16,2,48000,10,1920044,unknown
Mpentuase_vs_Bomso (101).wav,wav,WAV,PCM_16,2,48000,10,1920044,unknown
Mpentuase_vs_Bomso (102).wav,wav,WAV,PCM_16,2,48000,10,1920044,unknown
Mpentuase_vs_Bomso (103).wav,wav,WAV,PCM_16,2,48000,10,1920044,unknown
Mpentuase_vs_Bomso (104).wav,wav,WAV,PCM_16,2,48000,10,1920044,unknown
Mpentuase_vs_Bomso (105).wav,wav,WAV,PCM_16,2,48000,10,1920044,unknown
Mpentuase_vs_Bomso (106).wav,wav,WAV,PCM_16,2,48000,10,1920044,unknown
Mpentuase_vs_Bomso (107).wav,wav,WAV,PCM_16,2,48000,10,1920044,unknown
Mpentuase_vs_Bomso (108).wav,wav,WAV,PCM_16,2,48000,10,1920044,unknown
Mpentuase_vs_Bomso (109).wav,wav,WAV,PCM_16,2,48000,10,1920044,unknown
Mpentuase_vs_Bomso (11).wav,wav,WAV,PCM_16,2,48000,10,1920044,unknown
Mpentuase_vs_Bomso (110).wav,wav,WAV,PCM_16,2,48000,10,1920044,unknown
Mpentuase_vs_Bomso (111).wav,wav,WAV,PCM_16,2,48000,10,1920044,unknown
Mpentuase_vs_Bomso (112).wav,wav,WAV,PCM_16,2,48000,10,1920044,unknown
Mpentuase_vs_Bomso (113).wav,wav,WAV,PCM_16,2,48000,10,1920044,unknown
Mpentuase_vs_Bomso (114).wav,wav,WAV,PCM_16,2,48000,10,1920044,unknown
Mpentuase_vs_Bomso (115).wav,wav,WAV,PCM_16,2,48000,10,1920044,unknown
Mpentuase_vs_Bomso (116).wav,wav,WAV,PCM_16,2,48000,10,1920044,unknown
Mpentuase_vs_Bomso (117).wav,wav,WAV,PCM_16,2,48000,10,1920044,unknown
Mpentuase_vs_Bomso (118).wav,wav,WAV,PCM_16,2,48000,10,1920044,unknown
Mpentuase_vs_Bomso (119).wav,wav,WAV,PCM_16,2,48000,10,1920044,unknown
Mpentuase_vs_Bomso (12).wav,wav,WAV,PCM_16,2,48000,10,1920044,unknown
Mpentuase_vs_Bomso (120).wav,wav,WAV,PCM_16,2,48000,10,1920044,unknown
Mpentuase_vs_Bomso (121).wav,wav,WAV,PCM_16,2,48000,10,1920044,unknown
Mpentuase_vs_Bomso (122).wav,wav,WAV,PCM_16,2,48000,10,1920044,unknown
Mpentuase_vs_Bomso (123).wav,wav,WAV,PCM_16,2,48000,10,1920044,unknown
Mpentuase_vs_Bomso (124).wav,wav,WAV,PCM_16,2,48000,10,1920044,unknown
Mpentuase_vs_Bomso (125).wav,wav,WAV,PCM_16,2,48000,10,1920044,unknown
Mpentuase_vs_Bomso (126).wav,wav,WAV,PCM_16,2,48000,10,1920044,unknown
Mpentuase_vs_Bomso (127).wav,wav,WAV,PCM_16,2,48000,10,1920044,unknown
Mpentuase_vs_Bomso (128).wav,wav,WAV,PCM_16,2,48000,10,1920044,unknown
Mpentuase_vs_Bomso (129).wav,wav,WAV,PCM_16,2,48000,10,1920044,unknown
Mpentuase_vs_Bomso (13).wav,wav,WAV,PCM_16,2,48000,10,1920044,unknown
Mpentuase_vs_Bomso (130).wav,wav,WAV,PCM_16,2,48000,10,1920044,unknown
Mpentuase_vs_Bomso (131).wav,wav,WAV,PCM_16,2,48000,10,1920044,unknown
Mpentuase_vs_Bomso (132).wav,wav,WAV,PCM_16,2,48000,10,1920044,unknown
Mpentuase_vs_Bomso (133).wav,wav,WAV,PCM_16,2,48000,10,1920044,unknown
Mpentuase_vs_Bomso (134).wav,wav,WAV,PCM_16,2,48000,10,1920044,unknown
Mpentuase_vs_Bomso (135).wav,wav,WAV,PCM_16,2,48000,10,1920044,unknown
Mpentuase_vs_Bomso (136).wav,wav,WAV,PCM_16,2,48000,10,1920044,unknown
Mpentuase_vs_Bomso (137).wav,wav,WAV,PCM_16,2,48000,10,1920044,unknown
Mpentuase_vs_Bomso (138).wav,wav,WAV,PCM_16,2,48000,10,1920044,unknown
Mpentuase_vs_Bomso (139).wav,wav,WAV,PCM_16,2,48000,10,1920044,unknown
Mpentuase_vs_Bomso (14).wav,wav,WAV,PCM_16,2,48000,10,1920044,unknown
Mpentuase_vs_Bomso (140).wav,wav,WAV,PCM_16,2,48000,10,1920044,unknown
Mpentuase_vs_Bomso (141).wav,wav,WAV,PCM_16,2,48000,10,1920044,unknown
Mpentuase_vs_Bomso (142).wav,wav,WAV,PCM_16,2,48000,10,1920044,unknown
Mpentuase_vs_Bomso (143).wav,wav,WAV,PCM_16,2,48000,10,1920044,unknown
Mpentuase_vs_Bomso (144).wav,wav,WAV,PCM_16,2,48000,10,1920044,unknown
Mpentuase_vs_Bomso (145).wav,wav,WAV,PCM_16,2,48000,10,1920044,unknown
Mpentuase_vs_Bomso (146).wav,wav,WAV,PCM_16,2,48000,10,1920044,unknown
Mpentuase_vs_Bomso (147).wav,wav,WAV,PCM_16,2,48000,10,1920044,unknown
Mpentuase_vs_Bomso (148).wav,wav,WAV,PCM_16,2,48000,10,1920044,unknown
Mpentuase_vs_Bomso (149).wav,wav,WAV,PCM_16,2,48000,10,1920044,unknown
Mpentuase_vs_Bomso (15).wav,wav,WAV,PCM_16,2,48000,10,1920044,unknown
Mpentuase_vs_Bomso (150).wav,wav,WAV,PCM_16,2,48000,10,1920044,unknown
Mpentuase_vs_Bomso (151).wav,wav,WAV,PCM_16,2,48000,10,1920044,unknown
Mpentuase_vs_Bomso (152).wav,wav,WAV,PCM_16,2,48000,10,1920044,unknown
Mpentuase_vs_Bomso (153).wav,wav,WAV,PCM_16,2,48000,10,1920044,unknown
Mpentuase_vs_Bomso (154).wav,wav,WAV,PCM_16,2,48000,10,1920044,unknown
Mpentuase_vs_Bomso (155).wav,wav,WAV,PCM_16,2,48000,10,1920044,unknown
Mpentuase_vs_Bomso (156).wav,wav,WAV,PCM_16,2,48000,10,1920044,unknown
Mpentuase_vs_Bomso (157).wav,wav,WAV,PCM_16,2,48000,10,1920044,unknown
Mpentuase_vs_Bomso (158).wav,wav,WAV,PCM_16,2,48000,10,1920044,unknown
Mpentuase_vs_Bomso (159).wav,wav,WAV,PCM_16,2,48000,10,1920044,unknown
Mpentuase_vs_Bomso (16).wav,wav,WAV,PCM_16,2,48000,10,1920044,unknown
Mpentuase_vs_Bomso (160).wav,wav,WAV,PCM_16,2,48000,10,1920044,unknown
Mpentuase_vs_Bomso (161).wav,wav,WAV,PCM_16,2,48000,10,1920044,unknown
Mpentuase_vs_Bomso (162).wav,wav,WAV,PCM_16,2,48000,10,1920044,unknown
Mpentuase_vs_Bomso (163).wav,wav,WAV,PCM_16,2,48000,10,1920044,unknown
Mpentuase_vs_Bomso (164).wav,wav,WAV,PCM_16,2,48000,10,1920044,unknown
Mpentuase_vs_Bomso (165).wav,wav,WAV,PCM_16,2,48000,10,1920044,unknown
Mpentuase_vs_Bomso (166).wav,wav,WAV,PCM_16,2,48000,10,1920044,unknown
Mpentuase_vs_Bomso (167).wav,wav,WAV,PCM_16,2,48000,10,1920044,unknown
Mpentuase_vs_Bomso (168).wav,wav,WAV,PCM_16,2,48000,10,1920044,unknown
Mpentuase_vs_Bomso (169).wav,wav,WAV,PCM_16,2,48000,10,1920044,unknown
Mpentuase_vs_Bomso (17).wav,wav,WAV,PCM_16,2,48000,10,1920044,unknown
Mpentuase_vs_Bomso (170).wav,wav,WAV,PCM_16,2,48000,10,1920044,unknown
Mpentuase_vs_Bomso (171).wav,wav,WAV,PCM_16,2,48000,10,1920044,unknown
Mpentuase_vs_Bomso (172).wav,wav,WAV,PCM_16,2,48000,10,1920044,unknown
Mpentuase_vs_Bomso (173).wav,wav,WAV,PCM_16,2,48000,10,1920044,unknown
Mpentuase_vs_Bomso (174).wav,wav,WAV,PCM_16,2,48000,10,1920044,unknown
Mpentuase_vs_Bomso (175).wav,wav,WAV,PCM_16,2,48000,10,1920044,unknown
Mpentuase_vs_Bomso (176).wav,wav,WAV,PCM_16,2,48000,10,1920044,unknown
Mpentuase_vs_Bomso (177).wav,wav,WAV,PCM_16,2,48000,10,1920044,unknown
Mpentuase_vs_Bomso (178).wav,wav,WAV,PCM_16,2,48000,10,1920044,unknown
Mpentuase_vs_Bomso (179).wav,wav,WAV,PCM_16,2,48000,10,1920044,unknown
Mpentuase_vs_Bomso (18).wav,wav,WAV,PCM_16,2,48000,10,1920044,unknown
Mpentuase_vs_Bomso (180).wav,wav,WAV,PCM_16,2,48000,10,1920044,unknown
Mpentuase_vs_Bomso (181).wav,wav,WAV,PCM_16,2,48000,10,1920044,unknown
Mpentuase_vs_Bomso (182).wav,wav,WAV,PCM_16,2,48000,10,1920044,unknown
Mpentuase_vs_Bomso (183).wav,wav,WAV,PCM_16,2,48000,10,1920044,unknown
Mpentuase_vs_Bomso (184).wav,wav,WAV,PCM_16,2,48000,10,1920044,unknown
Mpentuase_vs_Bomso (185).wav,wav,WAV,PCM_16,2,48000,10,1920044,unknown
Mpentuase_vs_Bomso (186).wav,wav,WAV,PCM_16,2,48000,10,1920044,unknown
Mpentuase_vs_Bomso (187).wav,wav,WAV,PCM_16,2,48000,10,1920044,unknown
Mpentuase_vs_Bomso (188).wav,wav,WAV,PCM_16,2,48000,10,1920044,unknown
Mpentuase_vs_Bomso (189).wav,wav,WAV,PCM_16,2,48000,10,1920044,unknown
Mpentuase_vs_Bomso (19).wav,wav,WAV,PCM_16,2,48000,10,1920044,unknown
Mpentuase_vs_Bomso (190).wav,wav,WAV,PCM_16,2,48000,10,1920044,unknown
Mpentuase_vs_Bomso (191).wav,wav,WAV,PCM_16,2,48000,10,1920044,unknown
Mpentuase_vs_Bomso (192).wav,wav,WAV,PCM_16,2,48000,10,1920044,unknown
Mpentuase_vs_Bomso (193).wav,wav,WAV,PCM_16,2,48000,10,1920044,unknown
Mpentuase_vs_Bomso (194).wav,wav,WAV,PCM_16,2,48000,10,1920044,unknown
Mpentuase_vs_Bomso (195).wav,wav,WAV,PCM_16,2,48000,10,1920044,unknown
Mpentuase_vs_Bomso (196).wav,wav,WAV,PCM_16,2,48000,10,1920044,unknown
Mpentuase_vs_Bomso (197).wav,wav,WAV,PCM_16,2,48000,10,1920044,unknown
Mpentuase_vs_Bomso (198).wav,wav,WAV,PCM_16,2,48000,10,1920044,unknown
Mpentuase_vs_Bomso (199).wav,wav,WAV,PCM_16,2,48000,10,1920044,unknown
Mpentuase_vs_Bomso (2).wav,wav,WAV,PCM_16,2,48000,10,1920044,unknown
Mpentuase_vs_Bomso (20).wav,wav,WAV,PCM_16,2,48000,10,1920044,unknown
Mpentuase_vs_Bomso (200).wav,wav,WAV,PCM_16,2,48000,10,1920044,unknown
Mpentuase_vs_Bomso (201).wav,wav,WAV,PCM_16,2,48000,10,1920044,unknown
Mpentuase_vs_Bomso (202).wav,wav,WAV,PCM_16,2,48000,10,1920044,unknown
Mpentuase_vs_Bomso (203).wav,wav,WAV,PCM_16,2,48000,10,1920044,unknown
Mpentuase_vs_Bomso (204).wav,wav,WAV,PCM_16,2,48000,10,1920044,unknown
Mpentuase_vs_Bomso (205).wav,wav,WAV,PCM_16,2,48000,10,1920044,unknown
Mpentuase_vs_Bomso (206).wav,wav,WAV,PCM_16,2,48000,10,1920044,unknown
Mpentuase_vs_Bomso (207).wav,wav,WAV,PCM_16,2,48000,10,1920044,unknown
Mpentuase_vs_Bomso (208).wav,wav,WAV,PCM_16,2,48000,10,1920044,unknown
Mpentuase_vs_Bomso (209).wav,wav,WAV,PCM_16,2,48000,10,1920044,unknown
Mpentuase_vs_Bomso (21).wav,wav,WAV,PCM_16,2,48000,10,1920044,unknown
Mpentuase_vs_Bomso (210).wav,wav,WAV,PCM_16,2,48000,10,1920044,unknown
Mpentuase_vs_Bomso (211).wav,wav,WAV,PCM_16,2,48000,10,1920044,unknown
Mpentuase_vs_Bomso (212).wav,wav,WAV,PCM_16,2,48000,10,1920044,unknown
Mpentuase_vs_Bomso (213).wav,wav,WAV,PCM_16,2,48000,10,1920044,unknown
Mpentuase_vs_Bomso (214).wav,wav,WAV,PCM_16,2,48000,10,1920044,unknown
Mpentuase_vs_Bomso (215).wav,wav,WAV,PCM_16,2,48000,10,1920044,unknown
Mpentuase_vs_Bomso (216).wav,wav,WAV,PCM_16,2,48000,10,1920044,unknown
Mpentuase_vs_Bomso (217).wav,wav,WAV,PCM_16,2,48000,10,1920044,unknown
Mpentuase_vs_Bomso (218).wav,wav,WAV,PCM_16,2,48000,10,1920044,unknown
Mpentuase_vs_Bomso (219).wav,wav,WAV,PCM_16,2,48000,10,1920044,unknown
Mpentuase_vs_Bomso (22).wav,wav,WAV,PCM_16,2,48000,10,1920044,unknown
Mpentuase_vs_Bomso (220).wav,wav,WAV,PCM_16,2,48000,10,1920044,unknown
Mpentuase_vs_Bomso (221).wav,wav,WAV,PCM_16,2,48000,10,1920044,unknown
Mpentuase_vs_Bomso (222).wav,wav,WAV,PCM_16,2,48000,10,1920044,unknown
Mpentuase_vs_Bomso (223).wav,wav,WAV,PCM_16,2,48000,10,1920044,unknown
Mpentuase_vs_Bomso (224).wav,wav,WAV,PCM_16,2,48000,10,1920044,unknown
Mpentuase_vs_Bomso (225).wav,wav,WAV,PCM_16,2,48000,10,1920044,unknown
Mpentuase_vs_Bomso (226).wav,wav,WAV,PCM_16,2,48000,10,1920044,unknown
Mpentuase_vs_Bomso (227).wav,wav,WAV,PCM_16,2,48000,10,1920044,unknown
Mpentuase_vs_Bomso (228).wav,wav,WAV,PCM_16,2,48000,10,1920044,unknown
Mpentuase_vs_Bomso (229).wav,wav,WAV,PCM_16,2,48000,10,1920044,unknown
Mpentuase_vs_Bomso (23).wav,wav,WAV,PCM_16,2,48000,10,1920044,unknown
Mpentuase_vs_Bomso (230).wav,wav,WAV,PCM_16,2,48000,10,1920044,unknown
Mpentuase_vs_Bomso (231).wav,wav,WAV,PCM_16,2,48000,10,1920044,unknown
Mpentuase_vs_Bomso (232).wav,wav,WAV,PCM_16,2,48000,10,1920044,unknown
Mpentuase_vs_Bomso (233).wav,wav,WAV,PCM_16,2,48000,10,1920044,unknown
Mpentuase_vs_Bomso (234).wav,wav,WAV,PCM_16,2,48000,10,1920044,unknown
Mpentuase_vs_Bomso (235).wav,wav,WAV,PCM_16,2,48000,10,1920044,unknown
Mpentuase_vs_Bomso (236).wav,wav,WAV,PCM_16,2,48000,10,1920044,unknown
Mpentuase_vs_Bomso (237).wav,wav,WAV,PCM_16,2,48000,10,1920044,unknown
Mpentuase_vs_Bomso (238).wav,wav,WAV,PCM_16,2,48000,10,1920044,unknown
Mpentuase_vs_Bomso (239).wav,wav,WAV,PCM_16,2,48000,10,1920044,unknown
Mpentuase_vs_Bomso (24).wav,wav,WAV,PCM_16,2,48000,10,1920044,unknown
Mpentuase_vs_Bomso (240).wav,wav,WAV,PCM_16,2,48000,10,1920044,unknown
Mpentuase_vs_Bomso (241).wav,wav,WAV,PCM_16,2,48000,10,1920044,unknown
Mpentuase_vs_Bomso (242).wav,wav,WAV,PCM_16,2,48000,10,1920044,unknown
Mpentuase_vs_Bomso (243).wav,wav,WAV,PCM_16,2,48000,10,1920044,unknown
Mpentuase_vs_Bomso (244).wav,wav,WAV,PCM_16,2,48000,10,1920044,unknown
Mpentuase_vs_Bomso (245).wav,wav,WAV,PCM_16,2,48000,10,1920044,unknown
Mpentuase_vs_Bomso (246).wav,wav,WAV,PCM_16,2,48000,10,1920044,unknown
Mpentuase_vs_Bomso (247).wav,wav,WAV,PCM_16,2,48000,10,1920044,unknown
Mpentuase_vs_Bomso (248).wav,wav,WAV,PCM_16,2,48000,10,1920044,unknown
Mpentuase_vs_Bomso (249).wav,wav,WAV,PCM_16,2,48000,10,1920044,unknown
Mpentuase_vs_Bomso (25).wav,wav,WAV,PCM_16,2,48000,10,1920044,unknown
Mpentuase_vs_Bomso (250).wav,wav,WAV,PCM_16,2,48000,10,1920044,unknown
Mpentuase_vs_Bomso (251).wav,wav,WAV,PCM_16,2,48000,10,1920044,unknown
Mpentuase_vs_Bomso (252).wav,wav,WAV,PCM_16,2,48000,10,1920044,unknown
Mpentuase_vs_Bomso (253).wav,wav,WAV,PCM_16,2,48000,10,1920044,unknown
Mpentuase_vs_Bomso (254).wav,wav,WAV,PCM_16,2,48000,10,1920044,unknown
Mpentuase_vs_Bomso (255).wav,wav,WAV,PCM_16,2,48000,10,1920044,unknown
Mpentuase_vs_Bomso (256).wav,wav,WAV,PCM_16,2,48000,10,1920044,unknown
Mpentuase_vs_Bomso (257).wav,wav,WAV,PCM_16,2,48000,10,1920044,unknown
Mpentuase_vs_Bomso (258).wav,wav,WAV,PCM_16,2,48000,10,1920044,unknown
Mpentuase_vs_Bomso (259).wav,wav,WAV,PCM_16,2,48000,10,1920044,unknown
Mpentuase_vs_Bomso (26).wav,wav,WAV,PCM_16,2,48000,10,1920044,unknown
Mpentuase_vs_Bomso (260).wav,wav,WAV,PCM_16,2,48000,10,1920044,unknown
Mpentuase_vs_Bomso (261).wav,wav,WAV,PCM_16,2,48000,10,1920044,unknown
Mpentuase_vs_Bomso (262).wav,wav,WAV,PCM_16,2,48000,10,1920044,unknown
Mpentuase_vs_Bomso (263).wav,wav,WAV,PCM_16,2,48000,10,1920044,unknown
Mpentuase_vs_Bomso (264).wav,wav,WAV,PCM_16,2,48000,10,1920044,unknown
Mpentuase_vs_Bomso (265).wav,wav,WAV,PCM_16,2,48000,10,1920044,unknown
Mpentuase_vs_Bomso (266).wav,wav,WAV,PCM_16,2,48000,10,1920044,unknown
Mpentuase_vs_Bomso (267).wav,wav,WAV,PCM_16,2,48000,10,1920044,unknown
Mpentuase_vs_Bomso (268).wav,wav,WAV,PCM_16,2,48000,10,1920044,unknown
Mpentuase_vs_Bomso (269).wav,wav,WAV,PCM_16,2,48000,10,1920044,unknown
Mpentuase_vs_Bomso (27).wav,wav,WAV,PCM_16,2,48000,10,1920044,unknown
Mpentuase_vs_Bomso (270).wav,wav,WAV,PCM_16,2,48000,10,1920044,unknown
Mpentuase_vs_Bomso (271).wav,wav,WAV,PCM_16,2,48000,10,1920044,unknown
Mpentuase_vs_Bomso (272).wav,wav,WAV,PCM_16,2,48000,10,1920044,unknown
Mpentuase_vs_Bomso (273).wav,wav,WAV,PCM_16,2,48000,10,1920044,unknown
Mpentuase_vs_Bomso (274).wav,wav,WAV,PCM_16,2,48000,10,1920044,unknown
Mpentuase_vs_Bomso (275).wav,wav,WAV,PCM_16,2,48000,10,1920044,unknown
Mpentuase_vs_Bomso (276).wav,wav,WAV,PCM_16,2,48000,10,1920044,unknown
Mpentuase_vs_Bomso (277).wav,wav,WAV,PCM_16,2,48000,10,1920044,unknown
Mpentuase_vs_Bomso (278).wav,wav,WAV,PCM_16,2,48000,10,1920044,unknown
Mpentuase_vs_Bomso (279).wav,wav,WAV,PCM_16,2,48000,10,1920044,unknown
Mpentuase_vs_Bomso (28).wav,wav,WAV,PCM_16,2,48000,10,1920044,unknown
Mpentuase_vs_Bomso (280).wav,wav,WAV,PCM_16,2,48000,10,1920044,unknown
Mpentuase_vs_Bomso (281).wav,wav,WAV,PCM_16,2,48000,10,1920044,unknown
Mpentuase_vs_Bomso (282).wav,wav,WAV,PCM_16,2,48000,10,1920044,unknown
Mpentuase_vs_Bomso (283).wav,wav,WAV,PCM_16,2,48000,10,1920044,unknown
Mpentuase_vs_Bomso (284).wav,wav,WAV,PCM_16,2,48000,10,1920044,unknown
Mpentuase_vs_Bomso (285).wav,wav,WAV,PCM_16,2,48000,10,1920044,unknown
Mpentuase_vs_Bomso (286).wav,wav,WAV,PCM_16,2,48000,10,1920044,unknown
Mpentuase_vs_Bomso (287).wav,wav,WAV,PCM_16,2,48000,10,1920044,unknown
Mpentuase_vs_Bomso (288).wav,wav,WAV,PCM_16,2,48000,10,1920044,unknown
Mpentuase_vs_Bomso (289).wav,wav,WAV,PCM_16,2,48000,10,1920044,unknown
Mpentuase_vs_Bomso (29).wav,wav,WAV,PCM_16,2,48000,10,1920044,unknown
Mpentuase_vs_Bomso (290).wav,wav,WAV,PCM_16,2,48000,10,1920044,unknown
Mpentuase_vs_Bomso (291).wav,wav,WAV,PCM_16,2,48000,10,1920044,unknown
Mpentuase_vs_Bomso (292).wav,wav,WAV,PCM_16,2,48000,10,1920044,unknown
Mpentuase_vs_Bomso (293).wav,wav,WAV,PCM_16,2,48000,10,1920044,unknown
Mpentuase_vs_Bomso (294).wav,wav,WAV,PCM_16,2,48000,10,1920044,unknown
Mpentuase_vs_Bomso (295).wav,wav,WAV,PCM_16,2,48000,10,1920044,unknown
Mpentuase_vs_Bomso (296).wav,wav,WAV,PCM_16,2,48000,10,1920044,unknown
Mpentuase_vs_Bomso (297).wav,wav,WAV,PCM_16,2,48000,10,1920044,unknown
Mpentuase_vs_Bomso (298).wav,wav,WAV,PCM_16,2,48000,10,1920044,unknown
Mpentuase_vs_Bomso (299).wav,wav,WAV,PCM_16,2,48000,10,1920044,unknown
Mpentuase_vs_Bomso (3).wav,wav,WAV,PCM_16,2,48000,10,1920044,unknown
Mpentuase_vs_Bomso (30).wav,wav,WAV,PCM_16,2,48000,10,1920044,unknown
Mpentuase_vs_Bomso (300).wav,wav,WAV,PCM_16,2,48000,10,1920044,unknown
Mpentuase_vs_Bomso (301).wav,wav,WAV,PCM_16,2,48000,10,1920044,unknown
Mpentuase_vs_Bomso (302).wav,wav,WAV,PCM_16,2,48000,10,1920044,unknown
Mpentuase_vs_Bomso (303).wav,wav,WAV,PCM_16,2,48000,10,1920044,unknown
Mpentuase_vs_Bomso (304).wav,wav,WAV,PCM_16,2,48000,10,1920044,unknown
Mpentuase_vs_Bomso (305).wav,wav,WAV,PCM_16,2,48000,10,1920044,unknown
Mpentuase_vs_Bomso (306).wav,wav,WAV,PCM_16,2,48000,10,1920044,unknown
Mpentuase_vs_Bomso (307).wav,wav,WAV,PCM_16,2,48000,10,1920044,unknown
Mpentuase_vs_Bomso (308).wav,wav,WAV,PCM_16,2,48000,10,1920044,unknown
Mpentuase_vs_Bomso (309).wav,wav,WAV,PCM_16,2,48000,10,1920044,unknown
Mpentuase_vs_Bomso (31).wav,wav,WAV,PCM_16,2,48000,10,1920044,unknown
Mpentuase_vs_Bomso (310).wav,wav,WAV,PCM_16,2,48000,10,1920044,unknown
Mpentuase_vs_Bomso (311).wav,wav,WAV,PCM_16,2,48000,10,1920044,unknown
Mpentuase_vs_Bomso (312).wav,wav,WAV,PCM_16,2,48000,10,1920044,unknown
Mpentuase_vs_Bomso (313).wav,wav,WAV,PCM_16,2,48000,10,1920044,unknown
Mpentuase_vs_Bomso (314).wav,wav,WAV,PCM_16,2,48000,10,1920044,unknown
Mpentuase_vs_Bomso (315).wav,wav,WAV,PCM_16,2,48000,10,1920044,unknown
Mpentuase_vs_Bomso (316).wav,wav,WAV,PCM_16,2,48000,10,1920044,unknown
Mpentuase_vs_Bomso (317).wav,wav,WAV,PCM_16,2,48000,10,1920044,unknown
Mpentuase_vs_Bomso (318).wav,wav,WAV,PCM_16,2,48000,10,1920044,unknown
Mpentuase_vs_Bomso (319).wav,wav,WAV,PCM_16,2,48000,10,1920044,unknown
Mpentuase_vs_Bomso (32).wav,wav,WAV,PCM_16,2,48000,10,1920044,unknown
Mpentuase_vs_Bomso (320).wav,wav,WAV,PCM_16,2,48000,10,1920044,unknown
Mpentuase_vs_Bomso (321).wav,wav,WAV,PCM_16,2,48000,10,1920044,unknown
Mpentuase_vs_Bomso (322).wav,wav,WAV,PCM_16,2,48000,10,1920044,unknown
Mpentuase_vs_Bomso (323).wav,wav,WAV,PCM_16,2,48000,10,1920044,unknown
Mpentuase_vs_Bomso (324).wav,wav,WAV,PCM_16,2,48000,10,1920044,unknown
Mpentuase_vs_Bomso (325).wav,wav,WAV,PCM_16,2,48000,10,1920044,unknown
Mpentuase_vs_Bomso (326).wav,wav,WAV,PCM_16,2,48000,10,1920044,unknown
Mpentuase_vs_Bomso (327).wav,wav,WAV,PCM_16,2,48000,10,1920044,unknown
Mpentuase_vs_Bomso (328).wav,wav,WAV,PCM_16,2,48000,10,1920044,unknown
Mpentuase_vs_Bomso (329).wav,wav,WAV,PCM_16,2,48000,10,1920044,unknown
Mpentuase_vs_Bomso (33).wav,wav,WAV,PCM_16,2,48000,10,1920044,unknown
Mpentuase_vs_Bomso (330).wav,wav,WAV,PCM_16,2,48000,10,1920044,unknown
Mpentuase_vs_Bomso (331).wav,wav,WAV,PCM_16,2,48000,10,1920044,unknown
Mpentuase_vs_Bomso (332).wav,wav,WAV,PCM_16,2,48000,10,1920044,unknown
Mpentuase_vs_Bomso (333).wav,wav,WAV,PCM_16,2,48000,10,1920044,unknown
Mpentuase_vs_Bomso (334).wav,wav,WAV,PCM_16,2,48000,10,1920044,unknown
Mpentuase_vs_Bomso (335).wav,wav,WAV,PCM_16,2,48000,10,1920044,unknown
Mpentuase_vs_Bomso (336).wav,wav,WAV,PCM_16,2,48000,10,1920044,unknown
Mpentuase_vs_Bomso (337).wav,wav,WAV,PCM_16,2,48000,10,1920044,unknown
Mpentuase_vs_Bomso (338).wav,wav,WAV,PCM_16,2,48000,10,1920044,unknown
Mpentuase_vs_Bomso (339).wav,wav,WAV,PCM_16,2,48000,10,1920044,unknown
Mpentuase_vs_Bomso (34).wav,wav,WAV,PCM_16,2,48000,10,1920044,unknown
Mpentuase_vs_Bomso (340).wav,wav,WAV,PCM_16,2,48000,10,1920044,unknown
Mpentuase_vs_Bomso (341).wav,wav,WAV,PCM_16,2,48000,10,1920044,unknown
Mpentuase_vs_Bomso (342).wav,wav,WAV,PCM_16,2,48000,10,1920044,unknown
Mpentuase_vs_Bomso (343).wav,wav,WAV,PCM_16,2,48000,10,1920044,unknown
Mpentuase_vs_Bomso (344).wav,wav,WAV,PCM_16,2,48000,10,1920044,unknown
Mpentuase_vs_Bomso (345).wav,wav,WAV,PCM_16,2,48000,10,1920044,unknown
Mpentuase_vs_Bomso (346).wav,wav,WAV,PCM_16,2,48000,10,1920044,unknown
Mpentuase_vs_Bomso (347).wav,wav,WAV,PCM_16,2,48000,10,1920044,unknown
Mpentuase_vs_Bomso (348).wav,wav,WAV,PCM_16,2,48000,10,1920044,unknown
Mpentuase_vs_Bomso (349).wav,wav,WAV,PCM_16,2,48000,10,1920044,unknown
Mpentuase_vs_Bomso (35).wav,wav,WAV,PCM_16,2,48000,10,1920044,unknown
Mpentuase_vs_Bomso (350).wav,wav,WAV,PCM_16,2,48000,10,1920044,unknown
Mpentuase_vs_Bomso (351).wav,wav,WAV,PCM_16,2,48000,10,1920044,unknown
Mpentuase_vs_Bomso (352).wav,wav,WAV,PCM_16,2,48000,10,1920044,unknown
Mpentuase_vs_Bomso (353).wav,wav,WAV,PCM_16,2,48000,10,1920044,unknown
Mpentuase_vs_Bomso (354).wav,wav,WAV,PCM_16,2,48000,10,1920044,unknown
Mpentuase_vs_Bomso (355).wav,wav,WAV,PCM_16,2,48000,10,1920044,unknown
Mpentuase_vs_Bomso (356).wav,wav,WAV,PCM_16,2,48000,10,1920044,unknown
Mpentuase_vs_Bomso (357).wav,wav,WAV,PCM_16,2,48000,10,1920044,unknown
Mpentuase_vs_Bomso (358).wav,wav,WAV,PCM_16,2,48000,10,1920044,unknown
Mpentuase_vs_Bomso (359).wav,wav,WAV,PCM_16,2,48000,10,1920044,unknown
Mpentuase_vs_Bomso (36).wav,wav,WAV,PCM_16,2,48000,10,1920044,unknown
Mpentuase_vs_Bomso (360).wav,wav,WAV,PCM_16,2,48000,10,1920044,unknown
Mpentuase_vs_Bomso (361).wav,wav,WAV,PCM_16,2,48000,10,1920044,unknown
Mpentuase_vs_Bomso (362).wav,wav,WAV,PCM_16,2,48000,10,1920044,unknown
Mpentuase_vs_Bomso (363).wav,wav,WAV,PCM_16,2,48000,10,1920044,unknown
Mpentuase_vs_Bomso (364).wav,wav,WAV,PCM_16,2,48000,10,1920044,unknown
Mpentuase_vs_Bomso (365).wav,wav,WAV,PCM_16,2,48000,10,1920044,unknown
Mpentuase_vs_Bomso (366).wav,wav,WAV,PCM_16,2,48000,10,1920044,unknown
Mpentuase_vs_Bomso (367).wav,wav,WAV,PCM_16,2,48000,10,1920044,unknown
Mpentuase_vs_Bomso (368).wav,wav,WAV,PCM_16,2,48000,10,1920044,unknown
Mpentuase_vs_Bomso (369).wav,wav,WAV,PCM_16,2,48000,10,1920044,unknown
Mpentuase_vs_Bomso (37).wav,wav,WAV,PCM_16,2,48000,10,1920044,unknown
Mpentuase_vs_Bomso (370).wav,wav,WAV,PCM_16,2,48000,10,1920044,unknown
Mpentuase_vs_Bomso (371).wav,wav,WAV,PCM_16,2,48000,10,1920044,unknown
Mpentuase_vs_Bomso (372).wav,wav,WAV,PCM_16,2,48000,10,1920044,unknown
Mpentuase_vs_Bomso (373).wav,wav,WAV,PCM_16,2,48000,10,1920044,unknown
Mpentuase_vs_Bomso (374).wav,wav,WAV,PCM_16,2,48000,10,1920044,unknown
Mpentuase_vs_Bomso (375).wav,wav,WAV,PCM_16,2,48000,10,1920044,unknown
Mpentuase_vs_Bomso (376).wav,wav,WAV,PCM_16,2,48000,10,1920044,unknown
Mpentuase_vs_Bomso (377).wav,wav,WAV,PCM_16,2,48000,10,1920044,unknown
Mpentuase_vs_Bomso (378).wav,wav,WAV,PCM_16,2,48000,10,1920044,unknown
Mpentuase_vs_Bomso (379).wav,wav,WAV,PCM_16,2,48000,10,1920044,unknown
Mpentuase_vs_Bomso (38).wav,wav,WAV,PCM_16,2,48000,10,1920044,unknown
Mpentuase_vs_Bomso (380).wav,wav,WAV,PCM_16,2,48000,10,1920044,unknown
Mpentuase_vs_Bomso (381).wav,wav,WAV,PCM_16,2,48000,10,1920044,unknown
Mpentuase_vs_Bomso (382).wav,wav,WAV,PCM_16,2,48000,10,1920044,unknown
Mpentuase_vs_Bomso (383).wav,wav,WAV,PCM_16,2,48000,10,1920044,unknown
Mpentuase_vs_Bomso (384).wav,wav,WAV,PCM_16,2,48000,10,1920044,unknown
Mpentuase_vs_Bomso (385).wav,wav,WAV,PCM_16,2,48000,10,1920044,unknown
Mpentuase_vs_Bomso (386).wav,wav,WAV,PCM_16,2,48000,10,1920044,unknown
Mpentuase_vs_Bomso (387).wav,wav,WAV,PCM_16,2,48000,10,1920044,unknown
Mpentuase_vs_Bomso (388).wav,wav,WAV,PCM_16,2,48000,10,1920044,unknown
Mpentuase_vs_Bomso (389).wav,wav,WAV,PCM_16,2,48000,10,1920044,unknown
Mpentuase_vs_Bomso (39).wav,wav,WAV,PCM_16,2,48000,10,1920044,unknown
Mpentuase_vs_Bomso (390).wav,wav,WAV,PCM_16,2,48000,10,1920044,unknown
Mpentuase_vs_Bomso (391).wav,wav,WAV,PCM_16,2,48000,10,1920044,unknown
Mpentuase_vs_Bomso (392).wav,wav,WAV,PCM_16,2,48000,10,1920044,unknown
Mpentuase_vs_Bomso (393).wav,wav,WAV,PCM_16,2,48000,10,1920044,unknown
Mpentuase_vs_Bomso (394).wav,wav,WAV,PCM_16,2,48000,10,1920044,unknown
Mpentuase_vs_Bomso (395).wav,wav,WAV,PCM_16,2,48000,10,1920044,unknown
Mpentuase_vs_Bomso (396).wav,wav,WAV,PCM_16,2,48000,10,1920044,unknown
Mpentuase_vs_Bomso (397).wav,wav,WAV,PCM_16,2,48000,10,1920044,unknown
Mpentuase_vs_Bomso (398).wav,wav,WAV,PCM_16,2,48000,10,1920044,unknown
Mpentuase_vs_Bomso (399).wav,wav,WAV,PCM_16,2,48000,10,1920044,unknown
Mpentuase_vs_Bomso (4).wav,wav,WAV,PCM_16,2,48000,10,1920044,unknown
Mpentuase_vs_Bomso (40).wav,wav,WAV,PCM_16,2,48000,10,1920044,unknown
Mpentuase_vs_Bomso (400).wav,wav,WAV,PCM_16,2,48000,10,1920044,unknown
Mpentuase_vs_Bomso (401).wav,wav,WAV,PCM_16,2,48000,10,1920044,unknown
Mpentuase_vs_Bomso (402).wav,wav,WAV,PCM_16,2,48000,10,1920044,unknown
Mpentuase_vs_Bomso (403).wav,wav,WAV,PCM_16,2,48000,10,1920044,unknown
Mpentuase_vs_Bomso (404).wav,wav,WAV,PCM_16,2,48000,10,1920044,unknown
Mpentuase_vs_Bomso (405).wav,wav,WAV,PCM_16,2,48000,10,1920044,unknown
Mpentuase_vs_Bomso (406).wav,wav,WAV,PCM_16,2,48000,10,1920044,unknown
Mpentuase_vs_Bomso (407).wav,wav,WAV,PCM_16,2,48000,10,1920044,unknown
Mpentuase_vs_Bomso (408).wav,wav,WAV,PCM_16,2,48000,10,1920044,unknown
Mpentuase_vs_Bomso (409).wav,wav,WAV,PCM_16,2,48000,10,1920044,unknown
Mpentuase_vs_Bomso (41).wav,wav,WAV,PCM_16,2,48000,10,1920044,unknown
Mpentuase_vs_Bomso (410).wav,wav,WAV,PCM_16,2,48000,10,1920044,unknown
Mpentuase_vs_Bomso (411).wav,wav,WAV,PCM_16,2,48000,10,1920044,unknown
Mpentuase_vs_Bomso (412).wav,wav,WAV,PCM_16,2,48000,10,1920044,unknown
Mpentuase_vs_Bomso (413).wav,wav,WAV,PCM_16,2,48000,10,1920044,unknown
Mpentuase_vs_Bomso (414).wav,wav,WAV,PCM_16,2,48000,10,1920044,unknown
Mpentuase_vs_Bomso (415).wav,wav,WAV,PCM_16,2,48000,10,1920044,unknown
Mpentuase_vs_Bomso (416).wav,wav,WAV,PCM_16,2,48000,10,1920044,unknown
Mpentuase_vs_Bomso (417).wav,wav,WAV,PCM_16,2,48000,10,1920044,unknown
Mpentuase_vs_Bomso (418).wav,wav,WAV,PCM_16,2,48000,10,1920044,unknown
Mpentuase_vs_Bomso (419).wav,wav,WAV,PCM_16,2,48000,10,1920044,unknown
Mpentuase_vs_Bomso (42).wav,wav,WAV,PCM_16,2,48000,10,1920044,unknown
Mpentuase_vs_Bomso (420).wav,wav,WAV,PCM_16,2,48000,10,1920044,unknown
Mpentuase_vs_Bomso (421).wav,wav,WAV,PCM_16,2,48000,10,1920044,unknown
Mpentuase_vs_Bomso (422).wav,wav,WAV,PCM_16,2,48000,10,1920044,unknown
Mpentuase_vs_Bomso (423).wav,wav,WAV,PCM_16,2,48000,10,1920044,unknown
Mpentuase_vs_Bomso (424).wav,wav,WAV,PCM_16,2,48000,10,1920044,unknown
Mpentuase_vs_Bomso (425).wav,wav,WAV,PCM_16,2,48000,10,1920044,unknown
Mpentuase_vs_Bomso (426).wav,wav,WAV,PCM_16,2,48000,10,1920044,unknown
Mpentuase_vs_Bomso (427).wav,wav,WAV,PCM_16,2,48000,10,1920044,unknown
Mpentuase_vs_Bomso (428).wav,wav,WAV,PCM_16,2,48000,10,1920044,unknown
Mpentuase_vs_Bomso (429).wav,wav,WAV,PCM_16,2,48000,10,1920044,unknown
Mpentuase_vs_Bomso (43).wav,wav,WAV,PCM_16,2,48000,10,1920044,unknown
Mpentuase_vs_Bomso (430).wav,wav,WAV,PCM_16,2,48000,10,1920044,unknown
Mpentuase_vs_Bomso (431).wav,wav,WAV,PCM_16,2,48000,10,1920044,unknown
Mpentuase_vs_Bomso (432).wav,wav,WAV,PCM_16,2,48000,10,1920044,unknown
Mpentuase_vs_Bomso (433).wav,wav,WAV,PCM_16,2,48000,10,1920044,unknown
Mpentuase_vs_Bomso (434).wav,wav,WAV,PCM_16,2,48000,10,1920044,unknown
Mpentuase_vs_Bomso (435).wav,wav,WAV,PCM_16,2,48000,10,1920044,unknown
Mpentuase_vs_Bomso (436).wav,wav,WAV,PCM_16,2,48000,10,1920044,unknown
Mpentuase_vs_Bomso (437).wav,wav,WAV,PCM_16,2,48000,10,1920044,unknown
Mpentuase_vs_Bomso (438).wav,wav,WAV,PCM_16,2,48000,10,1920044,unknown
Mpentuase_vs_Bomso (439).wav,wav,WAV,PCM_16,2,48000,10,1920044,unknown
Mpentuase_vs_Bomso (44).wav,wav,WAV,PCM_16,2,48000,10,1920044,unknown
Mpentuase_vs_Bomso (440).wav,wav,WAV,PCM_16,2,48000,10,1920044,unknown
Mpentuase_vs_Bomso (441).wav,wav,WAV,PCM_16,2,48000,10,1920044,unknown
Mpentuase_vs_Bomso (442).wav,wav,WAV,PCM_16,2,48000,10,1920044,unknown
Mpentuase_vs_Bomso (443).wav,wav,WAV,PCM_16,2,48000,10,1920044,unknown
Mpentuase_vs_Bomso (444).wav,wav,WAV,PCM_16,2,48000,10,1920044,unknown
Mpentuase_vs_Bomso (445).wav,wav,WAV,PCM_16,2,48000,10,1920044,unknown
Mpentuase_vs_Bomso (446).wav,wav,WAV,PCM_16,2,48000,10,1920044,unknown
Mpentuase_vs_Bomso (447).wav,wav,WAV,PCM_16,2,48000,10,1920044,unknown
Mpentuase_vs_Bomso (448).wav,wav,WAV,PCM_16,2,48000,10,1920044,unknown
Mpentuase_vs_Bomso (449).wav,wav,WAV,PCM_16,2,48000,10,1920044,unknown
Mpentuase_vs_Bomso (45).wav,wav,WAV,PCM_16,2,48000,10,1920044,unknown
Mpentuase_vs_Bomso (450).wav,wav,WAV,PCM_16,2,48000,10,1920044,unknown
Mpentuase_vs_Bomso (451).wav,wav,WAV,PCM_16,2,48000,10,1920044,unknown
Mpentuase_vs_Bomso (452).wav,wav,WAV,PCM_16,2,48000,10,1920044,unknown
Mpentuase_vs_Bomso (453).wav,wav,WAV,PCM_16,2,48000,10,1920044,unknown
Mpentuase_vs_Bomso (454).wav,wav,WAV,PCM_16,2,48000,10,1920044,unknown
Mpentuase_vs_Bomso (455).wav,wav,WAV,PCM_16,2,48000,10,1920044,unknown
Mpentuase_vs_Bomso (456).wav,wav,WAV,PCM_16,2,48000,10,1920044,unknown
Mpentuase_vs_Bomso (457).wav,wav,WAV,PCM_16,2,48000,10,1920044,unknown
Mpentuase_vs_Bomso (458).wav,wav,WAV,PCM_16,2,48000,10,1920044,unknown
Mpentuase_vs_Bomso (459).wav,wav,WAV,PCM_16,2,48000,10,1920044,unknown
Mpentuase_vs_Bomso (46).wav,wav,WAV,PCM_16,2,48000,10,1920044,unknown
Mpentuase_vs_Bomso (460).wav,wav,WAV,PCM_16,2,48000,10,1920044,unknown
Mpentuase_vs_Bomso (461).wav,wav,WAV,PCM_16,2,48000,10,1920044,unknown
Mpentuase_vs_Bomso (462).wav,wav,WAV,PCM_16,2,48000,10,1920044,unknown
Mpentuase_vs_Bomso (463).wav,wav,WAV,PCM_16,2,48000,10,1920044,unknown
Mpentuase_vs_Bomso (464).wav,wav,WAV,PCM_16,2,48000,10,1920044,unknown
Mpentuase_vs_Bomso (465).wav,wav,WAV,PCM_16,2,48000,10,1920044,unknown
Mpentuase_vs_Bomso (466).wav,wav,WAV,PCM_16,2,48000,10,1920044,unknown
Mpentuase_vs_Bomso (467).wav,wav,WAV,PCM_16,2,48000,10,1920044,unknown
Mpentuase_vs_Bomso (468).wav,wav,WAV,PCM_16,2,48000,10,1920044,unknown
Mpentuase_vs_Bomso (469).wav,wav,WAV,PCM_16,2,48000,10,1920044,unknown
Mpentuase_vs_Bomso (47).wav,wav,WAV,PCM_16,2,48000,10,1920044,unknown
Mpentuase_vs_Bomso (48).wav,wav,WAV,PCM_16,2,48000,10,1920044,unknown
Mpentuase_vs_Bomso (49).wav,wav,WAV,PCM_16,2,48000,10,1920044,unknown
Mpentuase_vs_Bomso (5).wav,wav,WAV,PCM_16,2,48000,10,1920044,unknown
Mpentuase_vs_Bomso (50).wav,wav,WAV,PCM_16,2,48000,10,1920044,unknown
Mpentuase_vs_Bomso (51).wav,wav,WAV,PCM_16,2,48000,10,1920044,unknown
Mpentuase_vs_Bomso (52).wav,wav,WAV,PCM_16,2,48000,10,1920044,unknown
Mpentuase_vs_Bomso (53).wav,wav,WAV,PCM_16,2,48000,10,1920044,unknown
Mpentuase_vs_Bomso (54).wav,wav,WAV,PCM_16,2,48000,10,1920044,unknown
Mpentuase_vs_Bomso (55).wav,wav,WAV,PCM_16,2,48000,10,1920044,unknown
Mpentuase_vs_Bomso (56).wav,wav,WAV,PCM_16,2,48000,10,1920044,unknown
Mpentuase_vs_Bomso (57).wav,wav,WAV,PCM_16,2,48000,10,1920044,unknown
Mpentuase_vs_Bomso (58).wav,wav,WAV,PCM_16,2,48000,10,1920044,unknown
Mpentuase_vs_Bomso (59).wav,wav,WAV,PCM_16,2,48000,10,1920044,unknown
Mpentuase_vs_Bomso (6).wav,wav,WAV,PCM_16,2,48000,10,1920044,unknown
Mpentuase_vs_Bomso (60).wav,wav,WAV,PCM_16,2,48000,10,1920044,unknown
Mpentuase_vs_Bomso (61).wav,wav,WAV,PCM_16,2,48000,10,1920044,unknown
Mpentuase_vs_Bomso (62).wav,wav,WAV,PCM_16,2,48000,10,1920044,unknown
Mpentuase_vs_Bomso (63).wav,wav,WAV,PCM_16,2,48000,10,1920044,unknown
Mpentuase_vs_Bomso (64).wav,wav,WAV,PCM_16,2,48000,10,1920044,unknown
Mpentuase_vs_Bomso (65).wav,wav,WAV,PCM_16,2,48000,10,1920044,unknown
Mpentuase_vs_Bomso (66).wav,wav,WAV,PCM_16,2,48000,10,1920044,unknown
Mpentuase_vs_Bomso (67).wav,wav,WAV,PCM_16,2,48000,10,1920044,unknown
Mpentuase_vs_Bomso (68).wav,wav,WAV,PCM_16,2,48000,10,1920044,unknown
Mpentuase_vs_Bomso (69).wav,wav,WAV,PCM_16,2,48000,9.728,1867820,unknown
Mpentuase_vs_Bomso (7).wav,wav,WAV,PCM_16,2,48000,10,1920044,unknown
Mpentuase_vs_Bomso (70).wav,wav,WAV,PCM_16,2,48000,10,1920044,unknown
Mpentuase_vs_Bomso (71).wav,wav,WAV,PCM_16,2,48000,10,1920044,unknown
Mpentuase_vs_Bomso (72).wav,wav,WAV,PCM_16,2,48000,10,1920044,unknown
Mpentuase_vs_Bomso (73).wav,wav,WAV,PCM_16,2,48000,10,1920044,unknown
Mpentuase_vs_Bomso (74).wav,wav,WAV,PCM_16,2,48000,10,1920044,unknown
Mpentuase_vs_Bomso (75).wav,wav,WAV,PCM_16,2,48000,10,1920044,unknown
Mpentuase_vs_Bomso (76).wav,wav,WAV,PCM_16,2,48000,10,1920044,unknown
Mpentuase_vs_Bomso (77).wav,wav,WAV,PCM_16,2,48000,10,1920044,unknown
Mpentuase_vs_Bomso (78).wav,wav,WAV,PCM_16,2,48000,10,1920044,unknown
Mpentuase_vs_Bomso (79).wav,wav,WAV,PCM_16,2,48000,10,1920044,unknown
Mpentuase_vs_Bomso (8).wav,wav,WAV,PCM_16,2,48000,10,1920044,unknown
Mpentuase_vs_Bomso (80).wav,wav,WAV,PCM_16,2,48000,10,1920044,unknown
Mpentuase_vs_Bomso (81).wav,wav,WAV,PCM_16,2,48000,10,1920044,unknown
Mpentuase_vs_Bomso (82).wav,wav,WAV,PCM_16,2,48000,10,1920044,unknown
Mpentuase_vs_Bomso (83).wav,wav,WAV,PCM_16,2,48000,10,1920044,unknown
Mpentuase_vs_Bomso (84).wav,wav,WAV,PCM_16,2,48000,10,1920044,unknown
Mpentuase_vs_Bomso (85).wav,wav,WAV,PCM_16,2,48000,10,1920044,unknown
Mpentuase_vs_Bomso (86).wav,wav,WAV,PCM_16,2,48000,10,1920044,unknown
Mpentuase_vs_Bomso (87).wav,wav,WAV,PCM_16,2,48000,10,1920044,unknown
Mpentuase_vs_Bomso (88).wav,wav,WAV,PCM_16,2,48000,10,1920044,unknown
Mpentuase_vs_Bomso (89).wav,wav,WAV,PCM_16,2,48000,10,1920044,unknown
Mpentuase_vs_Bomso (9).wav,wav,WAV,PCM_16,2,48000,10,1920044,unknown
Mpentuase_vs_Bomso (90).wav,wav,WAV,PCM_16,2,48000,10,1920044,unknown
Mpentuase_vs_Bomso (91).wav,wav,WAV,PCM_16,2,48000,10,1920044,unknown
Mpentuase_vs_Bomso (92).wav,wav,WAV,PCM_16,2,48000,10,1920044,unknown
Mpentuase_vs_Bomso (93).wav,wav,WAV,PCM_16,2,48000,10,1920044,unknown
Mpentuase_vs_Bomso (94).wav,wav,WAV,PCM_16,2,48000,10,1920044,unknown
Mpentuase_vs_Bomso (95).wav,wav,WAV,PCM_16,2,48000,10,1920044,unknown
Mpentuase_vs_Bomso (96).wav,wav,WAV,PCM_16,2,48000,10,1920044,unknown
Mpentuase_vs_Bomso (97).wav,wav,WAV,PCM_16,2,48000,10,1920044,unknown
Mpentuase_vs_Bomso (98).wav,wav,WAV,PCM_16,2,48000,10,1920044,unknown
Mpentuase_vs_Bomso (99).wav,wav,WAV,PCM_16,2,48000,10,1920044,unknown
